zone_id,ap2006_code,ap2006_type,ap2012_code,hybrid_code,biome_2004,biome_2019,uf,area_ha
1,Ce001,Nova,298.0,none,Cerrado,Cerrado,PR,10020.366019290026
2,Ce001,Nova,298.0,none,Cerrado,Mata Atlântica,PR,1737.2881818849914
3,Ce001,Nova,none,none,Cerrado,Cerrado,PR,692.7839760749873
4,Ce001,Nova,none,none,Cerrado,Mata Atlântica,PR,906.9252780300313
5,Ce002,Nova,298.0,none,Cerrado,Cerrado,PR,52715.52280097992
6,Ce002,Nova,298.0,none,Cerrado,Mata Atlântica,PR,3352.3237512349942
7,Ce002,Nova,none,none,Cerrado,Cerrado,PR,18244.61273373005
8,Ce002,Nova,none,none,Cerrado,Mata Atlântica,PR,8992.630218000013
9,Ce002,Nova,none,none,Mata Atlântica,Cerrado,PR,161.42706753499388
10,Ce002,Nova,none,none,Mata Atlântica,Mata Atlântica,PR,2549.6989428749735
11,Ce003,Nova,298.0,none,Cerrado,Cerrado,PR,2680.0994400750114
12,Ce003,Nova,298.0,none,Mata Atlântica,Cerrado,PR,3.474316084998117
13,Ce003,Nova,none,none,Cerrado,Cerrado,PR,252.63056653499055
14,Ce003,Nova,none,none,Mata Atlântica,Cerrado,PR,16.23319682000144
15,Ce004,Nova,300.0,none,Cerrado,Cerrado,PR,232.88060159499668
16,Ce004,Nova,300.0,none,Cerrado,Mata Atlântica,PR,12716.612224115028
17,Ce004,Nova,300.0,none,Cerrado,Mata Atlântica,SP,79.69841374000097
18,Ce004,Nova,300.0,none,Mata Atlântica,Mata Atlântica,PR,79.2499842399723
19,Ce004,Nova,none,none,Cerrado,Cerrado,PR,18879.518027594946
20,Ce004,Nova,none,none,Cerrado,Cerrado,SP,0.8451801749994795
21,Ce004,Nova,none,none,Cerrado,Mata Atlântica,PR,4790.805713575003
22,Ce004,Nova,none,none,Cerrado,Mata Atlântica,SP,10.116975080001419
23,Ce004,Nova,none,none,Mata Atlântica,Cerrado,PR,2582.9404612000826
24,Ce004,Nova,none,none,Mata Atlântica,Mata Atlântica,PR,1195.4689705349692
25,Ce005,Nova,298.0,none,Cerrado,Cerrado,PR,3819.192194804979
26,Ce005,Nova,none,none,Cerrado,Cerrado,PR,13021.447848470038
27,Ce005,Nova,none,none,Cerrado,Mata Atlântica,PR,59.91900554000287
28,Ce005,Nova,none,none,Mata Atlântica,Cerrado,PR,26.21349678500053
29,Ce006,Nova,298.0,none,Cerrado,Cerrado,PR,1226.3136597399832
30,Ce006,Nova,298.0,none,Cerrado,Mata Atlântica,PR,0.6828567200004514
31,Ce006,Nova,298.0,none,Mata Atlântica,Cerrado,PR,1430.9874519350024
32,Ce006,Nova,298.0,none,Mata Atlântica,Mata Atlântica,PR,356.2764912350094
33,Ce006,Nova,none,none,Cerrado,Cerrado,PR,694.8569610750161
34,Ce006,Nova,none,none,Mata Atlântica,Cerrado,PR,260.59147805000634
35,Ce006,Nova,none,none,Mata Atlântica,Mata Atlântica,PR,423.5500176500047
36,Ce007,Nova,300.0,none,Cerrado,Cerrado,SP,59.44969908999403
37,Ce007,Nova,300.0,none,Cerrado,Mata Atlântica,PR,373.61456169998763
38,Ce007,Nova,300.0,none,Cerrado,Mata Atlântica,SP,6409.409529295009
39,Ce007,Nova,300.0,none,Mata Atlântica,Mata Atlântica,SP,104.13793197999044
40,Ce007,Nova,none,none,Cerrado,Cerrado,PR,1.6730683350008464
41,Ce007,Nova,none,none,Cerrado,Cerrado,SP,11382.963382770058
42,Ce007,Nova,none,none,Cerrado,Mata Atlântica,PR,832.3303436550036
43,Ce007,Nova,none,none,Cerrado,Mata Atlântica,SP,5664.593752579953
44,Ce007,Nova,none,none,Mata Atlântica,Cerrado,SP,581.2895910149867
45,Ce007,Nova,none,none,Mata Atlântica,Mata Atlântica,SP,18019.06661548506
46,Ce007|Ce008,Nova,none,none,Cerrado,Cerrado,SP,121.09363080499416
47,Ce007|Ce008,Nova,none,none,Cerrado,Mata Atlântica,SP,983.0030688750213
48,Ce007|Ce008,Nova,none,none,Mata Atlântica,Cerrado,SP,4.639538160001576
49,Ce007|Ce008,Nova,none,none,Mata Atlântica,Mata Atlântica,SP,213.17636729498767
50,Ce007|Ce009,Nova,none,none,Cerrado,Cerrado,SP,542.5868596049863
51,Ce007|Ce009,Nova,none,none,Cerrado,Mata Atlântica,SP,5911.55804872002
52,Ce007|Ce009,Nova,none,none,Mata Atlântica,Mata Atlântica,SP,2105.3234232599425
53,Ce009,Nova,none,none,Cerrado,Cerrado,SP,3.268332524999575
54,Ce009,Nova,none,none,Cerrado,Mata Atlântica,SP,24.975765264997758
55,Ce011,Nova,none,none,Mata Atlântica,Cerrado,SP,27.4841610699929
56,Ce011,Nova,none,none,Mata Atlântica,Mata Atlântica,SP,807.7676754350101
57,Ce012,Nova,none,none,Cerrado,Cerrado,SP,6136.743691355054
58,Ce012,Nova,none,none,Cerrado,Mata Atlântica,SP,833.0596224150096
59,Ce012|Ce013,Nova,none,none,Cerrado,Cerrado,SP,558.0746824550115
60,Ce013,Nova,none,none,Cerrado,Cerrado,SP,3189.1121343749587
61,Ce013,Nova,none,none,Cerrado,Mata Atlântica,SP,75.65970008499919
62,Ce013,Nova,none,none,Massa Dagua Continental,Cerrado,SP,116.2323355100021
63,Ce014,Nova,none,none,Cerrado,Cerrado,SP,59250.114408819994
64,Ce015,Nova,296.0,none,Cerrado,Cerrado,SP,18784.95069740002
65,Ce015,Nova,296.0,none,Cerrado,Mata Atlântica,SP,11365.45438252503
66,Ce015,Nova,296.0,none,Massa Dagua Continental,Cerrado,SP,242.37581700999263
67,Ce015,Nova,296.0,none,Massa Dagua Continental,Mata Atlântica,SP,1189.7011343599988
68,Ce015,Nova,296.0,none,Mata Atlântica,Mata Atlântica,SP,0.07695892999302434
69,Ce015,Nova,none,none,Cerrado,Cerrado,SP,41300.43000561995
70,Ce015,Nova,none,none,Cerrado,Mata Atlântica,SP,12229.735892370027
71,Ce015,Nova,none,none,Mata Atlântica,Cerrado,SP,0.7267731549876966
72,Ce016,Nova,none,none,Cerrado,Cerrado,SP,2314.3683038950153
73,Ce016,Nova,none,none,Cerrado,Mata Atlântica,SP,3013.0230244200034
74,Ce017,Nova,296.0,none,Cerrado,Cerrado,SP,621.9767241750096
75,Ce017,Nova,296.0,none,Cerrado,Mata Atlântica,SP,3305.375416570012
76,Ce017,Nova,296.0,none,Massa Dagua Continental,Cerrado,SP,185.70806659000115
77,Ce017,Nova,296.0,none,Massa Dagua Continental,Mata Atlântica,SP,241.1677848100286
78,Ce017,Nova,none,none,Cerrado,Mata Atlântica,SP,278.8521131399995
79,Ce018,Nova,none,none,Cerrado,Cerrado,SP,14629.601122525
80,Ce018,Nova,none,none,Cerrado,Mata Atlântica,SP,628.6073678899941
81,Ce019,Nova,none,none,Cerrado,Cerrado,SP,1743.3592475650032
82,Ce020,Nova,291.0,CerraPa_MA002,Cerrado,Cerrado,SP,4.776543804991703
83,Ce020,Nova,291.0,CerraPa_MA002,Cerrado,Mata Atlântica,SP,6.32454548003287
84,Ce020,Nova,291.0,none,Cerrado,Cerrado,SP,17671.072795890082
85,Ce020,Nova,291.0,none,Cerrado,Mata Atlântica,SP,11733.836598899945
86,Ce020,Nova,none,CerraPa_MA002,Cerrado,Cerrado,SP,2377.040538190012
87,Ce020,Nova,none,CerraPa_MA002,Cerrado,Mata Atlântica,SP,9196.724818199931
88,Ce020,Nova,none,CerraPa_MA002,Mata Atlântica,Cerrado,SP,0.09280107500008049
89,Ce020,Nova,none,CerraPa_MA002,Mata Atlântica,Mata Atlântica,SP,1.2245455850412021
90,Ce020,Nova,none,none,Cerrado,Cerrado,SP,2585.9291718450017
91,Ce020,Nova,none,none,Cerrado,Mata Atlântica,SP,963.7969063150249
92,Ce021,Nova,295.0,none,Cerrado,Cerrado,SP,2028.073250709981
93,Ce021,Nova,295.0,none,Cerrado,Mata Atlântica,SP,10518.98240020492
94,Ce021,Nova,296.0,none,Cerrado,Cerrado,SP,1845.385690104967
95,Ce021,Nova,296.0,none,Cerrado,Mata Atlântica,SP,11230.675056455002
96,Ce021,Nova,none,none,Cerrado,Cerrado,SP,19.08173014000042
97,Ce021,Nova,none,none,Cerrado,Mata Atlântica,SP,4301.8997467850195
98,Ce022,Nova,295.0,none,Cerrado,Mata Atlântica,SP,2262.2968182400245
99,Ce022,Nova,none,none,Cerrado,Mata Atlântica,SP,3246.351975184998
100,Ce023,Nova,none,none,Cerrado,Cerrado,SP,1803.092043694963
101,Ce023,Nova,none,none,Cerrado,Mata Atlântica,SP,8892.07767316499
102,Ce023,Nova,none,none,Mata Atlântica,Mata Atlântica,SP,84.78270416999749
103,Ce024,Nova,none,none,Cerrado,Cerrado,SP,9341.916787574963
104,Ce024,Nova,none,none,Mata Atlântica,Cerrado,SP,6337.882392935029
105,Ce024,Nova,none,none,Mata Atlântica,Mata Atlântica,SP,4137.3978164199625
106,Ce025,Nova,none,none,Cerrado,Cerrado,SP,3264.42315059502
107,Ce026,Nova,none,none,Cerrado,Cerrado,SP,23073.864356934984
108,Ce026,Nova,none,none,Cerrado,Mata Atlântica,SP,1326.1984336449846
109,Ce026,Nova,none,none,Mata Atlântica,Cerrado,SP,1878.2441848050169
110,Ce026,Nova,none,none,Mata Atlântica,Mata Atlântica,SP,798.3573366650273
111,Ce027,Nova,none,none,Cerrado,Cerrado,SP,1564.3553950899895
112,Ce027,Nova,none,none,Cerrado,Mata Atlântica,SP,5237.65438853999
113,Ce028,Nova,none,none,Cerrado,Cerrado,SP,18072.1420334051
114,Ce028,Nova,none,none,Cerrado,Mata Atlântica,SP,6164.8108884849935
115,Ce029,Nova,291.0,none,Cerrado,Cerrado,SP,79.17684235499614
116,Ce029,Nova,291.0,none,Cerrado,Mata Atlântica,SP,6546.489092734899
117,Ce029,Nova,none,none,Cerrado,Cerrado,SP,24612.053946199936
118,Ce029,Nova,none,none,Cerrado,Mata Atlântica,SP,22918.2512846251
119,Ce029,Nova,none,none,Mata Atlântica,Mata Atlântica,SP,4175.866243835023
120,Ce029|Ce031,Nova,none,none,Cerrado,Cerrado,SP,1839.882671775035
121,Ce029|Ce031,Nova,none,none,Cerrado,Mata Atlântica,SP,347.100040475003
122,Ce030,Nova,292.0,none,Cerrado,Cerrado,SP,34867.47165970496
123,Ce030,Nova,292.0,none,Cerrado,Mata Atlântica,SP,34190.68303912
124,Ce030,Nova,none,none,Cerrado,Cerrado,SP,11438.73691060499
125,Ce030,Nova,none,none,Cerrado,Mata Atlântica,SP,10667.095601810013
126,Ce030|Ce033,Nova,292.0,none,Cerrado,Cerrado,SP,222.78309942499152
127,Ce030|Ce033,Nova,292.0,none,Cerrado,Mata Atlântica,SP,489.9883705099604
128,Ce031,Nova,none,none,Cerrado,Cerrado,SP,6.1139414250056845
129,Ce032,Nova,279.0,none,Cerrado,Cerrado,SP,782.2322348849896
130,Ce033,Nova,292.0,none,Cerrado,Cerrado,SP,49089.30472864503
131,Ce033,Nova,292.0,none,Cerrado,Mata Atlântica,SP,23399.167937855076
132,Ce033,Nova,292.0,none,Massa Dagua Continental,Mata Atlântica,SP,0.869909849967402
133,Ce033,Nova,292.0,none,Mata Atlântica,Cerrado,SP,0.2571746350346375
134,Ce033,Nova,292.0,none,Mata Atlântica,Mata Atlântica,SP,0.766487209948765
135,Ce033,Nova,none,none,Cerrado,Cerrado,SP,3.5704342299931233
136,Ce033,Nova,none,none,Cerrado,Mata Atlântica,SP,4269.793101279959
137,Ce033,Nova,none,none,Massa Dagua Continental,Mata Atlântica,SP,3993.2563328199335
138,Ce033,Nova,none,none,Mata Atlântica,Cerrado,SP,571.8325087999901
139,Ce033,Nova,none,none,Mata Atlântica,Mata Atlântica,SP,5559.016992860147
140,Ce034,Nova,279.0,CerraPa_MA005,Cerrado,Cerrado,SP,3.382112315019856
141,Ce034,Nova,279.0,CerraPa_MA005,Cerrado,Mata Atlântica,SP,3.0621611550146794
142,Ce034,Nova,279.0,none,Cerrado,Cerrado,SP,62602.9021772299
143,Ce034,Nova,279.0,none,Cerrado,Mata Atlântica,SP,39590.40395685009
144,Ce034,Nova,none,CerraPa_MA005,Cerrado,Cerrado,SP,626.2992111449906
145,Ce034,Nova,none,CerraPa_MA005,Cerrado,Mata Atlântica,SP,1400.2074525599833
146,Ce034,Nova,none,none,Cerrado,Cerrado,SP,65019.434295839834
147,Ce034,Nova,none,none,Cerrado,Mata Atlântica,SP,27921.654823869885
148,Ce034,Nova,none,none,Mata Atlântica,Cerrado,SP,0.00011061499982093456
149,Ce035,Nova,278.0,none,Cerrado,Cerrado,MS,12246.632203450043
150,Ce035,Nova,278.0,none,Cerrado,Mata Atlântica,MS,8076.1970640950885
151,Ce035,Nova,none,none,Cerrado,Cerrado,MS,357296.2677109901
152,Ce035,Nova,none,none,Cerrado,Mata Atlântica,MS,12886.341603830002
153,Ce035,Nova,none,none,Mata Atlântica,Cerrado,MS,11839.01663786993
154,Ce035,Nova,none,none,Mata Atlântica,Mata Atlântica,MS,82431.27239129998
155,Ce035,Nova,none,none,Mata Atlântica,none,MS,1.4589999928631414e-05
156,Ce036,Nova,285.0,none,Cerrado,Cerrado,MS,34346.9578798751
157,Ce036,Nova,285.0,none,Cerrado,Pantanal,MS,15482.603925584906
158,Ce036,Nova,285.0,none,Pantanal,Pantanal,MS,46.35003645999779
159,Ce036,Nova,none,none,Cerrado,Cerrado,MS,8412.004827335017
160,Ce036,Nova,none,none,Cerrado,Pantanal,MS,12074.110149705004
161,Ce037,Nova,none,none,Cerrado,Mata Atlântica,SP,5029.890182069953
162,Ce038,Nova,279.0,CerraPa_MA005,Cerrado,Cerrado,SP,0.8693151599976467
163,Ce038,Nova,279.0,CerraPa_MA005,Cerrado,Mata Atlântica,SP,4.230797500001853
164,Ce038,Nova,279.0,none,Cerrado,Cerrado,SP,31907.65668989989
165,Ce038,Nova,279.0,none,Cerrado,Mata Atlântica,SP,20341.524732000158
166,Ce038,Nova,none,CerraPa_MA005,Cerrado,Cerrado,SP,1842.9778305499735
167,Ce038,Nova,none,CerraPa_MA005,Cerrado,Mata Atlântica,SP,6520.869209420031
168,Ce038,Nova,none,none,Cerrado,Cerrado,SP,10602.717669340089
169,Ce038,Nova,none,none,Cerrado,Mata Atlântica,SP,8586.14766630494
170,Ce039,Nova,279.0,none,Cerrado,Cerrado,SP,1564.999348074994
171,Ce039,Nova,none,none,Cerrado,Cerrado,SP,0.4078659650023838
172,Ce039,Nova,none,none,Mata Atlântica,Cerrado,SP,32.039692340004436
173,Ce040,Nova,279.0,none,Cerrado,Cerrado,SP,2204.5671502000405
174,Ce040,Nova,none,none,Cerrado,Cerrado,SP,0.42769551999848965
175,Ce041,Nova,273.0,none,Cerrado,Cerrado,MS,82567.49636990989
176,Ce041,Nova,276.0,none,Cerrado,Cerrado,MS,11484.464211680028
177,Ce041,Nova,288.0,none,Cerrado,Cerrado,MS,122832.94756827505
178,Ce041,Nova,290.0,none,Cerrado,Cerrado,MS,107301.28471511992
179,Ce041,Nova,290.0,none,none,Cerrado,MS,0.18946725001254008
180,Ce041,Nova,293.0,none,Cerrado,Cerrado,MS,6841.707306905012
181,Ce041,Nova,293.0,none,Cerrado,Cerrado,none,4.277908589997517
182,Ce041,Nova,293.0,none,Cerrado,none,MS,1.444943489999177
183,Ce041,Nova,293.0,none,Cerrado,none,none,182.28652769000243
184,Ce041,Nova,none,none,Cerrado,Cerrado,MS,287363.86179669976
185,Ce041,Nova,none,none,Cerrado,Cerrado,none,2.795095825000838
186,Ce041,Nova,none,none,Cerrado,none,MS,1.0686478850016592
187,Ce041,Nova,none,none,Cerrado,none,none,167.44372240498612
188,Ce042,Nova,275.0,none,Cerrado,Cerrado,MS,86828.60820374997
189,Ce042,Nova,278.0,none,Cerrado,Cerrado,MS,7086.866177219984
190,Ce042,Nova,278.0,none,Cerrado,Mata Atlântica,MS,5363.660430509987
191,Ce042,Nova,278.0,none,Mata Atlântica,Mata Atlântica,MS,0.1318314500028442
192,Ce042,Nova,287.0,none,Cerrado,Cerrado,MS,52788.90699258978
193,Ce042,Nova,287.0,none,Cerrado,Mata Atlântica,MS,392.54652539000733
194,Ce042,Nova,none,none,Cerrado,Cerrado,MS,939223.4178461467
195,Ce042,Nova,none,none,Cerrado,Mata Atlântica,MS,5454.698381700057
196,Ce043,Nova,252.0,none,Cerrado,Cerrado,MS,19809.45424209511
197,Ce043,Nova,260.0,none,Cerrado,Cerrado,MS,10224.467675909964
198,Ce043,Nova,260.0,none,Cerrado,Pantanal,MS,3028.1648249650157
199,Ce043,Nova,261.0,none,Cerrado,Cerrado,MS,234784.88115176515
200,Ce043,Nova,276.0,none,Cerrado,Cerrado,MS,140536.86316370516
201,Ce043,Nova,277.0,none,Cerrado,Cerrado,MS,174829.92100846997
202,Ce043,Nova,277.0,none,Cerrado,Pantanal,MS,52105.58533125006
203,Ce043,Nova,277.0,none,Pantanal,Cerrado,MS,54.54308514498779
204,Ce043,Nova,277.0,none,Pantanal,Pantanal,MS,26.99870202999491
205,Ce043,Nova,283.0,none,Cerrado,Cerrado,MS,206728.88131967525
206,Ce043,Nova,285.0,none,Cerrado,Cerrado,MS,57185.129719379984
207,Ce043,Nova,285.0,none,Cerrado,Pantanal,MS,23050.646921789947
208,Ce043,Nova,289.0,none,Cerrado,Cerrado,MS,77636.57488755498
209,Ce043,Nova,none,none,Cerrado,Cerrado,MS,400365.53532274894
210,Ce043,Nova,none,none,Cerrado,Pantanal,MS,32002.663703845043
211,Ce043,Nova,none,none,Pantanal,Cerrado,MS,161.47480948000174
212,Ce043,Nova,none,none,none,Cerrado,MS,29.540586339994228
213,Ce043|Ce284,Nova|Protegida,none,none,Cerrado,Cerrado,MS,0.0013259050003849551
214,Ce044,Nova,266.0,none,Cerrado,Cerrado,SP,1735.7443603550066
215,Ce044,Nova,266.0,none,Cerrado,Mata Atlântica,SP,48.37870456999608
216,Ce045,Nova,265.0,none,Cerrado,Cerrado,SP,3126.938343640028
217,Ce045,Nova,265.0,none,Cerrado,Mata Atlântica,MG,250.73211494500703
218,Ce045,Nova,265.0,none,Cerrado,Mata Atlântica,SP,3570.480397610011
219,Ce045,Nova,266.0,none,Cerrado,Cerrado,SP,1336.1536544550165
220,Ce045,Nova,266.0,none,Cerrado,Mata Atlântica,SP,1195.6410526249856
221,Ce045,Nova,none,none,Cerrado,Mata Atlântica,MG,1268.8943254650244
222,Ce045,Nova,none,none,Cerrado,Mata Atlântica,SP,22.469506725003967
223,Ce046,Nova,none,none,Cerrado,Cerrado,SP,794.4164196800522
224,Ce046,Nova,none,none,Cerrado,Mata Atlântica,SP,4690.046876964966
225,Ce047,Nova,266.0,none,Cerrado,Cerrado,SP,654.7037122749862
226,Ce047,Nova,266.0,none,Cerrado,Mata Atlântica,SP,3862.5085651500517
227,Ce047,Nova,none,none,Cerrado,Cerrado,SP,9118.384482999918
228,Ce047,Nova,none,none,Cerrado,Mata Atlântica,SP,12311.169521020087
229,Ce048,Nova,265.0,none,Cerrado,Cerrado,MG,1271.7950038799802
230,Ce048,Nova,265.0,none,Cerrado,Cerrado,SP,24478.707887735
231,Ce048,Nova,265.0,none,Cerrado,Mata Atlântica,MG,181.01767901999276
232,Ce048,Nova,265.0,none,Cerrado,Mata Atlântica,SP,11713.020771605028
233,Ce048,Nova,266.0,none,Cerrado,Cerrado,SP,14092.711966879984
234,Ce048,Nova,266.0,none,Cerrado,Mata Atlântica,SP,2577.2204682549955
235,Ce048,Nova,266.0,none,Mata Atlântica,Cerrado,SP,0.7742240200173243
236,Ce048,Nova,none,none,Cerrado,Cerrado,MG,3086.913679365037
237,Ce048,Nova,none,none,Cerrado,Cerrado,SP,11843.128733814938
238,Ce048,Nova,none,none,Cerrado,Mata Atlântica,MG,3992.446578705024
239,Ce048,Nova,none,none,Cerrado,Mata Atlântica,SP,3985.072699870023
240,Ce048,Nova,none,none,Mata Atlântica,Cerrado,SP,705.1593771999912
241,Ce049,Nova,260.0,none,Cerrado,Cerrado,MS,706.9000889849934
242,Ce049,Nova,261.0,none,Cerrado,Cerrado,MS,27499.783251039953
243,Ce049,Nova,276.0,none,Cerrado,Cerrado,MS,28667.480135374986
244,Ce049,Nova,283.0,none,Cerrado,Cerrado,MS,2505.225279204939
245,Ce049,Nova,289.0,none,Cerrado,Cerrado,MS,6221.037007774996
246,Ce049,Nova,none,none,Cerrado,Cerrado,MS,325.8650278699976
247,Ce050,Nova,275.0,none,Cerrado,Cerrado,MS,3705.0309979100407
248,Ce050,Nova,none,none,Cerrado,Cerrado,MS,2732.0085067049713
249,Ce051,Nova,245.0,none,Cerrado,Cerrado,MS,10487.196641384991
250,Ce051,Nova,273.0,none,Cerrado,Cerrado,MS,24422.458347324966
251,Ce051,Nova,none,none,Cerrado,Cerrado,MS,89742.58953523
252,Ce052,Nova,272.0,none,Cerrado,Cerrado,MS,13624.66771955497
253,Ce052,Nova,275.0,none,Cerrado,Cerrado,MS,18.459881249999025
254,Ce052,Nova,none,none,Cerrado,Cerrado,MS,7279.480258224991
255,Ce053,Nova,245.0,none,Cerrado,Cerrado,MS,854.7805163749873
256,Ce053,Nova,250.0,none,Cerrado,Cerrado,MS,2893.5566134999685
257,Ce053,Nova,272.0,none,Cerrado,Cerrado,MS,31763.200628709877
258,Ce053,Nova,278.0,none,Cerrado,Cerrado,MS,16.790814769995915
259,Ce053,Nova,none,none,Cerrado,Cerrado,MS,40891.180472194865
260,Ce054,Nova,235.0,none,Cerrado,Cerrado,MS,50851.50753082001
261,Ce054,Nova,270.0,none,Cerrado,Cerrado,MS,82124.56925745486
262,Ce054,Nova,270.0,none,Cerrado,Mata Atlântica,MS,57.771169335000906
263,Ce054,Nova,none,none,Cerrado,Cerrado,MS,423281.67720337515
264,Ce054,Nova,none,none,Massa Dagua Continental,Cerrado,MS,0.7056147099948721
265,Ce055,Nova,245.0,none,Cerrado,Cerrado,MS,5091.91080687996
266,Ce055,Nova,257.0,none,Cerrado,Cerrado,MS,27964.797359730004
267,Ce055,Nova,257.0,none,Pantanal,Cerrado,MS,0.02646916500303513
268,Ce055,Nova,258.0,none,Cerrado,Cerrado,MS,1861.642868880013
269,Ce055,Nova,none,none,Cerrado,Cerrado,MS,14832.003116534957
270,Ce056,Nova,267.0,none,Cerrado,Cerrado,MG,89198.23128444483
271,Ce056,Nova,267.0,none,Cerrado,Mata Atlântica,MG,4142.5579564249965
272,Ce056,Nova,267.0,none,Mata Atlântica,Mata Atlântica,MG,755.3791815600249
273,Ce056,Nova,none,none,Cerrado,Cerrado,MG,286795.02581882983
274,Ce056,Nova,none,none,Cerrado,Mata Atlântica,MG,1135.0865081350576
275,Ce056,Nova,none,none,Mata Atlântica,Cerrado,MG,2273.135888749974
276,Ce056,Nova,none,none,Mata Atlântica,Mata Atlântica,MG,9248.836513894927
277,Ce057,Nova,245.0,none,Cerrado,Cerrado,MS,34510.76486469494
278,Ce057,Nova,245.0,none,Cerrado,Pantanal,MS,57.18331837500342
279,Ce057,Nova,255.0,none,Cerrado,Cerrado,MS,11684.735816394985
280,Ce057,Nova,255.0,none,Cerrado,Pantanal,MS,123.36498195999418
281,Ce057,Nova,none,none,Cerrado,Cerrado,MS,18156.317855365058
282,Ce057|Ce291,Nova|Protegida,none,none,Cerrado,Cerrado,MS,0.00022213000020687934
283,Ce058,Nova,263.0,none,Cerrado,Cerrado,SP,235.67213801000347
284,Ce058,Nova,263.0,none,Cerrado,Mata Atlântica,SP,731.8422023300003
285,Ce058,Nova,264.0,none,Cerrado,Cerrado,MG,1045.227988459973
286,Ce058,Nova,264.0,none,Cerrado,Cerrado,SP,8409.963118994989
287,Ce058,Nova,264.0,none,Cerrado,Mata Atlântica,SP,4745.982378989957
288,Ce058,Nova,none,none,Cerrado,Cerrado,MG,559.2289333799822
289,Ce058,Nova,none,none,Cerrado,Cerrado,SP,16820.383791505097
290,Ce058,Nova,none,none,Cerrado,Mata Atlântica,MG,110.14908001998931
291,Ce058,Nova,none,none,Cerrado,Mata Atlântica,SP,19591.591245055
292,Ce059,Nova,264.0,none,Cerrado,Cerrado,MG,44105.653909759836
293,Ce059,Nova,264.0,none,Cerrado,Cerrado,SP,16.78661861000329
294,Ce059,Nova,264.0,none,Cerrado,Mata Atlântica,MG,57.510053050000245
295,Ce059,Nova,264.0,none,Massa Dagua Continental,Cerrado,MG,1798.965369184997
296,Ce059,Nova,264.0,none,Massa Dagua Continental,Mata Atlântica,MG,18.050517764994154
297,Ce059,Nova,none,none,Cerrado,Cerrado,MG,21098.61650351502
298,Ce059,Nova,none,none,Cerrado,Cerrado,SP,22.144996614990763
299,Ce059,Nova,none,none,Cerrado,Mata Atlântica,MG,444.483770450015
300,Ce059,Nova,none,none,Massa Dagua Continental,Cerrado,MG,201.76558218500276
301,Ce059,Nova,none,none,Massa Dagua Continental,Mata Atlântica,MG,5.623204410001888
302,Ce060,Nova,239.0,none,Cerrado,Cerrado,MG,54330.28430120511
303,Ce060,Nova,254.0,none,Cerrado,Cerrado,MG,26210.63112370503
304,Ce060,Nova,259.0,none,Cerrado,Cerrado,MG,164548.2694333504
305,Ce060,Nova,264.0,none,Cerrado,Cerrado,MG,932.5519820350015
306,Ce060,Nova,274.0,none,Cerrado,Cerrado,MG,20677.93774867518
307,Ce060,Nova,274.0,none,Massa Dagua Continental,Cerrado,MG,3308.1573563349416
308,Ce060,Nova,none,none,Cerrado,Cerrado,MG,384909.1444948696
309,Ce060,Nova,none,none,Massa Dagua Continental,Cerrado,MG,225.9190355349971
310,Ce061,Nova,none,none,Cerrado,Cerrado,MG,18298.926725355024
311,Ce061,Nova,none,none,Cerrado,Cerrado,SP,16.907926744999656
312,Ce061,Nova,none,none,Cerrado,Mata Atlântica,MG,9600.081309274952
313,Ce061,Nova,none,none,Massa Dagua Continental,Cerrado,MG,2446.438749125058
314,Ce061,Nova,none,none,Massa Dagua Continental,Cerrado,SP,16.450948064997792
315,Ce061,Nova,none,none,Massa Dagua Continental,Mata Atlântica,MG,31.556358629992285
316,Ce061,Nova,none,none,Massa Dagua Continental,Mata Atlântica,SP,3.4084070099983923
317,Ce062,Nova,250.0,none,Cerrado,Cerrado,MS,29146.012939405042
318,Ce062,Nova,none,none,Cerrado,Cerrado,MS,72708.42875558989
319,Ce063,Nova,245.0,none,Cerrado,Pantanal,MS,2871.5294040299473
320,Ce063,Nova,245.0,none,Pantanal,Pantanal,MS,4.321228090076943
321,Ce063,Nova,257.0,none,Cerrado,Cerrado,MS,9916.773409065003
322,Ce063,Nova,257.0,none,Cerrado,Pantanal,MS,12628.992558859987
323,Ce063,Nova,257.0,none,Pantanal,Cerrado,MS,30.727572905002475
324,Ce063,Nova,257.0,none,Pantanal,Pantanal,MS,560.3779161149997
325,Ce063,Nova,none,none,Cerrado,Cerrado,MS,2845.6145032049944
326,Ce063,Nova,none,none,Cerrado,Pantanal,MS,5988.924203049991
327,Ce063,Nova,none,none,Pantanal,Cerrado,MS,0.00966545499737621
328,Ce063,Nova,none,none,Pantanal,Pantanal,MS,2.4371437700041465
329,Ce064,Nova,none,none,Cerrado,Cerrado,MS,57430.914957289955
330,Ce065,Nova,241.0,none,Cerrado,Cerrado,MG,37590.21572283493
331,Ce065,Nova,none,none,Cerrado,Cerrado,MG,7080.365193570016
332,Ce066,Nova,242.0,none,Cerrado,Cerrado,MS,5165.993639359943
333,Ce066,Nova,242.0,none,Pantanal,Cerrado,MS,0.12460189000423125
334,Ce066,Nova,247.0,none,Cerrado,Cerrado,MS,95167.45452211006
335,Ce066,Nova,249.0,none,Cerrado,Cerrado,MS,483.8690683400208
336,Ce066,Nova,249.0,none,Pantanal,Cerrado,MS,0.09909687500030122
337,Ce066,Nova,250.0,none,Cerrado,Cerrado,MS,105793.58303745498
338,Ce066,Nova,255.0,none,Cerrado,Cerrado,MS,103420.11468340998
339,Ce066,Nova,none,none,Cerrado,Cerrado,MS,377757.2337318398
340,Ce066,Nova,none,none,Cerrado,Pantanal,MS,8972.662264900082
341,Ce066,Nova,none,none,Pantanal,Cerrado,MS,1.6867621850302306
342,Ce066,Nova,none,none,Pantanal,Pantanal,MS,0.45747381499755885
343,Ce067,Nova,221.0,none,Cerrado,Cerrado,MG,130245.71979553504
344,Ce067,Nova,239.0,none,Cerrado,Cerrado,MG,16203.379357720038
345,Ce067,Nova,251.0,none,Cerrado,Cerrado,MG,36166.03011757981
346,Ce067,Nova,none,none,Cerrado,Cerrado,MG,143894.4250832747
347,Ce068,Nova,218.0,none,Cerrado,Cerrado,MG,13885.299353149769
348,Ce068,Nova,237.0,none,Cerrado,Cerrado,MG,42002.33750680018
349,Ce068,Nova,237.0,none,Cerrado,Mata Atlântica,MG,27604.989856894947
350,Ce068,Nova,237.0,none,Mata Atlântica,Mata Atlântica,MG,1.082237615057368
351,Ce068,Nova,238.0,none,Cerrado,Cerrado,MG,496050.0425133553
352,Ce068,Nova,238.0,none,Cerrado,Mata Atlântica,MG,34564.81641516998
353,Ce068,Nova,238.0,none,Mata Atlântica,Cerrado,MG,1.6170190099886406
354,Ce068,Nova,238.0,none,Mata Atlântica,Mata Atlântica,MG,1.382357130022255
355,Ce068,Nova,244.0,none,Cerrado,Cerrado,MG,3399.0487612000375
356,Ce068,Nova,253.0,none,Cerrado,Cerrado,MG,140851.1149019551
357,Ce068,Nova,253.0,none,Cerrado,Mata Atlântica,MG,191.90898451000822
358,Ce068,Nova,253.0,none,Mata Atlântica,Cerrado,MG,0.43736025999849665
359,Ce068,Nova,none,none,Cerrado,Cerrado,MG,257469.25858220935
360,Ce068,Nova,none,none,Cerrado,Mata Atlântica,MG,9600.493010005132
361,Ce068,Nova,none,none,Mata Atlântica,Cerrado,MG,0.7026798749839771
362,Ce068,Nova,none,none,Mata Atlântica,Mata Atlântica,MG,2.803782870019513
363,Ce069,Nova,241.0,none,Cerrado,Cerrado,MG,141055.8923098105
364,Ce069,Nova,none,none,Cerrado,Cerrado,MG,103429.4382197497
365,Ce070,Nova,231.0,none,Cerrado,Cerrado,GO,16.617092939996517
366,Ce070,Nova,231.0,none,Cerrado,Cerrado,MS,17817.234886000002
367,Ce070,Nova,none,none,Cerrado,Cerrado,MS,150383.7249450902
368,Ce070|Ce073,Nova,231.0,none,Cerrado,Cerrado,MS,5.153290160000749
369,Ce070|Ce073,Nova,none,none,Cerrado,Cerrado,MS,0.9734549500026216
370,Ce071,Nova,241.0,none,Cerrado,Cerrado,MG,33084.19572566003
371,Ce071,Nova,none,none,Cerrado,Cerrado,MG,71122.52878623993
372,Ce071,Nova,none,none,Mata Atlântica,Cerrado,MG,467.6014132799862
373,Ce072,Nova,231.0,none,Cerrado,Cerrado,MS,220.30403945998847
374,Ce072,Nova,235.0,none,Cerrado,Cerrado,MS,184257.82719143
375,Ce072,Nova,none,none,Cerrado,Cerrado,MS,106671.95502949499
376,Ce073,Nova,231.0,none,Cerrado,Cerrado,GO,15372.139503625023
377,Ce073,Nova,231.0,none,Cerrado,Cerrado,MS,4486.111229785046
378,Ce073,Nova,none,none,Cerrado,Cerrado,GO,12718.604189715013
379,Ce073,Nova,none,none,Cerrado,Cerrado,MS,335.95524325000525
380,Ce073|Ce076,Nova,none,none,Cerrado,Cerrado,GO,29.269637640001317
381,Ce074,Nova,227.0,none,Cerrado,Cerrado,GO,35299.17117946507
382,Ce074,Nova,227.0,none,Cerrado,Mata Atlântica,GO,3.3837737200050557
383,Ce074,Nova,none,none,Cerrado,Cerrado,GO,148186.16709069986
384,Ce074,Nova,none,none,Cerrado,Mata Atlântica,GO,32.3664565249971
385,Ce074,Nova,none,none,Mata Atlântica,Cerrado,GO,65449.81369935521
386,Ce074,Nova,none,none,Mata Atlântica,Mata Atlântica,GO,37899.6355234
387,Ce075,Nova,236.0,none,Cerrado,Cerrado,MG,107662.14437504022
388,Ce075,Nova,none,none,Cerrado,Cerrado,MG,97786.20567760013
389,Ce075,Nova,none,none,Massa Dagua Continental,Cerrado,MG,2201.0308041350168
390,Ce076,Nova,217.0,none,Cerrado,Cerrado,GO,407.43303749500336
391,Ce076,Nova,227.0,none,Cerrado,Cerrado,GO,85524.00542876517
392,Ce076,Nova,none,none,Cerrado,Cerrado,GO,49013.26587667485
393,Ce077,Nova,218.0,none,Cerrado,Cerrado,MG,253794.85341048465
394,Ce077,Nova,218.0,none,Mata Atlântica,Cerrado,MG,1.447707504997611
395,Ce077,Nova,237.0,none,Cerrado,Cerrado,MG,169754.3710053052
396,Ce077,Nova,237.0,none,Cerrado,Mata Atlântica,MG,7044.695556895031
397,Ce077,Nova,237.0,none,Mata Atlântica,Cerrado,MG,0.5014764699769386
398,Ce077,Nova,237.0,none,Mata Atlântica,Mata Atlântica,MG,0.6481961349906349
399,Ce077,Nova,238.0,none,Cerrado,Cerrado,MG,1881.522186810017
400,Ce077,Nova,none,none,Cerrado,Cerrado,MG,10436.66140093021
401,Ce077,Nova,none,none,Cerrado,Mata Atlântica,MG,307.0255750700816
402,Ce077,Nova,none,none,Mata Atlântica,Cerrado,MG,25440.822620979907
403,Ce077,Nova,none,none,Mata Atlântica,Mata Atlântica,MG,25791.834800194894
404,Ce077|Ce086,Nova,218.0,none,Cerrado,Cerrado,MG,0.05831235500024631
405,Ce078,Nova,216.0,none,Cerrado,Cerrado,MS,93.02401318500532
406,Ce078,Nova,216.0,none,Cerrado,Pantanal,MS,48.84187420500416
407,Ce078,Nova,229.0,none,Cerrado,Cerrado,MS,31378.272763760007
408,Ce078,Nova,229.0,none,Cerrado,Pantanal,MS,20790.55084257506
409,Ce078,Nova,229.0,none,Pantanal,Pantanal,MS,9.210914669964342
410,Ce078,Nova,242.0,none,Cerrado,Cerrado,MS,16123.557378394997
411,Ce078,Nova,none,none,Cerrado,Cerrado,MS,43886.00127161996
412,Ce078,Nova,none,none,Cerrado,Pantanal,MS,19821.15740502996
413,Ce078,Nova,none,none,Pantanal,Pantanal,MS,0.13679502999852922
414,Ce079,Nova,216.0,none,Cerrado,Cerrado,MS,68890.92698277999
415,Ce079,Nova,216.0,none,Cerrado,Cerrado,MT,1240.7973197199883
416,Ce079,Nova,216.0,none,Cerrado,Pantanal,MS,58984.75665842
417,Ce079,Nova,216.0,none,Cerrado,Pantanal,MT,281.34357412499514
418,Ce079,Nova,216.0,none,Pantanal,Pantanal,MS,2.3315061699930233
419,Ce079,Nova,220.0,none,Cerrado,Cerrado,MS,316247.24169674946
420,Ce079,Nova,220.0,none,Cerrado,Cerrado,MT,104968.717463835
421,Ce079,Nova,229.0,none,Cerrado,Cerrado,MS,18831.924981014985
422,Ce079,Nova,233.0,none,Cerrado,Cerrado,MS,173797.84176257506
423,Ce079,Nova,235.0,none,Cerrado,Cerrado,MS,1046.309885109998
424,Ce079,Nova,240.0,none,Cerrado,Cerrado,MS,230665.08846702438
425,Ce079,Nova,242.0,none,Cerrado,Cerrado,MS,44964.0955756301
426,Ce079,Nova,none,none,Cerrado,Cerrado,MS,1432237.0498499004
427,Ce079,Nova,none,none,Cerrado,Cerrado,MT,235.89510893000178
428,Ce079,Nova,none,none,Cerrado,Pantanal,MS,1225.0395251849868
429,Ce080,Nova,221.0,none,Cerrado,Cerrado,MG,284708.62695973035
430,Ce080,Nova,221.0,none,Massa Dagua Continental,Cerrado,MG,18870.65127247516
431,Ce080,Nova,none,none,Cerrado,Cerrado,MG,135721.03780138993
432,Ce081,Nova,223.0,none,Cerrado,Cerrado,GO,9106.940047430013
433,Ce081,Nova,223.0,none,Cerrado,Cerrado,MG,147629.13601389455
434,Ce081,Nova,none,none,Cerrado,Cerrado,GO,3504.99556739001
435,Ce081,Nova,none,none,Cerrado,Cerrado,MG,100023.69667104997
436,Ce082,Nova,none,none,Cerrado,Cerrado,GO,138794.16164580535
437,Ce082,Nova,none,none,Cerrado,Mata Atlântica,GO,24492.7517625951
438,Ce082,Nova,none,none,Mata Atlântica,Cerrado,GO,17041.782497704826
439,Ce082,Nova,none,none,Mata Atlântica,Mata Atlântica,GO,8334.018694520042
440,Ce083,Nova,211.0,none,Cerrado,Cerrado,MG,60925.12909387011
441,Ce083,Nova,221.0,none,Cerrado,Cerrado,MG,891.9130927449863
442,Ce083,Nova,232.0,none,Cerrado,Cerrado,MG,24447.90986909492
443,Ce083,Nova,none,none,Cerrado,Cerrado,MG,18743.829895569932
444,Ce084,Nova,221.0,none,Cerrado,Cerrado,MG,1715.6355141599747
445,Ce084,Nova,222.0,none,Cerrado,Cerrado,MG,33363.89626842506
446,Ce084,Nova,228.0,none,Cerrado,Cerrado,MG,18370.692334220003
447,Ce084,Nova,230.0,none,Cerrado,Cerrado,MG,175492.77508541488
448,Ce084,Nova,none,none,Cerrado,Cerrado,MG,293004.8002486299
449,Ce085,Nova,none,none,Cerrado,Cerrado,GO,174176.06390153477
450,Ce085,Nova,none,none,Cerrado,Mata Atlântica,GO,1623.6329099549648
451,Ce085,Nova,none,none,Mata Atlântica,Cerrado,GO,0.00034595999999480323
452,Ce086,Nova,218.0,none,Cerrado,Cerrado,MG,97994.82147725995
453,Ce086,Nova,none,none,Cerrado,Cerrado,MG,197571.38580913533
454,Ce086,Nova,none,none,Cerrado,Mata Atlântica,MG,495.0694104149715
455,Ce086,Nova,none,none,Mata Atlântica,Cerrado,MG,755.3891556649814
456,Ce086,Nova,none,none,Mata Atlântica,Mata Atlântica,MG,147.6648556699881
457,Ce087,Nova,214.0,none,Cerrado,Cerrado,GO,55240.70794100001
458,Ce087,Nova,none,none,Cerrado,Cerrado,GO,63423.99512074012
459,Ce087,Nova,none,none,Massa Dagua Continental,Cerrado,GO,0.20155878000113706
460,Ce088,Nova,212.0,none,Cerrado,Cerrado,GO,45624.27307592494
461,Ce088,Nova,223.0,none,Cerrado,Cerrado,GO,30927.02276943493
462,Ce088,Nova,223.0,none,Cerrado,Cerrado,MG,1746.103922094965
463,Ce088,Nova,none,none,Cerrado,Cerrado,GO,11719.53734551485
464,Ce088,Nova,none,none,Cerrado,Cerrado,MG,508.0547028300287
465,Ce089,Nova,210.0,none,Cerrado,Cerrado,MG,6979.308185894975
466,Ce089,Nova,211.0,none,Cerrado,Cerrado,MG,26273.222245859888
467,Ce089,Nova,219.0,none,Cerrado,Cerrado,MG,179593.59530628493
468,Ce089,Nova,none,none,Cerrado,Cerrado,MG,23982.13302275025
469,Ce090,Nova,217.0,none,Cerrado,Cerrado,GO,325868.0268724548
470,Ce090,Nova,227.0,none,Cerrado,Cerrado,GO,32879.62455101504
471,Ce090,Nova,231.0,none,Cerrado,Cerrado,GO,17970.516692724956
472,Ce090,Nova,231.0,none,Cerrado,Cerrado,MS,20095.786618909977
473,Ce090,Nova,235.0,none,Cerrado,Cerrado,MS,160.51839542000207
474,Ce090,Nova,none,none,Cerrado,Cerrado,GO,10679.666553584913
475,Ce091,Nova,218.0,none,Cerrado,Cerrado,MG,9444.350980824976
476,Ce091,Nova,none,none,Cerrado,Cerrado,MG,20370.80340133994
477,Ce092,Nova,200.0,none,Cerrado,Cerrado,GO,208.96809396499518
478,Ce092,Nova,213.0,none,Cerrado,Cerrado,GO,178354.59603245018
479,Ce092,Nova,none,none,Cerrado,Cerrado,GO,121115.1295632001
480,Ce093,Nova,203.0,none,Cerrado,Cerrado,GO,92901.24831869498
481,Ce093,Nova,203.0,none,Massa Dagua Continental,Cerrado,GO,0.03410227999557877
482,Ce093,Nova,207.0,none,Cerrado,Cerrado,GO,62315.62614322505
483,Ce093,Nova,none,none,Cerrado,Cerrado,GO,38322.003967475066
484,Ce093,Nova,none,none,Massa Dagua Continental,Cerrado,GO,0.0008715249997725707
485,Ce094,Nova,none,none,Cerrado,Cerrado,MG,668763.1958540955
486,Ce094,Nova,none,none,Cerrado,Mata Atlântica,MG,27841.299587220026
487,Ce094,Nova,none,none,Mata Atlântica,Cerrado,MG,44498.70618375479
488,Ce094,Nova,none,none,Mata Atlântica,Mata Atlântica,MG,256452.80327324505
489,Ce094|Ce109,Nova,none,none,Cerrado,Cerrado,MG,0.0030759999312460424
490,Ce095,Nova,203.0,none,Cerrado,Cerrado,GO,77105.107671555
491,Ce095,Nova,212.0,none,Cerrado,Cerrado,GO,111496.58726808484
492,Ce095,Nova,212.0,none,Cerrado,Cerrado,MG,4759.2627202799795
493,Ce095,Nova,214.0,none,Cerrado,Cerrado,GO,178262.3756247902
494,Ce095,Nova,223.0,none,Cerrado,Cerrado,GO,0.6815244349970256
495,Ce095,Nova,none,none,Cerrado,Cerrado,GO,58605.10767967496
496,Ce095,Nova,none,none,Cerrado,Cerrado,MG,10592.699015610093
497,Ce096,Nova,204.0,none,Cerrado,Cerrado,GO,111583.82787811488
498,Ce096,Nova,none,none,Cerrado,Cerrado,GO,114590.49881513996
499,Ce097,Nova,199.0,none,Cerrado,Cerrado,GO,149174.30513106452
500,Ce097,Nova,199.0,none,Cerrado,Cerrado,MT,73977.07688045023
501,Ce097,Nova,217.0,none,Cerrado,Cerrado,GO,7434.838848344996
502,Ce097,Nova,none,none,Cerrado,Cerrado,GO,121911.68648801012
503,Ce097,Nova,none,none,Cerrado,Cerrado,MT,24592.06496032997
504,Ce098,Nova,211.0,none,Cerrado,Cerrado,MG,38051.917797565045
505,Ce098,Nova,221.0,none,Cerrado,Cerrado,MG,12947.415956445104
506,Ce098,Nova,none,none,Cerrado,Cerrado,MG,79550.90601442495
507,Ce099,Nova,156.0,none,Cerrado,Cerrado,MT,6946.045334800021
508,Ce099,Nova,192.0,none,Cerrado,Cerrado,MT,34325.210212959995
509,Ce099,Nova,199.0,none,Cerrado,Cerrado,GO,704.8059825900067
510,Ce099,Nova,199.0,none,Cerrado,Cerrado,MT,54227.49967799993
511,Ce099,Nova,206.0,none,Cerrado,Cerrado,MT,69598.9142004849
512,Ce099,Nova,220.0,none,Cerrado,Cerrado,MS,2999.4384541150266
513,Ce099,Nova,220.0,none,Cerrado,Cerrado,MT,76904.28073235006
514,Ce099,Nova,none,none,Cerrado,Cerrado,MS,51489.37666818486
515,Ce099,Nova,none,none,Cerrado,Cerrado,MT,347156.16022903443
516,Ce100,Nova,198.0,none,Cerrado,Cerrado,GO,126536.71881080962
517,Ce100,Nova,none,none,Cerrado,Cerrado,GO,47463.1409818301
518,Ce101,Nova,190.0,none,Cerrado,Cerrado,GO,167090.64038016507
519,Ce101,Nova,199.0,none,Cerrado,Cerrado,GO,9743.651964379997
520,Ce101,Nova,199.0,none,Cerrado,Cerrado,MT,9928.181667634983
521,Ce101,Nova,none,none,Cerrado,Cerrado,GO,82487.61969935999
522,Ce101,Nova,none,none,Cerrado,Cerrado,MT,55732.70542228998
523,Ce102,Nova,177.0,none,Cerrado,Cerrado,GO,1252.8519880049887
524,Ce102,Nova,190.0,none,Cerrado,Cerrado,GO,108701.04054552504
525,Ce102,Nova,200.0,none,Cerrado,Cerrado,GO,321863.8540510251
526,Ce102,Nova,none,none,Cerrado,Cerrado,GO,19041.596757589956
527,Ce103,Nova,189.0,none,Cerrado,Cerrado,MT,2029.4462115100089
528,Ce103,Nova,189.0,none,Cerrado,Pantanal,MT,0.004976145008031745
529,Ce103,Nova,195.0,none,Cerrado,Cerrado,MT,2988.179181979978
530,Ce103,Nova,195.0,none,Cerrado,Pantanal,MT,1060.7180609149973
531,Ce103,Nova,205.0,none,Cerrado,Cerrado,MT,26955.522617180068
532,Ce103,Nova,205.0,none,Cerrado,Pantanal,MT,6198.800580914942
533,Ce103,Nova,205.0,none,Pantanal,Cerrado,MT,3.286986879997891
534,Ce103,Nova,205.0,none,Pantanal,Pantanal,MT,3.6957167150087886
535,Ce103,Nova,none,none,Cerrado,Cerrado,MT,38452.20291529502
536,Ce103,Nova,none,none,Cerrado,Pantanal,MT,63283.938268154954
537,Ce103,Nova,none,none,Pantanal,Cerrado,MT,0.3885455049995815
538,Ce103,Nova,none,none,Pantanal,Pantanal,MT,5.173962530093551
539,Ce104,Nova,178.0,none,Cerrado,Caatinga,MG,26998.534891715186
540,Ce104,Nova,178.0,none,Cerrado,Cerrado,MG,36040.87744817508
541,Ce104,Nova,181.0,none,Cerrado,Cerrado,MG,1561.8249358300354
542,Ce104,Nova,187.0,none,Cerrado,Caatinga,MG,412.593199665026
543,Ce104,Nova,187.0,none,Cerrado,Cerrado,MG,64822.477726835
544,Ce104,Nova,none,none,Cerrado,Caatinga,MG,26436.034286279977
545,Ce104,Nova,none,none,Cerrado,Cerrado,MG,772955.9100362798
546,Ce104|Ce316,Nova|Protegida,none,none,Cerrado,Cerrado,MG,0.00020763500019311323
547,Ce105,Nova,188.0,none,Cerrado,Cerrado,MG,84340.2546770248
548,Ce105,Nova,208.0,none,Cerrado,Cerrado,MG,20.39475858999773
549,Ce105,Nova,209.0,none,Cerrado,Cerrado,MG,2228.6654714000156
550,Ce105,Nova,none,none,Cerrado,Cerrado,MG,35512.27801618504
551,Ce106,Nova,118.0,none,Cerrado,Caatinga,BA,9449.481356725057
552,Ce106,Nova,118.0,none,Cerrado,Caatinga,MG,8524.270781164969
553,Ce106,Nova,125.0,none,Cerrado,Caatinga,BA,61.74132193999776
554,Ce106,Nova,130.0,none,Cerrado,Caatinga,BA,586.6073317749867
555,Ce106,Nova,130.0,none,Cerrado,Caatinga,MG,1602.513037510012
556,Ce106,Nova,130.0,none,Cerrado,Cerrado,BA,5907.238221755031
557,Ce106,Nova,130.0,none,Cerrado,Cerrado,MG,5634.821870230014
558,Ce106,Nova,147.0,none,Cerrado,Caatinga,MG,14827.717516370014
559,Ce106,Nova,147.0,none,Cerrado,Cerrado,MG,18888.869330895068
560,Ce106,Nova,170.0,none,Cerrado,Caatinga,MG,5813.101887940017
561,Ce106,Nova,173.0,none,Cerrado,Caatinga,MG,4176.485362579919
562,Ce106,Nova,173.0,none,Cerrado,Cerrado,MG,50850.64685348987
563,Ce106,Nova,186.0,none,Cerrado,Cerrado,MG,1029.743080615007
564,Ce106,Nova,188.0,none,Cerrado,Cerrado,MG,525.2961746049797
565,Ce106,Nova,208.0,none,Cerrado,Cerrado,MG,107.57655141000461
566,Ce106,Nova,210.0,none,Cerrado,Cerrado,MG,848.5872782849966
567,Ce106,Nova,211.0,none,Cerrado,Cerrado,MG,82147.87050036974
568,Ce106,Nova,215.0,none,Cerrado,Cerrado,MG,285.0847846850081
569,Ce106,Nova,219.0,none,Cerrado,Cerrado,MG,428.77325982998696
570,Ce106,Nova,221.0,none,Cerrado,Cerrado,MG,136435.63190441133
571,Ce106,Nova,238.0,none,Cerrado,Cerrado,MG,12148.993748464936
572,Ce106,Nova,none,none,Caatinga,Caatinga,BA,10.873330020005058
573,Ce106,Nova,none,none,Caatinga,Caatinga,MG,41731.34966153984
574,Ce106,Nova,none,none,Cerrado,Caatinga,BA,22322.352696199967
575,Ce106,Nova,none,none,Cerrado,Caatinga,MG,49541.47165361516
576,Ce106,Nova,none,none,Cerrado,Cerrado,BA,522.0905578650369
577,Ce106,Nova,none,none,Cerrado,Cerrado,MG,167938.21489870586
578,Ce106,Nova,none,none,Massa Dagua Continental,Caatinga,BA,2877.062957920079
579,Ce106,Nova,none,none,Massa Dagua Continental,Caatinga,MG,4289.9338151050415
580,Ce106|Ce133,Nova,170.0,none,Cerrado,Caatinga,MG,0.00022101500020585023
581,Ce107,Nova,199.0,none,Cerrado,Cerrado,GO,737.0352124749821
582,Ce107,Nova,199.0,none,Cerrado,Cerrado,MT,8694.841372455005
583,Ce107,Nova,none,none,Cerrado,Cerrado,GO,16.711513680000554
584,Ce107,Nova,none,none,Cerrado,Cerrado,MT,33021.663764389945
585,Ce108,Nova,159.0,none,Cerrado,Cerrado,DF,7055.705433784912
586,Ce108,Nova,159.0,none,Cerrado,Cerrado,GO,111515.70123887506
587,Ce108,Nova,176.0,none,Cerrado,Cerrado,GO,53862.58483565016
588,Ce108,Nova,197.0,none,Cerrado,Cerrado,GO,78618.40335509997
589,Ce108,Nova,203.0,none,Cerrado,Cerrado,GO,38878.72384263491
590,Ce108,Nova,none,none,Cerrado,Cerrado,GO,231230.91488369514
591,Ce108,Nova,none,none,Cerrado,Cerrado,MG,387.93888959501385
592,Ce109,Nova,none,none,Cerrado,Cerrado,MG,137816.432202045
593,Ce109,Nova,none,none,Cerrado,Mata Atlântica,MG,14954.04117876501
594,Ce109,Nova,none,none,Mata Atlântica,Cerrado,MG,1.1515324500256343
595,Ce109,Nova,none,none,Mata Atlântica,Mata Atlântica,MG,1.4088452549716255
596,Ce109,Nova,none,none,none,Mata Atlântica,MG,5.500000033527614e-08
597,Ce110,Nova,189.0,none,Cerrado,Cerrado,MT,1.4351636449919838
598,Ce110,Nova,189.0,none,Cerrado,Pantanal,MT,0.35909517999250795
599,Ce110,Nova,195.0,none,Cerrado,Cerrado,MT,0.41242041000001783
600,Ce110,Nova,195.0,none,Cerrado,Pantanal,MT,0.01634403499963046
601,Ce110,Nova,none,none,Cerrado,Cerrado,MT,2864.5576151650125
602,Ce110,Nova,none,none,Cerrado,Pantanal,MT,2263.4731730899975
603,Ce110,Nova,none,none,Pantanal,Cerrado,MT,0.17037479998758062
604,Ce111,Nova,156.0,none,Cerrado,Cerrado,MT,37897.61291844515
605,Ce111,Nova,none,none,Cerrado,Cerrado,MT,418351.5665713803
606,Ce112,Nova,156.0,none,Cerrado,Cerrado,MT,1744.0609833900805
607,Ce112,Nova,157.0,none,Cerrado,Cerrado,MT,8906.172465789976
608,Ce112,Nova,157.0,none,Cerrado,Pantanal,MT,18.230907785002554
609,Ce112,Nova,189.0,none,Cerrado,Cerrado,MT,24738.736227430127
610,Ce112,Nova,189.0,none,Cerrado,Pantanal,MT,6878.100195965032
611,Ce112,Nova,189.0,none,Pantanal,Cerrado,MT,0.26415207499443205
612,Ce112,Nova,none,none,Cerrado,Cerrado,MT,11600.744909879888
613,Ce112,Nova,none,none,Cerrado,Pantanal,MT,14.70337548999872
614,Ce113,Nova,164.0,none,Cerrado,Cerrado,MG,7.734687899994059
615,Ce113,Nova,174.0,none,Cerrado,Cerrado,MG,119.97351603999365
616,Ce113,Nova,184.0,none,Cerrado,Cerrado,MG,83846.28024058515
617,Ce113,Nova,194.0,none,Cerrado,Cerrado,MG,2163.7934974100363
618,Ce113,Nova,196.0,none,Cerrado,Cerrado,MG,55617.2320529199
619,Ce113,Nova,201.0,none,Cerrado,Cerrado,MG,23515.09916584001
620,Ce113,Nova,none,none,Cerrado,Cerrado,MG,237436.01527091526
621,Ce113|Ce129,Nova,none,none,Cerrado,Cerrado,MG,15.199155795008403
622,Ce114,Nova,166.0,none,Cerrado,Cerrado,GO,18095.060202415043
623,Ce114,Nova,none,none,Cerrado,Cerrado,GO,23967.22403253498
624,Ce115,Nova,156.0,none,Cerrado,Cerrado,MT,250832.0708901701
625,Ce115,Nova,192.0,none,Cerrado,Cerrado,MT,318.9265595649843
626,Ce115,Nova,none,none,Cerrado,Cerrado,MT,293307.07472418965
627,Ce116,Nova,165.0,none,Cerrado,Cerrado,GO,80983.34486073985
628,Ce116,Nova,165.0,none,Cerrado,Cerrado,MT,12515.973914644926
629,Ce116,Nova,179.0,none,Cerrado,Cerrado,GO,86052.52572547509
630,Ce116,Nova,190.0,none,Cerrado,Cerrado,GO,29650.922792259873
631,Ce116,Nova,none,none,Cerrado,Cerrado,GO,122807.81135988481
632,Ce116,Nova,none,none,Cerrado,Cerrado,MT,14916.181250924925
633,Ce116|Ce141,Nova,165.0,none,Cerrado,Cerrado,GO,530.6742524052635
634,Ce116|Ce141,Nova,165.0,none,Cerrado,Cerrado,MT,98.6656166600234
635,Ce117,Nova,159.0,none,Cerrado,Cerrado,DF,3559.2412758199616
636,Ce117,Nova,159.0,none,Cerrado,Cerrado,GO,39888.26240618492
637,Ce117,Nova,176.0,none,Cerrado,Cerrado,DF,6630.5727891050055
638,Ce117,Nova,176.0,none,Cerrado,Cerrado,GO,83612.24731107526
639,Ce117,Nova,none,none,Cerrado,Cerrado,GO,18215.646498054855
640,Ce118,Nova,147.0,none,Cerrado,Cerrado,MG,1682.4356545400028
641,Ce118,Nova,173.0,none,Cerrado,Cerrado,MG,80913.48277048512
642,Ce118,Nova,188.0,none,Cerrado,Cerrado,MG,2714.6382850400496
643,Ce118,Nova,none,none,Cerrado,Cerrado,MG,40847.217935360015
644,Ce119,Nova,none,none,Cerrado,Cerrado,MG,4886.8384037849255
645,Ce119,Nova,none,none,Mata Atlântica,Cerrado,MG,10.024845914995382
646,Ce120,Nova,159.0,none,Cerrado,Cerrado,DF,12912.941766925009
647,Ce120,Nova,159.0,none,Cerrado,Cerrado,GO,5.712870570001451
648,Ce120,Nova,none,none,Cerrado,Cerrado,DF,431.6087098049979
649,Ce121,Nova,156.0,none,Cerrado,Cerrado,MT,832.1574178849363
650,Ce121,Nova,157.0,none,Cerrado,Cerrado,MT,152637.34260603998
651,Ce121,Nova,189.0,none,Cerrado,Cerrado,MT,1062.0449742049984
652,Ce121,Nova,none,none,Cerrado,Cerrado,MT,261194.0192225804
653,Ce122,Nova,159.0,none,Cerrado,Cerrado,DF,2942.985852955046
654,Ce122,Nova,none,none,Cerrado,Cerrado,DF,52.59880652497674
655,Ce123,Nova,141.0,none,Cerrado,Caatinga,MG,14301.608539960209
656,Ce123,Nova,141.0,none,Cerrado,Cerrado,MG,34849.32697349983
657,Ce123,Nova,141.0,none,Mata Atlântica,Cerrado,MG,4.287144069941822
658,Ce123,Nova,none,none,Cerrado,Caatinga,MG,2277.7503936848966
659,Ce123,Nova,none,none,Cerrado,Cerrado,MG,76938.71541894501
660,Ce123,Nova,none,none,Mata Atlântica,Cerrado,MG,15535.458827485441
661,Ce124,Nova,none,none,Caatinga,Caatinga,MG,1126.1696474100181
662,Ce124,Nova,none,none,Cerrado,Caatinga,MG,45679.15143652001
663,Ce125,Nova,159.0,none,Cerrado,Cerrado,DF,57815.728723480046
664,Ce125,Nova,none,none,Cerrado,Cerrado,DF,946.9647597100455
665,Ce126,Nova,167.0,none,Caatinga,Caatinga,MG,0.015099020000033218
666,Ce126,Nova,167.0,none,Cerrado,Caatinga,MG,37.46145097499996
667,Ce126,Nova,none,CAA_CerraPa004,Caatinga,Caatinga,MG,49.62710923999532
668,Ce126,Nova,none,CAA_CerraPa004,Cerrado,Caatinga,MG,6.878956485002875
669,Ce126,Nova,none,none,Caatinga,Caatinga,MG,146961.68666850484
670,Ce126,Nova,none,none,Cerrado,Caatinga,MG,1033.0011956350265
671,Ce127,Nova,164.0,none,Cerrado,Cerrado,DF,167.44768779999833
672,Ce127,Nova,164.0,none,Cerrado,Cerrado,GO,111844.73159688484
673,Ce127,Nova,164.0,none,Cerrado,Cerrado,MG,211.32704940999028
674,Ce127,Nova,none,none,Cerrado,Cerrado,GO,5022.392203629967
675,Ce128,Nova,134.0,none,Cerrado,Cerrado,MT,67.77038135499431
676,Ce128,Nova,155.0,none,Cerrado,Cerrado,MT,13219.284251580117
677,Ce128,Nova,161.0,none,Cerrado,Cerrado,MT,66243.70413243503
678,Ce128,Nova,169.0,none,Cerrado,Cerrado,MT,47621.38766736515
679,Ce128,Nova,169.0,none,Pantanal,Cerrado,MT,281.9943626150001
680,Ce128,Nova,none,none,Cerrado,Cerrado,MT,2847.2113535550143
681,Ce129,Nova,160.0,none,Cerrado,Cerrado,GO,1.4140907949998287
682,Ce129,Nova,160.0,none,Cerrado,Cerrado,MG,2481.2976730000205
683,Ce129,Nova,164.0,none,Cerrado,Cerrado,GO,10.921764715006374
684,Ce129,Nova,none,none,Cerrado,Cerrado,GO,49775.24938623983
685,Ce129,Nova,none,none,Cerrado,Cerrado,MG,33356.87888219504
686,Ce130,Nova,141.0,none,Cerrado,Cerrado,MG,2584.867644424964
687,Ce130,Nova,141.0,none,Mata Atlântica,Cerrado,MG,1.5107199899778947
688,Ce130,Nova,152.0,CerraPa_MA004,Cerrado,Cerrado,MG,2.465585409958729
689,Ce130,Nova,152.0,CerraPa_MA004,Mata Atlântica,Cerrado,MG,0.00021757000002504325
690,Ce130,Nova,152.0,none,Cerrado,Cerrado,MG,12403.79518408007
691,Ce130,Nova,152.0,none,Mata Atlântica,Cerrado,MG,9.954184205110922
692,Ce130,Nova,none,CerraPa_MA004,Cerrado,Cerrado,MG,12642.308589305087
693,Ce130,Nova,none,CerraPa_MA004,Mata Atlântica,Cerrado,MG,1.4536106250110927
694,Ce130,Nova,none,none,Cerrado,Cerrado,MG,18903.354143085024
695,Ce130,Nova,none,none,Mata Atlântica,Caatinga,MG,695.0487958049824
696,Ce130,Nova,none,none,Mata Atlântica,Cerrado,MG,154302.02420798485
697,Ce131,Nova,175.0,none,Cerrado,Cerrado,GO,54388.03136220994
698,Ce131,Nova,none,none,Cerrado,Cerrado,GO,103551.47109166015
699,Ce132,Nova,150.0,none,Cerrado,Cerrado,MT,125615.94799910026
700,Ce132,Nova,150.0,none,Pantanal,Cerrado,MT,10.833909850011766
701,Ce132,Nova,153.0,none,Cerrado,Cerrado,MT,104159.3237247199
702,Ce132,Nova,153.0,none,Cerrado,Pantanal,MT,42614.84546646497
703,Ce132,Nova,153.0,none,Pantanal,Pantanal,MT,7.94391247502057
704,Ce132,Nova,155.0,none,Cerrado,Cerrado,MT,88780.62172634975
705,Ce132,Nova,161.0,none,Cerrado,Cerrado,MT,4852.942975880041
706,Ce132,Nova,161.0,none,Cerrado,Pantanal,MT,202.90843319996873
707,Ce132,Nova,168.0,none,Cerrado,Cerrado,MT,83506.50170143014
708,Ce132,Nova,168.0,none,Pantanal,Cerrado,MT,0.7752878000089856
709,Ce132,Nova,none,none,Cerrado,Cerrado,MT,125604.79581321504
710,Ce132,Nova,none,none,Cerrado,Pantanal,MT,2300.6391816550145
711,Ce132,Nova,none,none,Pantanal,Cerrado,MT,0.48519515999002616
712,Ce133,Nova,147.0,none,Cerrado,Caatinga,MG,351.6424491149931
713,Ce133,Nova,147.0,none,Cerrado,Cerrado,MG,218.94970672998656
714,Ce133,Nova,163.0,CAA_CerraPa004,Cerrado,Caatinga,MG,13.278507550012707
715,Ce133,Nova,163.0,none,Cerrado,Caatinga,MG,41782.4546542199
716,Ce133,Nova,163.0,none,Cerrado,Cerrado,MG,5195.614878504978
717,Ce133,Nova,170.0,none,Cerrado,Caatinga,MG,50017.34828359496
718,Ce133,Nova,170.0,none,Cerrado,Cerrado,MG,6106.80482169502
719,Ce133,Nova,none,CAA_CerraPa004,Caatinga,Caatinga,MG,100.80636040997004
720,Ce133,Nova,none,CAA_CerraPa004,Cerrado,Caatinga,MG,7596.42927336507
721,Ce133,Nova,none,none,Caatinga,Caatinga,MG,3531.8494803949825
722,Ce133,Nova,none,none,Cerrado,Caatinga,MG,274119.9852411899
723,Ce133,Nova,none,none,Cerrado,Cerrado,MG,29566.687611119956
724,Ce134,Nova,167.0,none,Cerrado,Caatinga,MG,5528.801663360041
725,Ce134,Nova,none,none,Cerrado,Caatinga,MG,13114.621424300016
726,Ce135,Nova,146.0,none,Cerrado,Cerrado,DF,1076.6734561749427
727,Ce135,Nova,146.0,none,Cerrado,Cerrado,GO,269.82392963997535
728,Ce135,Nova,159.0,none,Cerrado,Cerrado,DF,24275.41969189507
729,Ce135,Nova,159.0,none,Cerrado,Cerrado,GO,4389.269626485061
730,Ce135,Nova,none,none,Cerrado,Cerrado,DF,2320.9065513799264
731,Ce135,Nova,none,none,Cerrado,Cerrado,GO,2055.478723059996
732,Ce136,Nova,120.0,none,Cerrado,Cerrado,GO,221.64328136500316
733,Ce136,Nova,120.0,none,Cerrado,Cerrado,MG,2597.6749580849983
734,Ce136,Nova,139.0,none,Cerrado,Cerrado,GO,0.12219471500078981
735,Ce136,Nova,139.0,none,Cerrado,Cerrado,MG,147370.51160223474
736,Ce136,Nova,173.0,none,Cerrado,Cerrado,MG,39523.15319676493
737,Ce136,Nova,174.0,none,Cerrado,Cerrado,MG,49246.068584009954
738,Ce136,Nova,none,none,Cerrado,Cerrado,GO,0.26867530000019313
739,Ce136,Nova,none,none,Cerrado,Cerrado,MG,120910.0749774052
740,Ce137,Nova,159.0,none,Cerrado,Cerrado,DF,3520.7938443549924
741,Ce137,Nova,none,none,Cerrado,Cerrado,DF,0.6254661049992118
742,Ce138,Nova,147.0,none,Cerrado,Caatinga,MG,321.7249927150115
743,Ce138,Nova,147.0,none,Cerrado,Cerrado,MG,126907.02279041013
744,Ce138,Nova,170.0,none,Cerrado,Caatinga,MG,195.09489520000307
745,Ce138,Nova,none,none,Caatinga,Caatinga,MG,122.49676246500601
746,Ce138,Nova,none,none,Cerrado,Caatinga,MG,14002.678693604967
747,Ce138,Nova,none,none,Cerrado,Cerrado,MG,104318.23369060493
748,Ce139,Nova,152.0,CerraPa_MA004,Cerrado,Cerrado,MG,3.8203575449946547
749,Ce139,Nova,152.0,CerraPa_MA004,Mata Atlântica,Cerrado,MG,0.0004860000000132713
750,Ce139,Nova,152.0,none,Cerrado,Caatinga,MG,114.52539550500657
751,Ce139,Nova,152.0,none,Cerrado,Cerrado,MG,152084.02842840514
752,Ce139,Nova,152.0,none,Cerrado,Mata Atlântica,MG,270.99494656001065
753,Ce139,Nova,152.0,none,Mata Atlântica,Caatinga,MG,0.0639267549923702
754,Ce139,Nova,152.0,none,Mata Atlântica,Cerrado,MG,32.211979355004026
755,Ce139,Nova,152.0,none,Mata Atlântica,Mata Atlântica,MG,0.03835003999785105
756,Ce139,Nova,none,CerraPa_MA004,Cerrado,Cerrado,MG,32072.48548183502
757,Ce139,Nova,none,CerraPa_MA004,Mata Atlântica,Cerrado,MG,6.774665114940447
758,Ce139,Nova,none,none,Caatinga,Caatinga,BA,35016.20009922512
759,Ce139,Nova,none,none,Caatinga,Caatinga,MG,2653.293343049928
760,Ce139,Nova,none,none,Caatinga,Cerrado,BA,8290.51413510502
761,Ce139,Nova,none,none,Caatinga,Cerrado,MG,11801.974519774947
762,Ce139,Nova,none,none,Cerrado,Caatinga,MG,0.019342705001489453
763,Ce139,Nova,none,none,Cerrado,Cerrado,MG,58067.03006972483
764,Ce139,Nova,none,none,Cerrado,Mata Atlântica,MG,0.0006866100006394845
765,Ce139,Nova,none,none,Mata Atlântica,Caatinga,BA,4819.748102115019
766,Ce139,Nova,none,none,Mata Atlântica,Caatinga,MG,5297.885730915073
767,Ce139,Nova,none,none,Mata Atlântica,Cerrado,BA,1564.9644738500053
768,Ce139,Nova,none,none,Mata Atlântica,Cerrado,MG,202330.88157143525
769,Ce139,Nova,none,none,Mata Atlântica,Mata Atlântica,MG,1357.4518953099687
770,Ce140,Nova,153.0,AMZ_CerraPant037,Cerrado,Cerrado,MT,2.140157935018929
771,Ce140,Nova,153.0,none,Amazônia,Cerrado,MT,1.447105384990845
772,Ce140,Nova,153.0,none,Cerrado,Amazônia,MT,38.435467010003535
773,Ce140,Nova,153.0,none,Cerrado,Cerrado,MT,56520.17335021504
774,Ce140,Nova,153.0,none,Cerrado,Pantanal,MT,3.2364103800024924
775,Ce140,Nova,154.0,AMZ_CerraPant037,Cerrado,Amazônia,MT,0.7842930050047783
776,Ce140,Nova,154.0,AMZ_CerraPant037,Cerrado,Cerrado,MT,0.824292239987521
777,Ce140,Nova,154.0,none,Cerrado,Amazônia,MT,928.3994950799952
778,Ce140,Nova,154.0,none,Cerrado,Cerrado,MT,1142.2617768749824
779,Ce140,Nova,154.0,none,Cerrado,Pantanal,MT,2418.787915065008
780,Ce140,Nova,168.0,none,Cerrado,Cerrado,MT,235.579721319997
781,Ce140,Nova,168.0,none,Cerrado,Pantanal,MT,84.6751567049964
782,Ce140,Nova,none,AMZ_CerraPant037,Amazônia,Amazônia,MT,4.824312300061089
783,Ce140,Nova,none,AMZ_CerraPant037,Cerrado,Amazônia,MT,23641.62343055492
784,Ce140,Nova,none,AMZ_CerraPant037,Cerrado,Cerrado,MT,23446.25608516006
785,Ce140,Nova,none,none,Amazônia,Amazônia,MT,3.9093887098193476
786,Ce140,Nova,none,none,Amazônia,Cerrado,MT,7.2076033400031605
787,Ce140,Nova,none,none,Cerrado,Amazônia,MT,1722.3402452050575
788,Ce140,Nova,none,none,Cerrado,Cerrado,MT,79664.84916383006
789,Ce140,Nova,none,none,Cerrado,Pantanal,MT,5301.629664155052
790,Ce141,Nova,138.0,none,Cerrado,Cerrado,MT,263547.86496320454
791,Ce141,Nova,165.0,none,Cerrado,Cerrado,GO,86682.78478907482
792,Ce141,Nova,165.0,none,Cerrado,Cerrado,MT,127352.33924411013
793,Ce141,Nova,none,none,Cerrado,Cerrado,GO,12739.610391139975
794,Ce141,Nova,none,none,Cerrado,Cerrado,MT,140111.7684266148
795,Ce142,Nova,142.0,none,Cerrado,Cerrado,GO,49626.145475550096
796,Ce142,Nova,146.0,none,Cerrado,Cerrado,GO,25196.744952440044
797,Ce142,Nova,158.0,none,Cerrado,Cerrado,GO,116125.39594277993
798,Ce142,Nova,159.0,none,Cerrado,Cerrado,GO,27504.180220814895
799,Ce142,Nova,none,none,Cerrado,Cerrado,GO,120043.05278365528
800,Ce143,Nova,134.0,none,Cerrado,Cerrado,MT,24443.346707289988
801,Ce143,Nova,149.0,none,Cerrado,Cerrado,MT,28238.86785337002
802,Ce143,Nova,153.0,none,Cerrado,Cerrado,MT,192607.61356470486
803,Ce143,Nova,none,none,Amazônia,Cerrado,MT,2.0493265249812906
804,Ce143,Nova,none,none,Cerrado,Cerrado,MT,13914.024053855157
805,Ce143,Nova,none,none,Pantanal,Cerrado,MT,0.29014050500252053
806,Ce144,Nova,134.0,none,Cerrado,Cerrado,MT,83441.07533433515
807,Ce144,Nova,155.0,none,Cerrado,Cerrado,MT,10574.951025224902
808,Ce144,Nova,161.0,none,Cerrado,Cerrado,MT,14391.959021435
809,Ce144,Nova,none,none,Cerrado,Cerrado,MT,30247.486106220033
810,Ce145,Nova,120.0,none,Cerrado,Cerrado,GO,19100.031118619998
811,Ce145,Nova,120.0,none,Cerrado,Cerrado,MG,379.0366161549977
812,Ce145,Nova,139.0,none,Cerrado,Cerrado,GO,329.02795993500104
813,Ce145,Nova,139.0,none,Cerrado,Cerrado,MG,140443.04389152478
814,Ce145,Nova,144.0,none,Cerrado,Cerrado,GO,15993.411097040078
815,Ce145,Nova,144.0,none,Cerrado,Cerrado,MG,2173.7552595250318
816,Ce145,Nova,160.0,none,Cerrado,Cerrado,MG,5534.968652085061
817,Ce145,Nova,none,none,Cerrado,Cerrado,GO,13829.014246980056
818,Ce145,Nova,none,none,Cerrado,Cerrado,MG,74600.54580344005
819,Ce146,Nova,130.0,none,Cerrado,Cerrado,MG,4471.566560024962
820,Ce146,Nova,145.0,none,Cerrado,Cerrado,MG,63596.74257045983
821,Ce146,Nova,147.0,none,Cerrado,Cerrado,MG,205144.51631575514
822,Ce146,Nova,148.0,none,Cerrado,Caatinga,MG,104.64119550001627
823,Ce146,Nova,148.0,none,Cerrado,Cerrado,MG,4702.18562023497
824,Ce146,Nova,none,none,Caatinga,Caatinga,MG,21567.170493960082
825,Ce146,Nova,none,none,Cerrado,Caatinga,MG,55883.46272527481
826,Ce146,Nova,none,none,Cerrado,Cerrado,MG,130866.63305163498
827,Ce147,Nova,146.0,none,Cerrado,Cerrado,DF,43710.01474192984
828,Ce147,Nova,146.0,none,Cerrado,Cerrado,GO,284482.5053129147
829,Ce147,Nova,159.0,none,Cerrado,Cerrado,DF,143.60304712498203
830,Ce147,Nova,none,none,Cerrado,Cerrado,DF,12045.224223465048
831,Ce147,Nova,none,none,Cerrado,Cerrado,GO,126823.8600920897
832,Ce148,Nova,143.0,none,Caatinga,Caatinga,BA,153.49953841000575
833,Ce148,Nova,143.0,none,Caatinga,Caatinga,MG,284.9209075699994
834,Ce148,Nova,143.0,none,Cerrado,Caatinga,BA,180.8586431250236
835,Ce148,Nova,143.0,none,Cerrado,Caatinga,MG,16322.970344490323
836,Ce148,Nova,none,none,Caatinga,Caatinga,BA,130.29535675999574
837,Ce148,Nova,none,none,Caatinga,Caatinga,MG,83958.18631253007
838,Ce148,Nova,none,none,Cerrado,Caatinga,BA,34.29171662499608
839,Ce148,Nova,none,none,Cerrado,Caatinga,MG,33474.09211068471
840,Ce149,Nova,134.0,none,Cerrado,Cerrado,MT,43086.215639060094
841,Ce149,Nova,150.0,none,Cerrado,Cerrado,MT,810.1656908950091
842,Ce149,Nova,155.0,none,Cerrado,Cerrado,MT,1558.085585385028
843,Ce149,Nova,none,none,Cerrado,Cerrado,MT,60571.834741725004
844,Ce150,Nova,130.0,none,Cerrado,Cerrado,BA,1936.6518135550386
845,Ce150,Nova,130.0,none,Cerrado,Cerrado,MG,68546.41113198004
846,Ce150,Nova,147.0,none,Cerrado,Cerrado,MG,117392.13479403991
847,Ce150,Nova,none,none,Cerrado,Cerrado,BA,1.0550000009755604e-05
848,Ce150,Nova,none,none,Cerrado,Cerrado,MG,18238.916437509983
849,Ce151,Nova,119.0,none,Cerrado,Cerrado,GO,1567.5684345950642
850,Ce151,Nova,142.0,none,Cerrado,Cerrado,GO,1039.4638649650144
851,Ce151,Nova,none,none,Cerrado,Cerrado,GO,250740.30552449933
852,Ce152,Nova,none,none,Cerrado,Cerrado,GO,1699.5434702299945
853,Ce153,Nova,126.0,none,Cerrado,Cerrado,MT,20446.47002994998
854,Ce153,Nova,134.0,none,Cerrado,Cerrado,MT,407337.25312825467
855,Ce153,Nova,none,none,Cerrado,Cerrado,MT,48207.27507782501
856,Ce154,Nova,113.0,none,Cerrado,Cerrado,GO,5594.207109485041
857,Ce154,Nova,136.0,none,Cerrado,Cerrado,GO,191800.38893323965
858,Ce154,Nova,none,none,Cerrado,Cerrado,GO,83130.93028351976
859,Ce155,Nova,113.0,none,Cerrado,Cerrado,GO,0.07588338999864506
860,Ce155,Nova,none,none,Cerrado,Cerrado,GO,13.600716335000948
861,Ce156,Nova,113.0,none,Cerrado,Cerrado,MT,0.28778919999815905
862,Ce156,Nova,none,none,Cerrado,Cerrado,MT,890.3878447749928
863,Ce157,Nova,113.0,none,Cerrado,Cerrado,GO,0.5022733200249804
864,Ce157,Nova,none,none,Cerrado,Cerrado,GO,705.2017860949886
865,Ce157|Ce174,Nova,none,none,Cerrado,Cerrado,GO,7.280000006807974e-06
866,Ce158,Nova,129.0,none,Amazônia,Cerrado,MT,0.04352292499917243
867,Ce158,Nova,129.0,none,Cerrado,Amazônia,MT,885.7186585249949
868,Ce158,Nova,129.0,none,Cerrado,Cerrado,MT,107921.26255381503
869,Ce158,Nova,none,none,Amazônia,Amazônia,MT,14.787291774999074
870,Ce158,Nova,none,none,Amazônia,Cerrado,MT,0.07099821499955711
871,Ce158,Nova,none,none,Cerrado,Amazônia,MT,196.9541746950069
872,Ce158,Nova,none,none,Cerrado,Cerrado,MT,29628.820241885012
873,Ce159,Nova,109.0,none,Cerrado,Cerrado,GO,24646.39815609507
874,Ce159,Nova,115.0,none,Cerrado,Cerrado,GO,35267.54769142508
875,Ce159,Nova,115.0,none,Massa Dagua Continental,Cerrado,GO,56.91482646500381
876,Ce159,Nova,142.0,none,Cerrado,Cerrado,GO,32078.41954336496
877,Ce159,Nova,146.0,none,Cerrado,Cerrado,GO,12283.931889524936
878,Ce159,Nova,none,none,Cerrado,Cerrado,GO,224356.95309005448
879,Ce160,Nova,118.0,none,Caatinga,Caatinga,MG,2.3847941200072995
880,Ce160,Nova,118.0,none,Cerrado,Caatinga,MG,15985.759141990018
881,Ce160,Nova,130.0,none,Cerrado,Caatinga,MG,1083.2247542249938
882,Ce160,Nova,130.0,none,Cerrado,Cerrado,BA,1354.334521630046
883,Ce160,Nova,130.0,none,Cerrado,Cerrado,MG,60589.57750089502
884,Ce160,Nova,145.0,none,Cerrado,Caatinga,MG,11.322958485004508
885,Ce160,Nova,145.0,none,Cerrado,Cerrado,MG,5126.804276029981
886,Ce160,Nova,none,none,Caatinga,Caatinga,MG,8629.436639130023
887,Ce160,Nova,none,none,Cerrado,Caatinga,MG,136781.97373119977
888,Ce160,Nova,none,none,Cerrado,Cerrado,MG,188124.74343791502
889,Ce161,Nova,120.0,none,Cerrado,Cerrado,GO,12768.183414574998
890,Ce161,Nova,128.0,none,Cerrado,Cerrado,GO,25731.12644661499
891,Ce161,Nova,144.0,none,Cerrado,Cerrado,GO,7722.923561265032
892,Ce161,Nova,none,none,Cerrado,Cerrado,GO,195430.45048825475
893,Ce162,Nova,119.0,none,Cerrado,Cerrado,GO,30569.314065760016
894,Ce162,Nova,none,none,Cerrado,Cerrado,GO,196936.6410605149
895,Ce163,Nova,126.0,none,Cerrado,Cerrado,MT,107219.49324988511
896,Ce163,Nova,127.0,none,Amazônia,Amazônia,MT,0.2930937749828496
897,Ce163,Nova,127.0,none,Amazônia,Cerrado,MT,0.578937019984355
898,Ce163,Nova,127.0,none,Cerrado,Amazônia,MT,23799.338285659902
899,Ce163,Nova,127.0,none,Cerrado,Cerrado,MT,78927.92179421012
900,Ce163,Nova,134.0,none,Cerrado,Cerrado,MT,103433.54055021508
901,Ce163,Nova,149.0,none,Cerrado,Cerrado,MT,15644.732767309946
902,Ce163,Nova,97.0,none,Cerrado,Cerrado,MT,312.3525440200133
903,Ce163,Nova,none,none,Amazônia,Cerrado,MT,2545.8464489849994
904,Ce163,Nova,none,none,Cerrado,Amazônia,MT,357.53833680499395
905,Ce163,Nova,none,none,Cerrado,Cerrado,MT,118117.21959490483
906,Ce164,Nova,106.0,none,Cerrado,Cerrado,BA,210563.57309793
907,Ce164,Nova,108.0,none,Cerrado,Cerrado,BA,1333.9935257149968
908,Ce164,Nova,108.0,none,Cerrado,Cerrado,GO,642.2795240950121
909,Ce164,Nova,124.0,none,Cerrado,Cerrado,BA,78142.9324166048
910,Ce164,Nova,130.0,none,Cerrado,Cerrado,BA,122107.26644006968
911,Ce164,Nova,130.0,none,Cerrado,Cerrado,MG,762.8220094000181
912,Ce164,Nova,132.0,none,Cerrado,Cerrado,BA,37497.808222584914
913,Ce164,Nova,none,none,Cerrado,Cerrado,BA,234042.11957192436
914,Ce164,Nova,none,none,Cerrado,Cerrado,GO,0.028738800000143748
915,Ce164|Ce375,Nova|Protegida,none,none,Cerrado,Cerrado,BA,0.00013653500012719073
916,Ce165,Nova,102.0,none,Cerrado,Cerrado,GO,93224.39419236002
917,Ce165,Nova,110.0,none,Cerrado,Cerrado,GO,105944.34727707511
918,Ce165,Nova,114.0,none,Cerrado,Cerrado,GO,74398.18254966513
919,Ce165,Nova,115.0,none,Cerrado,Cerrado,GO,108006.62500284048
920,Ce165,Nova,128.0,none,Cerrado,Cerrado,GO,28185.823192124866
921,Ce165,Nova,144.0,none,Cerrado,Cerrado,GO,12878.370471834916
922,Ce165,Nova,146.0,none,Cerrado,Cerrado,DF,2126.059829930021
923,Ce165,Nova,146.0,none,Cerrado,Cerrado,GO,10559.346251714991
924,Ce165,Nova,159.0,none,Cerrado,Cerrado,DF,4264.414768599935
925,Ce165,Nova,159.0,none,Cerrado,Cerrado,GO,2465.749639475003
926,Ce165,Nova,164.0,none,Cerrado,Cerrado,DF,3.339516659999862
927,Ce165,Nova,164.0,none,Cerrado,Cerrado,GO,2478.544398924994
928,Ce165,Nova,83.0,none,Cerrado,Cerrado,GO,10037.551832005089
929,Ce165,Nova,83.0,none,Cerrado,Cerrado,TO,513.1072107799943
930,Ce165,Nova,90.0,none,Cerrado,Cerrado,GO,1630.797709979953
931,Ce165,Nova,none,none,Cerrado,Cerrado,DF,660.4854975849817
932,Ce165,Nova,none,none,Cerrado,Cerrado,GO,425952.2834549505
933,Ce165,Nova,none,none,Cerrado,Cerrado,TO,120.13149540500413
934,Ce165|Ce377,Nova|Protegida,114.0,none,Cerrado,Cerrado,GO,3.119500002900139e-05
935,Ce166,Nova,101.0,none,Cerrado,Cerrado,MT,30926.71220352003
936,Ce166,Nova,137.0,none,Cerrado,Cerrado,MT,3531.2755594199775
937,Ce166,Nova,87.0,none,Cerrado,Cerrado,MT,69003.41252387002
938,Ce166,Nova,none,none,Cerrado,Cerrado,MT,113880.54449987512
939,Ce167,Nova,113.0,none,Cerrado,Cerrado,GO,268715.93727377016
940,Ce167,Nova,113.0,none,Cerrado,Cerrado,MT,1854.718427409991
941,Ce167,Nova,68.0,none,Cerrado,Cerrado,GO,89831.863744765
942,Ce167,Nova,68.0,none,Cerrado,Cerrado,MT,1691.1613374299839
943,Ce167,Nova,none,none,Cerrado,Cerrado,GO,474541.0766877247
944,Ce167,Nova,none,none,Cerrado,Cerrado,MT,86.09083756500502
945,Ce168,Nova,108.0,none,Cerrado,Cerrado,BA,8680.031376760071
946,Ce168,Nova,108.0,none,Cerrado,Cerrado,GO,249151.0703528735
947,Ce168,Nova,111.0,none,Cerrado,Cerrado,BA,2513.292437415056
948,Ce168,Nova,111.0,none,Cerrado,Cerrado,GO,0.14077232000021084
949,Ce168,Nova,120.0,none,Cerrado,Cerrado,GO,32227.54637813002
950,Ce168,Nova,124.0,none,Cerrado,Cerrado,BA,5246.842155465062
951,Ce168,Nova,124.0,none,Cerrado,Cerrado,GO,6.214128330004461
952,Ce168,Nova,139.0,none,Cerrado,Cerrado,GO,217.9920016100057
953,Ce168,Nova,139.0,none,Cerrado,Cerrado,MG,2633.329425660025
954,Ce168,Nova,none,none,Cerrado,Cerrado,BA,24961.675820654982
955,Ce168,Nova,none,none,Cerrado,Cerrado,GO,40568.82556043986
956,Ce168,Nova,none,none,Cerrado,Cerrado,MG,383.2318040399813
957,Ce169,Nova,109.0,none,Cerrado,Cerrado,GO,75173.45276002484
958,Ce169,Nova,109.0,none,Massa Dagua Continental,Cerrado,GO,3444.180579900034
959,Ce169,Nova,115.0,none,Cerrado,Cerrado,GO,88533.69866553998
960,Ce169,Nova,115.0,none,Massa Dagua Continental,Cerrado,GO,14277.884096095007
961,Ce169,Nova,none,none,Cerrado,Cerrado,GO,5561.327492080013
962,Ce170,Nova,114.0,none,Cerrado,Cerrado,GO,35364.76129112496
963,Ce170,Nova,115.0,none,Cerrado,Cerrado,GO,69638.15208742493
964,Ce170,Nova,115.0,none,Massa Dagua Continental,Cerrado,GO,12782.164960200013
965,Ce170,Nova,none,none,Cerrado,Cerrado,GO,58270.9152672652
966,Ce170,Nova,none,none,Massa Dagua Continental,Cerrado,GO,1222.147545474962
967,Ce171,Nova,108.0,none,Cerrado,Cerrado,GO,98612.23218020999
968,Ce171,Nova,110.0,none,Cerrado,Cerrado,GO,42961.42745381483
969,Ce171,Nova,120.0,none,Cerrado,Cerrado,GO,241785.09093487973
970,Ce171,Nova,120.0,none,Cerrado,Cerrado,MG,298.6021305400095
971,Ce171,Nova,128.0,none,Cerrado,Cerrado,GO,114832.38562644487
972,Ce171,Nova,139.0,none,Cerrado,Cerrado,GO,289.6607591700255
973,Ce171,Nova,139.0,none,Cerrado,Cerrado,MG,8015.3087002999755
974,Ce171,Nova,90.0,none,Cerrado,Cerrado,GO,14999.799864634917
975,Ce171,Nova,91.0,none,Cerrado,Cerrado,GO,390.00550309500017
976,Ce171,Nova,none,none,Cerrado,Cerrado,GO,516162.18624328537
977,Ce171,Nova,none,none,Cerrado,Cerrado,MG,920.3513248050681
978,Ce172,Nova,87.0,none,Cerrado,Cerrado,MT,153267.86486515036
979,Ce172,Nova,none,none,Cerrado,Cerrado,MT,52657.43473098465
980,Ce173,Nova,126.0,none,Cerrado,Cerrado,MT,54850.132416709974
981,Ce173,Nova,97.0,none,Cerrado,Amazônia,MT,43012.37618011986
982,Ce173,Nova,97.0,none,Cerrado,Cerrado,MT,293611.5048607802
983,Ce173,Nova,98.0,AMZ_CerraPant009,Cerrado,Amazônia,MT,0.8550876000012367
984,Ce173,Nova,98.0,AMZ_CerraPant009,Cerrado,Cerrado,MT,0.012642249999956345
985,Ce173,Nova,98.0,none,Cerrado,Amazônia,MT,60745.553429629865
986,Ce173,Nova,98.0,none,Cerrado,Cerrado,MT,8820.681348675042
987,Ce173,Nova,none,AMZ_CerraPant009,Amazônia,Amazônia,MT,0.010521390000194968
988,Ce173,Nova,none,AMZ_CerraPant009,Amazônia,Cerrado,MT,0.09006356000328238
989,Ce173,Nova,none,AMZ_CerraPant009,Cerrado,Amazônia,MT,4727.373368494997
990,Ce173,Nova,none,AMZ_CerraPant009,Cerrado,Cerrado,MT,10259.399252465026
991,Ce173,Nova,none,none,Amazônia,Amazônia,MT,0.01088664500017811
992,Ce173,Nova,none,none,Amazônia,Cerrado,MT,0.33577274500134846
993,Ce173,Nova,none,none,Cerrado,Amazônia,MT,45686.24755816996
994,Ce173,Nova,none,none,Cerrado,Cerrado,MT,71893.45972807992
995,Ce174,Nova,113.0,none,Cerrado,Cerrado,GO,17262.79896752993
996,Ce174,Nova,113.0,none,Cerrado,Cerrado,MT,274131.40481204033
997,Ce174,Nova,131.0,none,Cerrado,Cerrado,MT,17286.25238764491
998,Ce174,Nova,133.0,none,Cerrado,Cerrado,MT,5641.646576444991
999,Ce174,Nova,67.0,none,Cerrado,Cerrado,MT,32542.714515944983
1000,Ce174,Nova,68.0,none,Cerrado,Cerrado,GO,8862.341440874994
1001,Ce174,Nova,68.0,none,Cerrado,Cerrado,MT,925112.2358192705
1002,Ce174,Nova,68.0,none,Cerrado,Cerrado,TO,1739.023271155008
1003,Ce174,Nova,99.0,none,Cerrado,Cerrado,MT,3456.2631210600225
1004,Ce174,Nova,none,none,Cerrado,Cerrado,GO,20928.05984684502
1005,Ce174,Nova,none,none,Cerrado,Cerrado,MT,509601.27601813496
1006,Ce174,Nova,none,none,Cerrado,Cerrado,TO,5.806051565018863
1007,Ce175,Nova,101.0,none,Amazônia,Cerrado,MT,3.6812148348913527
1008,Ce175,Nova,101.0,none,Cerrado,Amazônia,MT,8401.04296947502
1009,Ce175,Nova,101.0,none,Cerrado,Cerrado,MT,356836.0350416878
1010,Ce175,Nova,103.0,AMZ_CerraPant020,Cerrado,Cerrado,MT,3.1367058699938353
1011,Ce175,Nova,103.0,AMZ_CerraPant030,Cerrado,Cerrado,MT,2.2806833100264945
1012,Ce175,Nova,103.0,none,Cerrado,Cerrado,MT,9366.976930829995
1013,Ce175,Nova,116.0,none,Cerrado,Cerrado,MT,19474.50038206006
1014,Ce175,Nova,117.0,AMZ_CerraPant023,Cerrado,Cerrado,MT,1.0178125649888996
1015,Ce175,Nova,117.0,none,Cerrado,Cerrado,MT,9122.55673503499
1016,Ce175,Nova,95.0,none,Cerrado,Cerrado,MT,0.00028470999998170645
1017,Ce175,Nova,96.0,AMZ_CerraPant032,Cerrado,Cerrado,MT,4.790946039970889
1018,Ce175,Nova,96.0,none,Cerrado,Cerrado,MT,88418.11227298515
1019,Ce175,Nova,none,AMZ_CerraPant011,Cerrado,Amazônia,MT,10581.182684330046
1020,Ce175,Nova,none,AMZ_CerraPant011,Cerrado,Cerrado,MT,41249.45284206006
1021,Ce175,Nova,none,AMZ_CerraPant020,Amazônia,Amazônia,MT,0.0826832199977216
1022,Ce175,Nova,none,AMZ_CerraPant020,Cerrado,Amazônia,MT,3633.310424679959
1023,Ce175,Nova,none,AMZ_CerraPant020,Cerrado,Cerrado,MT,20377.387542704968
1024,Ce175,Nova,none,AMZ_CerraPant023,Cerrado,Cerrado,MT,347.83422388502777
1025,Ce175,Nova,none,AMZ_CerraPant030,Cerrado,Amazônia,MT,278.6668505249876
1026,Ce175,Nova,none,AMZ_CerraPant030,Cerrado,Cerrado,MT,10700.341008384987
1027,Ce175,Nova,none,AMZ_CerraPant032,Amazônia,Cerrado,MT,0.29506905000652184
1028,Ce175,Nova,none,AMZ_CerraPant032,Cerrado,Cerrado,MT,30929.45879058994
1029,Ce175,Nova,none,none,Amazônia,Amazônia,MT,32.19525480878296
1030,Ce175,Nova,none,none,Amazônia,Cerrado,MT,15.33649865020254
1031,Ce175,Nova,none,none,Cerrado,Amazônia,MT,114031.51457992094
1032,Ce175,Nova,none,none,Cerrado,Cerrado,MT,987904.601546117
1033,Ce176,Nova,109.0,none,Cerrado,Cerrado,GO,6602.090366820068
1034,Ce176,Nova,119.0,none,Cerrado,Cerrado,GO,169.46904337499237
1035,Ce176,Nova,none,none,Cerrado,Cerrado,GO,316106.6428487202
1036,Ce176,Nova,none,none,Massa Dagua Continental,Cerrado,GO,1503.8474636499514
1037,Ce177,Nova,103.0,AMZ_CerraPant023,Cerrado,Amazônia,MT,0.7998294849751085
1038,Ce177,Nova,103.0,AMZ_CerraPant030,Cerrado,Amazônia,MT,2.9737743199903797
1039,Ce177,Nova,103.0,AMZ_CerraPant030,Cerrado,Cerrado,MT,6.972343984977758
1040,Ce177,Nova,103.0,none,Cerrado,Amazônia,MT,3614.1014061550563
1041,Ce177,Nova,103.0,none,Cerrado,Cerrado,MT,4584.575638965029
1042,Ce177,Nova,117.0,none,Cerrado,Cerrado,MT,322.34147256999466
1043,Ce177,Nova,87.0,none,Cerrado,Cerrado,MT,25889.105921325125
1044,Ce177,Nova,95.0,AMZ_CerraPant022,Cerrado,Amazônia,MT,4.570282450002456
1045,Ce177,Nova,95.0,AMZ_CerraPant023,Cerrado,Cerrado,MT,31.09690447498805
1046,Ce177,Nova,95.0,AMZ_CerraPant029,Cerrado,Amazônia,MT,2.142484039995417
1047,Ce177,Nova,95.0,AMZ_CerraPant029,Cerrado,Cerrado,MT,35.60830411990793
1048,Ce177,Nova,95.0,none,Amazônia,Amazônia,MT,3.628620325061037
1049,Ce177,Nova,95.0,none,Amazônia,Cerrado,MT,1.4267261000021512
1050,Ce177,Nova,95.0,none,Cerrado,Amazônia,MT,11074.205990109973
1051,Ce177,Nova,95.0,none,Cerrado,Cerrado,MT,330918.7314835898
1052,Ce177,Nova,none,AMZ_CerraPant022,Cerrado,Amazônia,MT,889.3233480300047
1053,Ce177,Nova,none,AMZ_CerraPant023,Amazônia,Amazônia,MT,0.5939442299999302
1054,Ce177,Nova,none,AMZ_CerraPant023,Cerrado,Amazônia,MT,5242.00270511498
1055,Ce177,Nova,none,AMZ_CerraPant023,Cerrado,Cerrado,MT,71964.67430225499
1056,Ce177,Nova,none,AMZ_CerraPant029,Cerrado,Amazônia,MT,4108.819738654991
1057,Ce177,Nova,none,AMZ_CerraPant029,Cerrado,Cerrado,MT,49166.09666560014
1058,Ce177,Nova,none,AMZ_CerraPant030,Amazônia,Amazônia,MT,0.31135928501735033
1059,Ce177,Nova,none,AMZ_CerraPant030,Cerrado,Amazônia,MT,8185.420024395015
1060,Ce177,Nova,none,AMZ_CerraPant030,Cerrado,Cerrado,MT,14900.632944755023
1061,Ce177,Nova,none,none,Amazônia,Amazônia,MT,2911.23104248009
1062,Ce177,Nova,none,none,Amazônia,Cerrado,MT,68.93104707000023
1063,Ce177,Nova,none,none,Cerrado,Amazônia,MT,39580.766724679874
1064,Ce177,Nova,none,none,Cerrado,Cerrado,MT,35899.08224967495
1065,Ce178,Nova,104.0,none,Cerrado,Caatinga,BA,26498.25210322002
1066,Ce178,Nova,104.0,none,Cerrado,Cerrado,BA,26420.64057762502
1067,Ce178,Nova,106.0,none,Cerrado,Caatinga,BA,969.1977888450153
1068,Ce178,Nova,106.0,none,Cerrado,Cerrado,BA,198904.34998155947
1069,Ce178,Nova,107.0,none,Cerrado,Cerrado,BA,5.976703115003479
1070,Ce178,Nova,118.0,none,Cerrado,Caatinga,BA,310.95805778998823
1071,Ce178,Nova,118.0,none,Cerrado,Cerrado,BA,1040.6478719900256
1072,Ce178,Nova,122.0,none,Cerrado,Caatinga,BA,209.47863452001428
1073,Ce178,Nova,122.0,none,Cerrado,Cerrado,BA,6443.587513130107
1074,Ce178,Nova,125.0,none,Cerrado,Caatinga,BA,6324.730245744984
1075,Ce178,Nova,89.0,none,Cerrado,Caatinga,BA,1736.0491184249695
1076,Ce178,Nova,89.0,none,Cerrado,Cerrado,BA,154716.34369227008
1077,Ce178,Nova,none,none,Cerrado,Caatinga,BA,12949.779892795212
1078,Ce178,Nova,none,none,Cerrado,Cerrado,BA,11426.367876374934
1079,Ce179,Nova,102.0,none,Cerrado,Cerrado,GO,65609.92785170005
1080,Ce179,Nova,109.0,none,Cerrado,Cerrado,GO,74695.4580219701
1081,Ce179,Nova,109.0,none,Massa Dagua Continental,Cerrado,GO,7037.103879429853
1082,Ce179,Nova,114.0,none,Cerrado,Cerrado,GO,83910.39362458
1083,Ce179,Nova,115.0,none,Cerrado,Cerrado,GO,14918.543783484984
1084,Ce179,Nova,115.0,none,Massa Dagua Continental,Cerrado,GO,2433.5366654450913
1085,Ce179,Nova,69.0,none,Cerrado,Cerrado,GO,127532.93979389477
1086,Ce179,Nova,69.0,none,Cerrado,Cerrado,TO,30.534526589996478
1087,Ce179,Nova,none,none,Cerrado,Cerrado,GO,331326.5885191957
1088,Ce179,Nova,none,none,Massa Dagua Continental,Cerrado,GO,2533.0335813449983
1089,Ce179|Ce188,Nova,69.0,none,Cerrado,Cerrado,GO,11.73698525501179
1090,Ce179|Ce188,Nova,69.0,none,Cerrado,Cerrado,TO,49.62992209502655
1091,Ce179|Ce188,Nova,none,none,Cerrado,Cerrado,GO,20.57443944000511
1092,Ce179|Ce188,Nova,none,none,Cerrado,Cerrado,TO,0.4864229750030726
1093,Ce180,Nova,68.0,none,Cerrado,Cerrado,GO,20792.16846292504
1094,Ce180,Nova,none,none,Cerrado,Cerrado,GO,67870.33020063005
1095,Ce181,Nova,108.0,none,Cerrado,Cerrado,BA,284.78119897500767
1096,Ce181,Nova,108.0,none,Cerrado,Cerrado,GO,10.648377325001016
1097,Ce181,Nova,111.0,none,Cerrado,Cerrado,BA,164064.3881996201
1098,Ce181,Nova,79.0,none,Cerrado,Cerrado,BA,102.90734723004431
1099,Ce181,Nova,89.0,none,Cerrado,Cerrado,BA,456912.10764881363
1100,Ce181,Nova,none,none,Cerrado,Cerrado,BA,276234.11009606445
1101,Ce182,Nova,102.0,none,Cerrado,Cerrado,GO,58636.85180521505
1102,Ce182,Nova,110.0,none,Cerrado,Cerrado,GO,38457.44734279994
1103,Ce182,Nova,90.0,none,Cerrado,Cerrado,GO,112085.41940116494
1104,Ce182,Nova,none,none,Cerrado,Cerrado,GO,93545.7767411503
1105,Ce182,Nova,none,none,Cerrado,Cerrado,TO,156.86084840498452
1106,Ce183,Nova,102.0,none,Cerrado,Cerrado,GO,23157.701317805095
1107,Ce183,Nova,83.0,none,Cerrado,Cerrado,GO,74.40648738999252
1108,Ce183,Nova,none,none,Cerrado,Cerrado,GO,85663.24594086484
1109,Ce184,Nova,74.0,none,Cerrado,Cerrado,MT,62664.742430954124
1110,Ce184,Nova,none,none,Cerrado,Cerrado,MT,184806.02986366514
1111,Ce184|Ce195,Nova,none,none,Cerrado,Cerrado,MT,0.001904474996913632
1112,Ce185,Nova,87.0,none,Cerrado,Cerrado,MT,186246.6788845153
1113,Ce185,Nova,none,none,Cerrado,Cerrado,MT,27538.976948364885
1114,Ce186,Nova,100.0,none,Cerrado,Cerrado,MT,18216.961172090043
1115,Ce186,Nova,112.0,AMZ_CerraPant004,Cerrado,Cerrado,MT,1.1647046749996663
1116,Ce186,Nova,112.0,AMZ_CerraPant005,Cerrado,Cerrado,MT,18.99843693002303
1117,Ce186,Nova,112.0,none,Cerrado,Cerrado,MT,49490.522492144955
1118,Ce186,Nova,74.0,none,Cerrado,Cerrado,MT,31554.119677735
1119,Ce186,Nova,none,AMZ_CerraPant004,Cerrado,Cerrado,MT,801.1648900199825
1120,Ce186,Nova,none,AMZ_CerraPant005,Cerrado,Cerrado,MT,16333.084505654997
1121,Ce186,Nova,none,none,Amazônia,Cerrado,MT,54.729891309965474
1122,Ce186,Nova,none,none,Cerrado,Cerrado,MT,556446.5206293167
1123,Ce186|Ce374,Nova|Protegida,none,none,Cerrado,Cerrado,MT,3.686499998067826e-05
1124,Ce186|Ce387,Nova|Protegida,none,none,Cerrado,Cerrado,MT,0.0003391400070396704
1125,Ce186|Ce391,Nova|Protegida,none,none,Cerrado,Cerrado,MT,0.0002992500072461553
1126,Ce187,Nova,102.0,none,Cerrado,Cerrado,GO,70608.38225557025
1127,Ce187,Nova,110.0,none,Cerrado,Cerrado,GO,883.938644839982
1128,Ce187,Nova,78.0,none,Cerrado,Cerrado,TO,9268.53053637
1129,Ce187,Nova,83.0,none,Cerrado,Cerrado,GO,23310.951917650043
1130,Ce187,Nova,83.0,none,Cerrado,Cerrado,TO,344270.7317234706
1131,Ce187,Nova,90.0,none,Cerrado,Cerrado,GO,140343.61484071004
1132,Ce187,Nova,90.0,none,Cerrado,Cerrado,TO,34617.09511220497
1133,Ce187,Nova,none,none,Cerrado,Cerrado,GO,80209.233120835
1134,Ce187,Nova,none,none,Cerrado,Cerrado,TO,55258.47969734986
1135,Ce187|Ce198,Nova,none,none,Cerrado,Cerrado,TO,0.013609995012675407
1136,Ce188,Nova,69.0,none,Cerrado,Cerrado,GO,1024.322266165024
1137,Ce188,Nova,69.0,none,Cerrado,Cerrado,TO,73041.44035814499
1138,Ce188,Nova,83.0,none,Cerrado,Cerrado,GO,5514.784490679927
1139,Ce188,Nova,83.0,none,Cerrado,Cerrado,TO,328315.36369211995
1140,Ce188,Nova,none,none,Cerrado,Cerrado,GO,9572.65947660484
1141,Ce188,Nova,none,none,Cerrado,Cerrado,TO,2223.750838240063
1142,Ce189,Nova,60.0,none,Cerrado,Cerrado,BA,13368.89589555501
1143,Ce189,Nova,60.0,none,Cerrado,Cerrado,GO,39550.3506503699
1144,Ce189,Nova,60.0,none,Cerrado,Cerrado,TO,134637.08064052527
1145,Ce189,Nova,91.0,none,Cerrado,Cerrado,BA,1177.625223624886
1146,Ce189,Nova,91.0,none,Cerrado,Cerrado,GO,89641.11725232002
1147,Ce189,Nova,none,none,Cerrado,Cerrado,BA,6181.857409990354
1148,Ce189,Nova,none,none,Cerrado,Cerrado,GO,46626.34387103504
1149,Ce189,Nova,none,none,Cerrado,Cerrado,TO,32542.81266572475
1150,Ce190,Nova,69.0,none,Cerrado,Cerrado,TO,36447.04281158008
1151,Ce190,Nova,none,none,Cerrado,Cerrado,GO,1340.2538592949938
1152,Ce190,Nova,none,none,Cerrado,Cerrado,TO,249950.40713466454
1153,Ce191,Nova,68.0,none,Cerrado,Cerrado,GO,76774.2717122199
1154,Ce191,Nova,68.0,none,Cerrado,Cerrado,MT,65.9026929099877
1155,Ce191,Nova,68.0,none,Cerrado,Cerrado,TO,888.8705327800653
1156,Ce191,Nova,none,none,Cerrado,Cerrado,GO,120211.11136071548
1157,Ce191,Nova,none,none,Cerrado,Cerrado,MT,31.78546510498926
1158,Ce191,Nova,none,none,Cerrado,Cerrado,TO,947.4453525100204
1159,Ce192,Nova,65.0,none,Cerrado,Caatinga,BA,1037.4150627649956
1160,Ce192,Nova,65.0,none,Cerrado,Cerrado,BA,3228.4114939349033
1161,Ce192,Nova,73.0,none,Cerrado,Caatinga,BA,16003.397177124936
1162,Ce192,Nova,73.0,none,Cerrado,Cerrado,BA,113511.79985060499
1163,Ce192,Nova,79.0,none,Cerrado,Cerrado,BA,145419.61258302515
1164,Ce192,Nova,82.0,none,Cerrado,Cerrado,BA,53306.99609069991
1165,Ce192,Nova,89.0,none,Cerrado,Caatinga,BA,64.70838783500274
1166,Ce192,Nova,89.0,none,Cerrado,Cerrado,BA,51347.17029565513
1167,Ce192,Nova,92.0,none,Cerrado,Caatinga,BA,3337.3987206399825
1168,Ce192,Nova,92.0,none,Cerrado,Cerrado,BA,32721.731655000065
1169,Ce192,Nova,none,none,Cerrado,Caatinga,BA,70446.54000707513
1170,Ce192,Nova,none,none,Cerrado,Cerrado,BA,718568.1968951337
1171,Ce193,Nova,67.0,none,Cerrado,Amazônia,MT,142.26517924997955
1172,Ce193,Nova,67.0,none,Cerrado,Cerrado,MT,29309.802134229998
1173,Ce193,Nova,72.0,AMZ_CerraPant026,Cerrado,Cerrado,MT,5.00657404498108
1174,Ce193,Nova,72.0,none,Cerrado,Amazônia,MT,2479.099112095063
1175,Ce193,Nova,72.0,none,Cerrado,Cerrado,MT,66108.37183882494
1176,Ce193,Nova,85.0,AMZ_CerraPant025,Cerrado,Cerrado,MT,1.5575164150001526
1177,Ce193,Nova,85.0,AMZ_CerraPant027,Cerrado,Cerrado,MT,5.410988865029302
1178,Ce193,Nova,85.0,none,Cerrado,Cerrado,MT,37995.93156284989
1179,Ce193,Nova,none,AMZ_CerraPant025,Cerrado,Cerrado,MT,9222.183294095086
1180,Ce193,Nova,none,AMZ_CerraPant026,Cerrado,Cerrado,MT,12583.652420905066
1181,Ce193,Nova,none,AMZ_CerraPant027,Cerrado,Cerrado,MT,7561.06992109012
1182,Ce193,Nova,none,none,Cerrado,Cerrado,MT,153863.43223891506
1183,Ce194,Nova,72.0,AMZ_CerraPant026,Cerrado,Cerrado,MT,0.4367377849986443
1184,Ce194,Nova,72.0,none,Cerrado,Amazônia,MT,1109.7740536349893
1185,Ce194,Nova,72.0,none,Cerrado,Cerrado,MT,10296.540236975006
1186,Ce194,Nova,85.0,AMZ_CerraPant025,Cerrado,Cerrado,MT,1.5256415799958027
1187,Ce194,Nova,85.0,AMZ_CerraPant027,Cerrado,Amazônia,MT,0.9856618149812523
1188,Ce194,Nova,85.0,AMZ_CerraPant027,Cerrado,Cerrado,MT,3.923836549977447
1189,Ce194,Nova,85.0,none,Cerrado,Amazônia,MT,1371.6514066150053
1190,Ce194,Nova,85.0,none,Cerrado,Cerrado,MT,34184.97386798999
1191,Ce194,Nova,none,AMZ_CerraPant025,Cerrado,Cerrado,MT,3791.579127535023
1192,Ce194,Nova,none,AMZ_CerraPant026,Cerrado,Amazônia,MT,20690.536772259893
1193,Ce194,Nova,none,AMZ_CerraPant026,Cerrado,Cerrado,MT,9573.819077045051
1194,Ce194,Nova,none,AMZ_CerraPant027,Cerrado,Amazônia,MT,4786.495885275009
1195,Ce194,Nova,none,AMZ_CerraPant027,Cerrado,Cerrado,MT,6869.5801629950065
1196,Ce194,Nova,none,none,Amazônia,Amazônia,MT,887.3004899749601
1197,Ce194,Nova,none,none,Amazônia,Cerrado,MT,1793.5557882049482
1198,Ce194,Nova,none,none,Cerrado,Amazônia,MT,31016.555750150408
1199,Ce194,Nova,none,none,Cerrado,Cerrado,MT,19868.02785483999
1200,Ce194,Nova,none,none,Cerrado,none,MT,0.0005453949878094136
1201,Ce195,Nova,74.0,none,Cerrado,Cerrado,MT,136980.78531225966
1202,Ce195,Nova,none,none,Cerrado,Amazônia,MT,13230.828896985071
1203,Ce195,Nova,none,none,Cerrado,Cerrado,MT,162340.76192900963
1204,Ce196,Nova,60.0,none,Cerrado,Cerrado,BA,252.92844639000808
1205,Ce196,Nova,65.0,none,Cerrado,Caatinga,BA,474.7485903600092
1206,Ce196,Nova,65.0,none,Cerrado,Cerrado,BA,1632.576829445062
1207,Ce196,Nova,73.0,none,Cerrado,Caatinga,BA,5445.753683010056
1208,Ce196,Nova,73.0,none,Cerrado,Cerrado,BA,44106.930375415155
1209,Ce196,Nova,75.0,none,Cerrado,Cerrado,BA,156206.47583956993
1210,Ce196,Nova,79.0,none,Cerrado,Cerrado,BA,227611.84617847452
1211,Ce196,Nova,89.0,none,Cerrado,Cerrado,BA,10441.24174690555
1212,Ce196,Nova,none,none,Cerrado,Caatinga,BA,6492.472555704851
1213,Ce196,Nova,none,none,Cerrado,Cerrado,BA,647891.8330178943
1214,Ce197,Nova,74.0,none,Cerrado,Cerrado,MT,484.1499783550401
1215,Ce197,Nova,none,AMZ_CerraPant002,Amazônia,Amazônia,MT,0.7320433250852858
1216,Ce197,Nova,none,AMZ_CerraPant002,Amazônia,Cerrado,MT,0.4234782850243355
1217,Ce197,Nova,none,AMZ_CerraPant002,Cerrado,Amazônia,MT,288.73433439494966
1218,Ce197,Nova,none,AMZ_CerraPant002,Cerrado,Cerrado,MT,2743.2807376099536
1219,Ce197,Nova,none,none,Amazônia,Amazônia,MT,758.7311103849636
1220,Ce197,Nova,none,none,Amazônia,Cerrado,MT,4610.019309455004
1221,Ce197,Nova,none,none,Cerrado,Amazônia,MT,18622.132209169977
1222,Ce197,Nova,none,none,Cerrado,Cerrado,MT,131976.1273308953
1223,Ce198,Nova,60.0,none,Cerrado,Cerrado,BA,698.132526104993
1224,Ce198,Nova,60.0,none,Cerrado,Cerrado,TO,11610.753504440027
1225,Ce198,Nova,70.0,none,Cerrado,Cerrado,TO,109739.49098193497
1226,Ce198,Nova,83.0,none,Cerrado,Cerrado,TO,246.04916553495642
1227,Ce198,Nova,none,none,Cerrado,Cerrado,BA,562.5942602199905
1228,Ce198,Nova,none,none,Cerrado,Cerrado,GO,4.821171554996333
1229,Ce198,Nova,none,none,Cerrado,Cerrado,TO,146817.32333174968
1230,Ce199,Nova,70.0,none,Cerrado,Cerrado,TO,32600.24846691013
1231,Ce199,Nova,78.0,none,Cerrado,Cerrado,TO,321202.8970950356
1232,Ce199,Nova,83.0,none,Cerrado,Cerrado,TO,85145.03883059946
1233,Ce199,Nova,none,none,Cerrado,Cerrado,TO,261245.47054235448
1234,Ce200,Nova,none,none,Cerrado,Caatinga,BA,53.72937626000538
1235,Ce200,Nova,none,none,Massa Dagua Continental,Caatinga,BA,8.55257539000584
1236,Ce201,Nova,none,none,Cerrado,Caatinga,BA,1796.2118972150188
1237,Ce202,Nova,118.0,none,Cerrado,Caatinga,BA,244.13576728999223
1238,Ce202,Nova,118.0,none,Massa Dagua Continental,Caatinga,BA,10.021648640001223
1239,Ce202,Nova,121.0,none,Cerrado,Caatinga,BA,31688.873017394995
1240,Ce202,Nova,143.0,none,Caatinga,Caatinga,BA,0.07213986000465744
1241,Ce202,Nova,143.0,none,Cerrado,Caatinga,BA,330.89867969499386
1242,Ce202,Nova,143.0,none,Cerrado,Caatinga,MG,25.367614390001634
1243,Ce202,Nova,54.0,none,Cerrado,Caatinga,BA,185045.78565198538
1244,Ce202,Nova,54.0,none,Cerrado,Caatinga,PI,1239.0895757449912
1245,Ce202,Nova,56.0,none,Cerrado,Caatinga,BA,5889.4097346000535
1246,Ce202,Nova,64.0,none,Cerrado,Caatinga,BA,15050.138639829833
1247,Ce202,Nova,64.0,none,Massa Dagua Continental,Caatinga,BA,14312.630245975035
1248,Ce202,Nova,76.0,none,Cerrado,Caatinga,BA,1328.729480034981
1249,Ce202,Nova,80.0,none,Caatinga,Caatinga,BA,0.8557878150008652
1250,Ce202,Nova,80.0,none,Cerrado,Caatinga,BA,91657.94065938478
1251,Ce202,Nova,80.0,none,Massa Dagua Continental,Caatinga,BA,15042.595532310044
1252,Ce202,Nova,none,none,Caatinga,Caatinga,BA,46227.98830555015
1253,Ce202,Nova,none,none,Caatinga,Caatinga,MG,0.006958900001419898
1254,Ce202,Nova,none,none,Cerrado,Caatinga,BA,484936.7912110089
1255,Ce202,Nova,none,none,Cerrado,Caatinga,MG,15.033334325005283
1256,Ce202,Nova,none,none,Cerrado,Caatinga,PI,4673.265898610084
1257,Ce202,Nova,none,none,Massa Dagua Continental,Caatinga,BA,73624.85842825031
1258,Ce203,Nova,70.0,none,Cerrado,Cerrado,TO,103904.91880610008
1259,Ce203,Nova,none,none,Cerrado,Cerrado,TO,9896.41520253489
1260,Ce204,Nova,55.0,none,Cerrado,Cerrado,TO,429.1638212900461
1261,Ce204,Nova,69.0,none,Cerrado,Cerrado,TO,55707.54651572994
1262,Ce204,Nova,71.0,none,Cerrado,Cerrado,TO,49261.51189724518
1263,Ce204,Nova,none,none,Cerrado,Cerrado,TO,67406.93312328999
1264,Ce205,Nova,58.0,none,Cerrado,Cerrado,TO,5046.366892805082
1265,Ce205,Nova,59.0,none,Cerrado,Cerrado,TO,11806.42233740037
1266,Ce205,Nova,60.0,none,Cerrado,Cerrado,BA,88.58397485500052
1267,Ce205,Nova,60.0,none,Cerrado,Cerrado,TO,12360.3065931152
1268,Ce205,Nova,63.0,none,Cerrado,Cerrado,TO,45109.67813712508
1269,Ce205,Nova,70.0,none,Cerrado,Cerrado,TO,21441.932319794945
1270,Ce205,Nova,none,none,Cerrado,Cerrado,TO,501519.47089125135
1271,Ce206,Nova,47.0,none,Cerrado,Cerrado,TO,42971.67625466523
1272,Ce206,Nova,58.0,none,Cerrado,Cerrado,TO,93019.58988299481
1273,Ce206,Nova,60.0,none,Cerrado,Cerrado,BA,6118.883165290066
1274,Ce206,Nova,60.0,none,Cerrado,Cerrado,TO,276412.6158074996
1275,Ce206,Nova,70.0,none,Cerrado,Cerrado,TO,828.7121857300067
1276,Ce206,Nova,none,none,Cerrado,Cerrado,BA,3891.5496947149277
1277,Ce206,Nova,none,none,Cerrado,Cerrado,TO,119266.7697746747
1278,Ce207,Nova,53.0,none,Cerrado,Cerrado,BA,600839.5838842177
1279,Ce207,Nova,53.0,none,Cerrado,Cerrado,PI,95.97643363001195
1280,Ce207,Nova,53.0,none,Cerrado,Cerrado,TO,238.80167612000318
1281,Ce207,Nova,56.0,none,Cerrado,Caatinga,BA,112088.49782660487
1282,Ce207,Nova,56.0,none,Cerrado,Caatinga,PI,63.546772024991895
1283,Ce207,Nova,56.0,none,Cerrado,Cerrado,BA,243317.54056032022
1284,Ce207,Nova,56.0,none,Cerrado,Cerrado,PI,1805.1195485001135
1285,Ce207,Nova,60.0,none,Cerrado,Cerrado,BA,289.02974907498617
1286,Ce207,Nova,60.0,none,Cerrado,Cerrado,TO,906.5101623849738
1287,Ce207,Nova,65.0,none,Cerrado,Cerrado,BA,33802.78364392018
1288,Ce207,Nova,none,none,Cerrado,Caatinga,BA,1.8908853750007186
1289,Ce207,Nova,none,none,Cerrado,Caatinga,PI,11453.957879745083
1290,Ce207,Nova,none,none,Cerrado,Cerrado,BA,262815.9562176644
1291,Ce207,Nova,none,none,Cerrado,Cerrado,PI,47946.85363222483
1292,Ce207,Nova,none,none,Cerrado,Cerrado,TO,2335.450129209934
1293,Ce208,Nova,41.0,none,Cerrado,Cerrado,TO,13566.579037429956
1294,Ce208,Nova,49.0,none,Cerrado,Cerrado,TO,246326.74673197017
1295,Ce208,Nova,50.0,none,Cerrado,Cerrado,TO,233598.8091795741
1296,Ce208,Nova,77.0,none,Cerrado,Cerrado,TO,23428.116284880154
1297,Ce208,Nova,none,none,Cerrado,Cerrado,TO,854202.5370643478
1298,Ce209,Nova,44.0,AMZ_CerraPant028,Cerrado,Cerrado,MT,13.73026657004164
1299,Ce209,Nova,44.0,none,Cerrado,Amazônia,MT,13864.80511813502
1300,Ce209,Nova,44.0,none,Cerrado,Cerrado,MT,50719.4335207299
1301,Ce209,Nova,44.0,none,Cerrado,none,MT,5.206000126059962e-05
1302,Ce209,Nova,none,AMZ_CerraPant028,Cerrado,Cerrado,MT,14640.59704092997
1303,Ce209,Nova,none,none,Cerrado,Amazônia,MT,12127.061165274854
1304,Ce209,Nova,none,none,Cerrado,Cerrado,MT,22472.20824672528
1305,Ce209|Ce398,Nova|Protegida,none,none,Cerrado,Cerrado,MT,2.973500002779019e-05
1306,Ce210,Nova,53.0,none,Cerrado,Cerrado,BA,1252.8761531800478
1307,Ce210,Nova,53.0,none,Cerrado,Cerrado,PI,444.0328100499733
1308,Ce210,Nova,56.0,none,Cerrado,Cerrado,BA,2661.469655579995
1309,Ce210,Nova,56.0,none,Cerrado,Cerrado,PI,260.1077884299822
1310,Ce210,Nova,none,none,Cerrado,Caatinga,PI,307436.28963938967
1311,Ce210,Nova,none,none,Cerrado,Cerrado,BA,1473.3233914101224
1312,Ce210,Nova,none,none,Cerrado,Cerrado,PI,673082.6536969437
1313,Ce210|Ce407,Nova|Protegida,none,none,Cerrado,Cerrado,PI,1.2000000011175872e-05
1314,Ce211,Nova,43.0,none,Cerrado,Cerrado,TO,4208.135646434838
1315,Ce211,Nova,47.0,none,Cerrado,Cerrado,TO,184605.27367474473
1316,Ce211,Nova,55.0,none,Cerrado,Cerrado,TO,2979.1788959800892
1317,Ce211,Nova,none,none,Cerrado,Cerrado,TO,200285.5495682851
1318,Ce212,Nova,42.0,CAA_CerraPa003,Caatinga,Caatinga,PI,0.7593975500170043
1319,Ce212,Nova,42.0,CAA_CerraPa003,Caatinga,Cerrado,PI,0.7723530000272952
1320,Ce212,Nova,42.0,CAA_CerraPa003,Cerrado,Caatinga,PI,3.1032697499737583
1321,Ce212,Nova,42.0,CAA_CerraPa003,Cerrado,Cerrado,PI,0.6285407250121389
1322,Ce212,Nova,42.0,none,Caatinga,Caatinga,PI,22157.918361244963
1323,Ce212,Nova,42.0,none,Caatinga,Cerrado,PI,8779.40378969505
1324,Ce212,Nova,42.0,none,Cerrado,Caatinga,PI,15855.487595305029
1325,Ce212,Nova,42.0,none,Cerrado,Cerrado,PI,440.3221336949827
1326,Ce212,Nova,54.0,none,Cerrado,Caatinga,BA,65.05695217499567
1327,Ce212,Nova,54.0,none,Cerrado,Caatinga,PI,1632.4660512400073
1328,Ce212,Nova,56.0,none,Cerrado,Cerrado,BA,458.67114067500967
1329,Ce212,Nova,56.0,none,Cerrado,Cerrado,PI,1242.7965339350128
1330,Ce212,Nova,none,CAA_CerraPa003,Caatinga,Caatinga,BA,43.1086828599993
1331,Ce212,Nova,none,CAA_CerraPa003,Caatinga,Caatinga,PI,19293.97706819981
1332,Ce212,Nova,none,CAA_CerraPa003,Caatinga,Cerrado,BA,2.390420040004471
1333,Ce212,Nova,none,CAA_CerraPa003,Caatinga,Cerrado,PI,13209.682575254908
1334,Ce212,Nova,none,CAA_CerraPa003,Cerrado,Caatinga,PI,4141.531158490005
1335,Ce212,Nova,none,CAA_CerraPa003,Cerrado,Cerrado,PI,429.46548922499215
1336,Ce212,Nova,none,none,Caatinga,Caatinga,BA,1404.3581971799906
1337,Ce212,Nova,none,none,Caatinga,Caatinga,PI,136331.37401667028
1338,Ce212,Nova,none,none,Caatinga,Cerrado,PI,15430.464637815092
1339,Ce212,Nova,none,none,Cerrado,Caatinga,BA,1755.217407269977
1340,Ce212,Nova,none,none,Cerrado,Caatinga,PI,481591.2571380152
1341,Ce212,Nova,none,none,Cerrado,Cerrado,BA,1.661203469999967
1342,Ce212,Nova,none,none,Cerrado,Cerrado,PI,17855.25744733505
1343,Ce213,Nova,45.0,none,Cerrado,Cerrado,TO,14926.001617400154
1344,Ce213,Nova,none,none,Cerrado,Cerrado,MA,487.12395839497384
1345,Ce213,Nova,none,none,Cerrado,Cerrado,TO,237478.17821236543
1346,Ce214,Nova,28.0,none,Cerrado,Cerrado,PI,22318.577110435188
1347,Ce214,Nova,39.0,none,Cerrado,Cerrado,PI,358569.4945045048
1348,Ce214,Nova,none,none,Cerrado,Cerrado,PI,597192.907194415
1349,Ce214|Ce217,Nova,none,none,Cerrado,Cerrado,PI,0.01054353500981958
1350,Ce215,Nova,24.0,none,Cerrado,Cerrado,MA,1049.9959778199811
1351,Ce215,Nova,24.0,none,Cerrado,Cerrado,TO,2536.223245504882
1352,Ce215,Nova,28.0,none,Cerrado,Cerrado,MA,545.5874558849815
1353,Ce215,Nova,28.0,none,Cerrado,Cerrado,TO,40.26507917499247
1354,Ce215,Nova,36.0,none,Cerrado,Cerrado,MA,973.6530428100261
1355,Ce215,Nova,36.0,none,Cerrado,Cerrado,TO,217709.270005545
1356,Ce215,Nova,none,none,Cerrado,Cerrado,MA,611.2950756899418
1357,Ce215,Nova,none,none,Cerrado,Cerrado,TO,46949.81915610502
1358,Ce216,Nova,34.0,none,Amazônia,Cerrado,TO,0.3815709200159589
1359,Ce216,Nova,34.0,none,Cerrado,Cerrado,TO,169022.69542797474
1360,Ce216,Nova,none,none,Amazônia,Cerrado,TO,1584.5417560698434
1361,Ce216,Nova,none,none,Cerrado,Cerrado,TO,5403.985646554889
1362,Ce217,Nova,35.0,none,Cerrado,Cerrado,PI,102836.57900618504
1363,Ce217,Nova,none,none,Cerrado,Cerrado,PI,191334.9233773203
1364,Ce218,Nova,24.0,none,Cerrado,Cerrado,MA,99434.44831576495
1365,Ce218,Nova,24.0,none,Cerrado,Cerrado,TO,101.24229975997973
1366,Ce218,Nova,28.0,none,Cerrado,Cerrado,MA,216689.46536035428
1367,Ce218,Nova,28.0,none,Cerrado,Cerrado,PI,191870.49472423532
1368,Ce218,Nova,36.0,none,Cerrado,Cerrado,MA,1319.3972557198879
1369,Ce218,Nova,36.0,none,Cerrado,Cerrado,TO,5033.2065617351955
1370,Ce218,Nova,39.0,none,Cerrado,Cerrado,MA,1401.6918502700876
1371,Ce218,Nova,39.0,none,Cerrado,Cerrado,PI,30903.640902894913
1372,Ce218,Nova,40.0,none,Cerrado,Cerrado,MA,62432.648343029905
1373,Ce218,Nova,40.0,none,Cerrado,Cerrado,PI,196.95251781502898
1374,Ce218,Nova,none,none,Cerrado,Cerrado,MA,82815.73129228517
1375,Ce218,Nova,none,none,Cerrado,Cerrado,PI,36167.84839810986
1376,Ce218|Ce223,Nova,28.0,none,Cerrado,Cerrado,MA,0.038048130035434974
1377,Ce219,Nova,33.0,none,Caatinga,Cerrado,PI,3.6358965650091437
1378,Ce219,Nova,33.0,none,Cerrado,Caatinga,PI,2265.9654769749936
1379,Ce219,Nova,33.0,none,Cerrado,Cerrado,PI,92685.30295475984
1380,Ce219,Nova,35.0,none,Cerrado,Cerrado,PI,1402.7432384099866
1381,Ce219,Nova,42.0,CAA_CerraPa003,Cerrado,Caatinga,PI,1.826515604987896
1382,Ce219,Nova,42.0,CAA_CerraPa003,Cerrado,Cerrado,PI,1.245616034983142
1383,Ce219,Nova,42.0,none,Cerrado,Caatinga,PI,6259.9311466550325
1384,Ce219,Nova,42.0,none,Cerrado,Cerrado,PI,2989.536488894972
1385,Ce219,Nova,none,CAA_CerraPa003,Cerrado,Caatinga,PI,640.5102888050252
1386,Ce219,Nova,none,CAA_CerraPa003,Cerrado,Cerrado,PI,474.7882990800206
1387,Ce219,Nova,none,none,Caatinga,Caatinga,PI,10196.190617239912
1388,Ce219,Nova,none,none,Caatinga,Cerrado,PI,189.16232939501293
1389,Ce219,Nova,none,none,Cerrado,Caatinga,PI,209905.56783121542
1390,Ce219,Nova,none,none,Cerrado,Cerrado,PI,351012.15812054556
1391,Ce220,Nova,27.0,AMZ_CerraPant041,Cerrado,Cerrado,TO,1.7892512550031456
1392,Ce220,Nova,27.0,AMZ_CerraPant042,Amazônia,Cerrado,TO,0.000179419999969583
1393,Ce220,Nova,27.0,AMZ_CerraPant042,Cerrado,Cerrado,TO,8.324201424935008
1394,Ce220,Nova,27.0,none,Amazônia,Cerrado,TO,2.4317965600075877
1395,Ce220,Nova,27.0,none,Cerrado,Cerrado,TO,38286.208600224796
1396,Ce220,Nova,31.0,none,Cerrado,Cerrado,TO,89753.93352336493
1397,Ce220,Nova,36.0,none,Cerrado,Cerrado,TO,60012.44883262971
1398,Ce220,Nova,37.0,none,Cerrado,Cerrado,TO,177478.8178269547
1399,Ce220,Nova,38.0,none,Cerrado,Cerrado,TO,102087.71186919989
1400,Ce220,Nova,45.0,none,Cerrado,Cerrado,TO,30482.024555530083
1401,Ce220,Nova,47.0,none,Cerrado,Cerrado,TO,5499.018567264923
1402,Ce220,Nova,48.0,none,Cerrado,Cerrado,TO,5547.886373329986
1403,Ce220,Nova,none,AMZ_CerraPant041,Amazônia,Cerrado,TO,1.4765273599602105
1404,Ce220,Nova,none,AMZ_CerraPant041,Cerrado,Cerrado,TO,4805.179974604914
1405,Ce220,Nova,none,AMZ_CerraPant042,Amazônia,Cerrado,TO,11.097487054754097
1406,Ce220,Nova,none,AMZ_CerraPant042,Cerrado,Cerrado,TO,75374.29820318491
1407,Ce220,Nova,none,none,Amazônia,Cerrado,TO,6.519474545304438
1408,Ce220,Nova,none,none,Cerrado,Cerrado,TO,402622.16426861944
1409,Ce221,Nova,35.0,none,Cerrado,Cerrado,PI,6053.639878450114
1410,Ce221,Nova,none,none,Cerrado,Cerrado,PI,33246.37540544509
1411,Ce222,Nova,22.0,none,Cerrado,Cerrado,PI,62429.38786592939
1412,Ce222,Nova,29.0,none,Cerrado,Cerrado,PI,36858.88409095499
1413,Ce222,Nova,none,none,Cerrado,Cerrado,PI,246349.96010586052
1414,Ce223,Nova,20.0,none,Cerrado,Cerrado,MA,67898.61376443978
1415,Ce223,Nova,20.0,none,Cerrado,Cerrado,PI,1312.3856783749102
1416,Ce223,Nova,22.0,none,Cerrado,Cerrado,MA,2068.8916663251016
1417,Ce223,Nova,22.0,none,Cerrado,Cerrado,PI,125013.63380960967
1418,Ce223,Nova,28.0,none,Cerrado,Cerrado,MA,88352.21540247474
1419,Ce223,Nova,28.0,none,Cerrado,Cerrado,PI,162917.6562197048
1420,Ce223,Nova,none,none,Cerrado,Cerrado,PI,94.22829764999018
1421,Ce224,Nova,31.0,none,Cerrado,Cerrado,MA,83.8074313899925
1422,Ce224,Nova,31.0,none,Cerrado,Cerrado,TO,153848.45176827032
1423,Ce224,Nova,none,none,Cerrado,Cerrado,MA,3773.8222159849815
1424,Ce224,Nova,none,none,Cerrado,Cerrado,TO,244466.222493646
1425,Ce225,Nova,20.0,none,Cerrado,Cerrado,MA,86768.45493819528
1426,Ce225,Nova,24.0,none,Cerrado,Cerrado,MA,163527.56896092466
1427,Ce225,Nova,28.0,none,Cerrado,Cerrado,MA,16825.077605219994
1428,Ce225,Nova,none,none,Cerrado,Cerrado,MA,70707.69460675988
1429,Ce225,Nova,none,none,Cerrado,Cerrado,TO,15789.845523809969
1430,Ce226,Nova,23.0,none,Caatinga,Caatinga,PI,1.1321844849990967
1431,Ce226,Nova,23.0,none,Caatinga,Cerrado,PI,2.2185587349588993
1432,Ce226,Nova,23.0,none,Cerrado,Caatinga,PI,56279.52776458008
1433,Ce226,Nova,23.0,none,Cerrado,Cerrado,PI,324684.2215015549
1434,Ce226,Nova,33.0,none,Cerrado,Cerrado,PI,717.5837320749116
1435,Ce226,Nova,none,none,Caatinga,Caatinga,PI,433.7642125499579
1436,Ce226,Nova,none,none,Caatinga,Cerrado,PI,2.3499804799999024
1437,Ce226,Nova,none,none,Cerrado,Caatinga,PI,21921.163072309944
1438,Ce226,Nova,none,none,Cerrado,Cerrado,PI,399553.0492719041
1439,Ce227,Nova,none,none,Caatinga,Caatinga,PI,9016.027908285067
1440,Ce227,Nova,none,none,Caatinga,Cerrado,PI,991.4572426750112
1441,Ce227,Nova,none,none,Cerrado,Caatinga,PI,294446.64669574413
1442,Ce227,Nova,none,none,Cerrado,Cerrado,PI,112488.27466233497
1443,Ce227,Nova,none,none,none,Caatinga,PI,4.0625000232829935e-05
1444,Ce228,Nova,25.0,none,Cerrado,Cerrado,TO,9655.09283565509
1445,Ce228,Nova,none,none,Cerrado,Cerrado,TO,200778.59922623556
1446,Ce229,Nova,18.0,none,Cerrado,Cerrado,MA,227509.53205954493
1447,Ce229,Nova,18.0,none,Cerrado,Cerrado,TO,231504.60507856516
1448,Ce229,Nova,18.0,none,Massa Dagua Continental,Cerrado,MA,23039.63129303525
1449,Ce229,Nova,18.0,none,Massa Dagua Continental,Cerrado,TO,15767.943453920057
1450,Ce229,Nova,21.0,none,Cerrado,Cerrado,MA,5749.175664529774
1451,Ce229,Nova,none,none,Amazônia,Cerrado,TO,10.33834095507448
1452,Ce229,Nova,none,none,Cerrado,Cerrado,MA,223501.6469576158
1453,Ce229,Nova,none,none,Cerrado,Cerrado,TO,133881.26687919954
1454,Ce229,Nova,none,none,Massa Dagua Continental,Cerrado,MA,288.5087621450173
1455,Ce229,Nova,none,none,Massa Dagua Continental,Cerrado,TO,75.478036754997
1456,Ce229|Ce416,Nova|Protegida,none,none,Cerrado,Cerrado,MA,0.00024843000397498723
1457,Ce230,Nova,16.0,none,Cerrado,Cerrado,MA,133506.99765314488
1458,Ce230,Nova,19.0,none,Cerrado,Cerrado,MA,209214.52586494
1459,Ce230,Nova,20.0,none,Cerrado,Cerrado,MA,81669.66862647001
1460,Ce230,Nova,20.0,none,Cerrado,Cerrado,PI,608.4750905800357
1461,Ce230,Nova,22.0,none,Cerrado,Cerrado,MA,1488.6490010150155
1462,Ce230,Nova,22.0,none,Cerrado,Cerrado,PI,35646.048375019775
1463,Ce230,Nova,none,none,Cerrado,Cerrado,MA,347234.6795928003
1464,Ce230,Nova,none,none,Cerrado,Cerrado,PI,1759.3563740050022
1465,Ce231,Nova,18.0,none,Cerrado,Cerrado,TO,18537.06082262499
1466,Ce231,Nova,18.0,none,Massa Dagua Continental,Cerrado,TO,1899.8011071798965
1467,Ce232,Nova,none,AMZ_CerraPant039,Amazônia,Amazônia,TO,25279.253154570022
1468,Ce232,Nova,none,AMZ_CerraPant039,Amazônia,Cerrado,TO,662.2858246800157
1469,Ce232,Nova,none,AMZ_CerraPant039,Cerrado,Amazônia,TO,950.0979246499581
1470,Ce232,Nova,none,AMZ_CerraPant039,Cerrado,Cerrado,TO,394.16625080996715
1471,Ce232,Nova,none,none,Amazônia,Amazônia,TO,1246.1194051900036
1472,Ce232,Nova,none,none,Amazônia,Cerrado,TO,110.4070188849878
1473,Ce232,Nova,none,none,Cerrado,Amazônia,TO,462.1599208550146
1474,Ce232,Nova,none,none,Cerrado,Cerrado,TO,335.13074070004427
1475,Ce233,Nova,none,none,Cerrado,Cerrado,MA,231870.7989923902
1476,Ce234,Nova,none,none,Caatinga,Cerrado,MA,15.291701455185088
1477,Ce234,Nova,none,none,Caatinga,Cerrado,PI,0.0019172200002011096
1478,Ce234,Nova,none,none,Cerrado,Cerrado,MA,581971.1060772445
1479,Ce234,Nova,none,none,Cerrado,Cerrado,PI,29341.926580295145
1480,Ce234,Nova,none,none,Massa Dagua Continental,Cerrado,MA,14568.888952544865
1481,Ce234,Nova,none,none,Massa Dagua Continental,Cerrado,PI,520.0414690950507
1482,Ce235,Nova,none,none,Amazônia,Amazônia,PA,171.57409765010073
1483,Ce235,Nova,none,none,Amazônia,Amazônia,TO,12291.602289469856
1484,Ce235,Nova,none,none,Massa Dagua Continental,Amazônia,PA,280.85923922996204
1485,Ce235,Nova,none,none,Massa Dagua Continental,Amazônia,TO,5841.537355855107
1486,Ce236,Nova,13.0,AMZ_CerraPant045,Cerrado,Cerrado,TO,0.0004550500025428391
1487,Ce236,Nova,13.0,none,Cerrado,Cerrado,TO,7360.945577924858
1488,Ce236,Nova,none,AMZ_CerraPant045,Cerrado,Cerrado,TO,1389.3948485349658
1489,Ce236,Nova,none,none,Amazônia,Amazônia,TO,1.9196483600479668
1490,Ce236,Nova,none,none,Amazônia,Cerrado,TO,3.3672885999688544
1491,Ce236,Nova,none,none,Cerrado,Amazônia,TO,1306.746544089969
1492,Ce236,Nova,none,none,Cerrado,Cerrado,TO,226220.22395587526
1493,Ce236,Nova,none,none,Massa Dagua Continental,Cerrado,MA,821.6148348949209
1494,Ce236,Nova,none,none,Massa Dagua Continental,Cerrado,TO,619.4667862349673
1495,Ce236|Ce419,Nova|Protegida,none,none,Cerrado,Cerrado,TO,5.365000005220111e-06
1496,Ce237,Nova,14.0,none,Cerrado,Cerrado,MA,91884.9433034349
1497,Ce237,Nova,15.0,none,Cerrado,Cerrado,MA,50188.33123011464
1498,Ce237,Nova,none,none,Cerrado,Cerrado,MA,273088.4389043359
1499,Ce237|Ce420,Nova|Protegida,none,none,Cerrado,Cerrado,MA,0.00034105499570008063
1500,Ce237|Ce422,Nova|Protegida,none,none,Cerrado,Cerrado,MA,0.0001992900048255251
1501,Ce238,Nova,13.0,AMZ_CerraPant036,Cerrado,Cerrado,TO,0.021052135001000345
1502,Ce238,Nova,13.0,none,Cerrado,Cerrado,TO,30161.122497704888
1503,Ce238,Nova,none,AMZ_CerraPant036,Cerrado,Cerrado,TO,4426.0848574049205
1504,Ce238,Nova,none,none,Cerrado,Cerrado,TO,95148.77510626524
1505,Ce238,Nova,none,none,Massa Dagua Continental,Cerrado,MA,1988.53361042497
1506,Ce238,Nova,none,none,Massa Dagua Continental,Cerrado,TO,2656.5472720251264
1507,Ce239,Nova,none,none,Cerrado,Cerrado,MA,124520.42520126479
1508,Ce239|Ce421,Nova|Protegida,none,none,Cerrado,Cerrado,MA,8.93250000833632e-05
1509,Ce240,Nova,none,none,Cerrado,Cerrado,MA,153282.6039944946
1510,Ce241,Nova,10.0,none,Caatinga,Cerrado,MA,6.595562909914336
1511,Ce241,Nova,10.0,none,Cerrado,Cerrado,MA,8394.736176544997
1512,Ce241,Nova,11.0,none,Caatinga,Cerrado,PI,0.33201242499659095
1513,Ce241,Nova,11.0,none,Cerrado,Cerrado,PI,5812.105785914864
1514,Ce241,Nova,8.0,CAA_CerraPa005,Cerrado,Cerrado,PI,2.1486626199887757
1515,Ce241,Nova,8.0,none,Caatinga,Cerrado,PI,2.5021179850111017
1516,Ce241,Nova,8.0,none,Cerrado,Cerrado,MA,22692.348154710056
1517,Ce241,Nova,8.0,none,Cerrado,Cerrado,PI,57335.195002530134
1518,Ce241,Nova,none,CAA_CerraPa005,Caatinga,Cerrado,PI,0.004960415000207876
1519,Ce241,Nova,none,CAA_CerraPa005,Cerrado,Cerrado,PI,2544.7407379899905
1520,Ce241,Nova,none,none,Caatinga,Cerrado,MA,3.6036734699431414
1521,Ce241,Nova,none,none,Caatinga,Cerrado,PI,3.364543229971522
1522,Ce241,Nova,none,none,Cerrado,Cerrado,MA,35069.70072768018
1523,Ce241,Nova,none,none,Cerrado,Cerrado,PI,33905.21533625502
1524,Ce242,Nova,2.0,none,Cerrado,Cerrado,MA,59626.2713376749
1525,Ce242,Nova,9.0,none,Cerrado,Cerrado,MA,54257.3445472149
1526,Ce242,Nova,none,none,Cerrado,Cerrado,MA,315182.96779224393
1527,Ce243,Nova,7.0,none,Cerrado,Cerrado,MA,26252.295676694695
1528,Ce243,Nova,none,none,Cerrado,Cerrado,MA,617899.2656946842
1529,Ce244,Nova,3.0,none,Caatinga,Cerrado,MA,0.4171472099968829
1530,Ce244,Nova,3.0,none,Cerrado,Cerrado,MA,2452.6096323347742
1531,Ce244,Nova,3.0,none,Cerrado,Cerrado,PI,587.5113740399013
1532,Ce244,Nova,5.0,none,Caatinga,Cerrado,MA,9.067840400009848
1533,Ce244,Nova,5.0,none,Caatinga,Cerrado,PI,9431.667935145026
1534,Ce244,Nova,5.0,none,Cerrado,Cerrado,MA,198.67983508498725
1535,Ce244,Nova,5.0,none,Cerrado,Cerrado,PI,14863.361737774947
1536,Ce244,Nova,5.0,none,Cerrado,Cerrado,none,9.533499786905944e-05
1537,Ce244,Nova,none,none,Caatinga,Cerrado,MA,397.1641130199749
1538,Ce244,Nova,none,none,Caatinga,Cerrado,PI,32626.181960374808
1539,Ce244,Nova,none,none,Cerrado,Cerrado,MA,255.83677679001445
1540,Ce244,Nova,none,none,Cerrado,Cerrado,PI,30860.381655730158
1541,Ce245,Nova,1.0,none,Cerrado,Cerrado,MA,275390.5893824997
1542,Ce245,Nova,2.0,none,Cerrado,Cerrado,MA,515117.75018414867
1543,Ce245,Nova,3.0,none,Cerrado,Cerrado,MA,23159.56543919019
1544,Ce245,Nova,none,none,Cerrado,Amazônia,MA,2655.2467547401766
1545,Ce245,Nova,none,none,Cerrado,Cerrado,MA,347832.2869506805
1546,Ce252,Protegida,298.0,none,Cerrado,Cerrado,PR,55.73894262000256
1547,Ce252,Protegida,298.0,none,Cerrado,Mata Atlântica,PR,52.51131239999527
1548,Ce252,Protegida,none,none,Cerrado,Cerrado,PR,547.5334687250013
1549,Ce252,Protegida,none,none,Cerrado,Mata Atlântica,PR,185.18299525000037
1550,Ce253,Protegida,none,none,Mata Atlântica,Cerrado,PR,388.67120970500196
1551,Ce254,Protegida,none,none,Cerrado,Cerrado,SP,3035.5242130950237
1552,Ce254,Protegida,none,none,Cerrado,Mata Atlântica,SP,1159.9107729099821
1553,Ce254,Protegida,none,none,Mata Atlântica,Cerrado,SP,515.2835174499724
1554,Ce254,Protegida,none,none,Mata Atlântica,Mata Atlântica,SP,63.11656839999148
1555,Ce255,Protegida,none,none,Cerrado,Cerrado,SP,89.07724945499645
1556,Ce256,Protegida,none,none,Cerrado,Mata Atlântica,SP,304.33120683999687
1557,Ce257,Protegida,none,none,Cerrado,Cerrado,SP,193.8371546449979
1558,Ce258,Protegida,none,none,Cerrado,Cerrado,SP,1341.1893762350048
1559,Ce259,Protegida,none,none,Cerrado,Cerrado,SP,636.1650842099939
1560,Ce260,Protegida,none,none,Cerrado,Cerrado,SP,1415.2684659249926
1561,Ce260,Protegida,none,none,Cerrado,Mata Atlântica,SP,0.18597228499930651
1562,Ce260|Ce261,Protegida,none,none,Cerrado,Cerrado,SP,46.124908134997604
1563,Ce261,Protegida,none,none,Cerrado,Cerrado,SP,1145.2858543699986
1564,Ce262,Protegida,none,none,Cerrado,Mata Atlântica,SP,25.082863689991367
1565,Ce263,Protegida,296.0,none,Cerrado,Mata Atlântica,SP,14.679207709994982
1566,Ce263,Protegida,none,none,Cerrado,Mata Atlântica,SP,74.51763432999772
1567,Ce264,Protegida,none,none,Cerrado,Cerrado,SP,3175.8614177050044
1568,Ce265,Protegida,none,none,Cerrado,Mata Atlântica,SP,229.4435162200173
1569,Ce266,Protegida,none,none,Cerrado,Cerrado,SP,1287.3060907150095
1570,Ce267,Protegida,none,none,Cerrado,Cerrado,SP,800.1494330950063
1571,Ce267,Protegida,none,none,Cerrado,Mata Atlântica,SP,155.8092520549952
1572,Ce268,Protegida,none,none,Cerrado,Cerrado,SP,357.12609342000485
1573,Ce268,Protegida,none,none,Cerrado,Mata Atlântica,SP,25.352186810001832
1574,Ce269,Protegida,291.0,none,Cerrado,Mata Atlântica,SP,0.9607834900045195
1575,Ce269,Protegida,none,none,Cerrado,Mata Atlântica,SP,1641.3478422399762
1576,Ce269,Protegida,none,none,Mata Atlântica,Mata Atlântica,SP,293.4943391150212
1577,Ce270,Protegida,none,none,Cerrado,Cerrado,SP,2713.6256244599804
1578,Ce271,Protegida,none,none,Cerrado,Mata Atlântica,SP,283.5183536599798
1579,Ce272,Protegida,none,none,Cerrado,Cerrado,SP,34.69572982500655
1580,Ce272,Protegida,none,none,Cerrado,Mata Atlântica,SP,44.636375834993046
1581,Ce273,Protegida,none,none,Cerrado,Cerrado,MS,2360.011665689968
1582,Ce274,Protegida,279.0,none,Cerrado,Cerrado,SP,135.29654271998922
1583,Ce274,Protegida,279.0,none,Cerrado,Mata Atlântica,SP,60.316970270020434
1584,Ce274,Protegida,none,none,Cerrado,Cerrado,SP,3926.2468001549937
1585,Ce274,Protegida,none,none,Cerrado,Mata Atlântica,SP,804.9063491749907
1586,Ce275,Protegida,none,none,Cerrado,Cerrado,MS,535.1884953700066
1587,Ce276,Protegida,none,none,Cerrado,Cerrado,SP,38.2238583850033
1588,Ce276,Protegida,none,none,Cerrado,Mata Atlântica,SP,65.49394014500001
1589,Ce277,Protegida,none,none,Cerrado,Mata Atlântica,SP,152.99378301500334
1590,Ce278,Protegida,266.0,none,Cerrado,Cerrado,SP,2068.9273038149895
1591,Ce278,Protegida,266.0,none,Cerrado,Mata Atlântica,SP,10.939308775001843
1592,Ce279,Protegida,279.0,none,Cerrado,Mata Atlântica,SP,0.00039781000011875837
1593,Ce279,Protegida,none,none,Cerrado,Mata Atlântica,SP,2248.786725464998
1594,Ce280,Protegida,273.0,none,Cerrado,Cerrado,MS,59.213848604987874
1595,Ce280,Protegida,none,none,Cerrado,Cerrado,MS,2939.4793380700057
1596,Ce281,Protegida,261.0,none,Cerrado,Cerrado,MS,0.03319263000115068
1597,Ce281,Protegida,276.0,none,Cerrado,Cerrado,MS,0.07388643499247617
1598,Ce281,Protegida,283.0,none,Cerrado,Cerrado,MS,0.03445493999500737
1599,Ce281,Protegida,none,none,Cerrado,Cerrado,MS,77021.40671368499
1600,Ce282,Protegida,none,none,Cerrado,Mata Atlântica,MG,372.7750251249894
1601,Ce283,Protegida,none,none,Cerrado,Cerrado,MS,17177.494566710073
1602,Ce284,Protegida,260.0,none,Cerrado,Cerrado,MS,0.007136350000008219
1603,Ce284,Protegida,260.0,none,Cerrado,Pantanal,MS,7.027793205015996
1604,Ce284,Protegida,260.0,none,Pantanal,Pantanal,MS,8.403151309981094
1605,Ce284,Protegida,261.0,none,Cerrado,Cerrado,MS,16.585126525017753
1606,Ce284,Protegida,277.0,none,Cerrado,Cerrado,MS,3.6361541250109912
1607,Ce284,Protegida,277.0,none,Cerrado,Pantanal,MS,1.69281561000226
1608,Ce284,Protegida,277.0,none,Pantanal,Pantanal,MS,6.093469774987011
1609,Ce284,Protegida,none,none,Cerrado,Cerrado,MS,172121.09433650042
1610,Ce284,Protegida,none,none,Cerrado,Pantanal,MS,207668.96832082488
1611,Ce284,Protegida,none,none,Pantanal,Pantanal,MS,153949.6510440498
1612,Ce284,Protegida,none,none,Pantanal,Pantanal,none,0.02334683999991926
1613,Ce284,Protegida,none,none,Pantanal,none,MS,5.2487546949984285
1614,Ce284,Protegida,none,none,Pantanal,none,none,5.824371370001349
1615,Ce285,Protegida,258.0,none,Cerrado,Cerrado,MS,1.9257893149967091
1616,Ce285,Protegida,none,none,Cerrado,Cerrado,MS,2935.413178130041
1617,Ce286,Protegida,267.0,none,Cerrado,Cerrado,MG,0.03012363000025456
1618,Ce286,Protegida,none,none,Cerrado,Cerrado,MG,345.36737200000783
1619,Ce287,Protegida,259.0,none,Cerrado,Cerrado,MG,0.661884529953937
1620,Ce287,Protegida,264.0,none,Cerrado,Cerrado,MG,0.21369044000142326
1621,Ce287,Protegida,274.0,none,Cerrado,Cerrado,MG,0.10835307499683174
1622,Ce287,Protegida,none,none,Cerrado,Cerrado,MG,197809.38503589164
1623,Ce288,Protegida,none,none,Cerrado,Cerrado,MS,129.8746631400056
1624,Ce289,Protegida,none,none,Cerrado,Cerrado,MS,1.7729019850005607
1625,Ce290,Protegida,none,none,Cerrado,Cerrado,SP,283.875181324992
1626,Ce290,Protegida,none,none,Cerrado,Mata Atlântica,SP,1864.63226991501
1627,Ce291,Protegida,245.0,none,Cerrado,Cerrado,MS,4.7085587250063945
1628,Ce291,Protegida,none,none,Cerrado,Cerrado,MS,5375.660110824953
1629,Ce292,Protegida,257.0,none,Cerrado,Cerrado,MS,11.584869584996413
1630,Ce293,Protegida,245.0,none,Pantanal,Cerrado,MS,0.09577928499443854
1631,Ce293,Protegida,245.0,none,Pantanal,Pantanal,MS,4.414096970001628
1632,Ce293,Protegida,none,none,Cerrado,Cerrado,MS,13795.204802250008
1633,Ce293,Protegida,none,none,Pantanal,Cerrado,MS,8163.784242369986
1634,Ce293,Protegida,none,none,Pantanal,Pantanal,MS,11948.780741435017
1635,Ce294,Protegida,253.0,none,Cerrado,Cerrado,MG,77.22633349499901
1636,Ce294,Protegida,253.0,none,Mata Atlântica,Cerrado,MG,0.06978577499885358
1637,Ce295,Protegida,245.0,none,Cerrado,Cerrado,MS,0.017692695000577442
1638,Ce295,Protegida,245.0,none,Pantanal,Cerrado,MS,0.42080667002438565
1639,Ce295,Protegida,245.0,none,Pantanal,Pantanal,MS,3.8521686250366196
1640,Ce295,Protegida,257.0,none,Cerrado,Cerrado,MS,1.8306118849963204
1641,Ce295,Protegida,257.0,none,Cerrado,Pantanal,MS,0.0055593750002444434
1642,Ce295,Protegida,257.0,none,Pantanal,Cerrado,MS,0.5063439650037812
1643,Ce295,Protegida,257.0,none,Pantanal,Pantanal,MS,0.07553597000004629
1644,Ce295,Protegida,none,none,Cerrado,Cerrado,MS,11934.207061225059
1645,Ce295,Protegida,none,none,Cerrado,Pantanal,MS,898.6384274250282
1646,Ce295,Protegida,none,none,Pantanal,Cerrado,MS,12567.558919249928
1647,Ce295,Protegida,none,none,Pantanal,Pantanal,MS,10895.145872224939
1648,Ce296,Protegida,254.0,none,Cerrado,Cerrado,MG,23976.90968184993
1649,Ce297,Protegida,237.0,none,Cerrado,Cerrado,MG,0.09288535499924032
1650,Ce297,Protegida,237.0,none,Cerrado,Mata Atlântica,MG,0.00035792999963805776
1651,Ce297,Protegida,238.0,none,Cerrado,Cerrado,MG,0.0029021899833847438
1652,Ce297,Protegida,none,none,Cerrado,Cerrado,MG,31342.341652355073
1653,Ce297,Protegida,none,none,Cerrado,Mata Atlântica,MG,296.6860048200077
1654,Ce297|Ce298,Protegida,237.0,none,Cerrado,Cerrado,MG,5.000000009313226e-09
1655,Ce297|Ce298,Protegida,237.0,none,Cerrado,Mata Atlântica,MG,2.3040000021494924e-05
1656,Ce297|Ce298,Protegida,none,none,Cerrado,Cerrado,MG,3.5535000033127145e-05
1657,Ce297|Ce298,Protegida,none,none,Cerrado,Mata Atlântica,MG,1.341500001241453e-05
1658,Ce298,Protegida,237.0,none,Cerrado,Cerrado,MG,79045.86194974497
1659,Ce298,Protegida,237.0,none,Cerrado,Mata Atlântica,MG,6517.044466030032
1660,Ce298,Protegida,238.0,none,Cerrado,Cerrado,MG,14157.275547164818
1661,Ce298,Protegida,none,none,Cerrado,Cerrado,MG,404.98302443501274
1662,Ce298,Protegida,none,none,Cerrado,Mata Atlântica,MG,0.0018619849976837099
1663,Ce299,Protegida,253.0,none,Cerrado,Cerrado,MG,62.26890757500676
1664,Ce299,Protegida,none,none,Cerrado,Cerrado,MG,137.29489210001012
1665,Ce300,Protegida,221.0,none,Cerrado,Cerrado,MG,17071.039429440018
1666,Ce300,Protegida,none,none,Cerrado,Cerrado,MG,178.07252425001354
1667,Ce301,Protegida,221.0,none,Cerrado,Cerrado,MG,8.693500008080264e-05
1668,Ce301,Protegida,221.0,none,Massa Dagua Continental,Cerrado,MG,0.3782022449974158
1669,Ce301,Protegida,none,none,Cerrado,Cerrado,MG,0.011293924999779022
1670,Ce301,Protegida,none,none,Massa Dagua Continental,Cerrado,MG,1384.095293305005
1671,Ce302,Protegida,218.0,none,Cerrado,Cerrado,MG,556.7530349850257
1672,Ce302,Protegida,none,none,Cerrado,Cerrado,MG,9512.934469160009
1673,Ce303,Protegida,218.0,none,Cerrado,Cerrado,MG,0.43675181501642646
1674,Ce303,Protegida,none,none,Cerrado,Cerrado,MG,17380.700466619965
1675,Ce304,Protegida,none,none,Cerrado,Cerrado,MG,1836.0672006649866
1676,Ce304,Protegida,none,none,Cerrado,Mata Atlântica,MG,107.0890883449927
1677,Ce304,Protegida,none,none,Mata Atlântica,Cerrado,MG,6644.475146240037
1678,Ce304,Protegida,none,none,Mata Atlântica,Mata Atlântica,MG,5389.397691495092
1679,Ce305,Protegida,227.0,none,Cerrado,Cerrado,GO,0.04075864498559291
1680,Ce305,Protegida,231.0,none,Cerrado,Cerrado,MS,3.6270000033797695e-05
1681,Ce305,Protegida,none,none,Cerrado,Cerrado,GO,129355.47457784982
1682,Ce305,Protegida,none,none,Cerrado,Cerrado,MS,3286.357081545015
1683,Ce306,Protegida,220.0,none,Cerrado,Cerrado,MS,8020.529670140028
1684,Ce306,Protegida,220.0,none,Cerrado,Cerrado,MT,2025.3501838150312
1685,Ce306,Protegida,231.0,none,Cerrado,Cerrado,MS,89.09205461498355
1686,Ce306,Protegida,none,none,Cerrado,Cerrado,MS,20272.088879554954
1687,Ce306,Protegida,none,none,Cerrado,Cerrado,MT,101.08833354499419
1688,Ce307,Protegida,223.0,none,Cerrado,Cerrado,MG,890.6046843200016
1689,Ce308,Protegida,218.0,none,Cerrado,Cerrado,MG,0.10697181501301972
1690,Ce308,Protegida,none,none,Cerrado,Cerrado,MG,124154.42439520516
1691,Ce309,Protegida,none,none,Cerrado,Cerrado,GO,12159.034237560034
1692,Ce310,Protegida,216.0,none,Cerrado,Cerrado,MS,4321.669715760015
1693,Ce310,Protegida,none,none,Cerrado,Cerrado,MS,885.2595103849866
1694,Ce311,Protegida,216.0,none,Cerrado,Cerrado,MS,69.77331302000323
1695,Ce311,Protegida,none,none,Cerrado,Cerrado,MS,2631.8954259299926
1696,Ce312,Protegida,none,none,Cerrado,Cerrado,MG,6455.321244425018
1697,Ce313,Protegida,201.0,none,Cerrado,Cerrado,MG,148.77275499999962
1698,Ce313,Protegida,209.0,none,Cerrado,Cerrado,MG,3049.9215261299937
1699,Ce313,Protegida,none,none,Cerrado,Cerrado,MG,55899.25979948001
1700,Ce314,Protegida,204.0,none,Cerrado,Cerrado,GO,199.54943964500245
1701,Ce314,Protegida,none,none,Cerrado,Cerrado,GO,1271.7187406500134
1702,Ce316,Protegida,none,none,Cerrado,Cerrado,MG,34860.63785683495
1703,Ce317,Protegida,193.0,none,Cerrado,Cerrado,GO,463.5299467199781
1704,Ce318,Protegida,189.0,none,Cerrado,Cerrado,MT,4.35701874501724
1705,Ce318,Protegida,192.0,none,Cerrado,Cerrado,MT,5.256170584980786
1706,Ce318,Protegida,none,none,Cerrado,Cerrado,MT,6408.160961364987
1707,Ce319,Protegida,183.0,none,Cerrado,Cerrado,GO,701.9167109400034
1708,Ce319,Protegida,none,none,Cerrado,Cerrado,GO,2855.9484118349837
1709,Ce320,Protegida,156.0,none,Cerrado,Cerrado,MT,1.4291870649767264
1710,Ce320,Protegida,none,none,Cerrado,Cerrado,MT,9541.093944290005
1711,Ce321,Protegida,none,none,Cerrado,Cerrado,MG,130.33398908000666
1712,Ce322,Protegida,173.0,none,Cerrado,Cerrado,MG,5467.761826010003
1713,Ce322,Protegida,none,none,Cerrado,Cerrado,MG,3947.163424814985
1714,Ce323,Protegida,173.0,none,Cerrado,Cerrado,MG,4880.872051355023
1715,Ce323,Protegida,none,none,Cerrado,Cerrado,MG,1423.2387903550032
1716,Ce324,Protegida,173.0,none,Cerrado,Cerrado,MG,0.09694465500002428
1717,Ce324,Protegida,none,none,Cerrado,Cerrado,MG,1289.3271478600182
1718,Ce325,Protegida,156.0,none,Cerrado,Cerrado,MT,0.9118854699826486
1719,Ce325,Protegida,none,none,Cerrado,Cerrado,MT,4768.174326515023
1720,Ce327,Protegida,159.0,none,Cerrado,Cerrado,DF,140.03773442001724
1721,Ce327,Protegida,none,none,Cerrado,Cerrado,DF,4.581707854994638
1722,Ce328,Protegida,175.0,none,Cerrado,Cerrado,GO,2568.292882500073
1723,Ce328,Protegida,none,none,Cerrado,Cerrado,GO,26093.99444106495
1724,Ce329,Protegida,161.0,none,Cerrado,Cerrado,MT,56.499088415008885
1725,Ce329,Protegida,none,none,Cerrado,Cerrado,MT,2375.638790719946
1726,Ce330,Protegida,159.0,none,Cerrado,Cerrado,DF,209.91353914496366
1727,Ce330,Protegida,none,none,Cerrado,Cerrado,DF,1975.8084452900112
1728,Ce331,Protegida,159.0,none,Cerrado,Cerrado,DF,1261.5408381950156
1729,Ce331,Protegida,none,none,Cerrado,Cerrado,DF,12.834552250004531
1730,Ce332,Protegida,159.0,none,Cerrado,Cerrado,DF,87.32726771001587
1731,Ce332,Protegida,none,none,Cerrado,Cerrado,DF,1067.1731845749944
1732,Ce333,Protegida,159.0,none,Cerrado,Cerrado,DF,577.9422961649462
1733,Ce333,Protegida,none,none,Cerrado,Cerrado,DF,4390.892087895021
1734,Ce334,Protegida,none,none,Cerrado,Cerrado,DF,54.0275157599965
1735,Ce335,Protegida,none,none,Cerrado,Cerrado,DF,483.8127541450012
1736,Ce336,Protegida,159.0,none,Cerrado,Cerrado,DF,211.12514067500007
1737,Ce336,Protegida,none,none,Cerrado,Cerrado,DF,2410.483030029988
1738,Ce337,Protegida,none,none,Cerrado,Cerrado,DF,5.788871354996931
1739,Ce337,Protegida,none,none,Massa Dagua Continental,Cerrado,DF,25.465621055010715
1740,Ce338,Protegida,none,none,Cerrado,Cerrado,DF,191.6080312150087
1741,Ce339,Protegida,159.0,none,Cerrado,Cerrado,DF,74.46796722499263
1742,Ce339,Protegida,159.0,none,Massa Dagua Continental,Cerrado,DF,13.212780235000048
1743,Ce339,Protegida,none,none,Cerrado,Cerrado,DF,0.799036760001084
1744,Ce339,Protegida,none,none,Massa Dagua Continental,Cerrado,DF,4.257560200002559
1745,Ce340,Protegida,158.0,none,Cerrado,Cerrado,GO,96.73442784998495
1746,Ce340,Protegida,none,none,Cerrado,Cerrado,GO,2740.770425440019
1747,Ce341,Protegida,147.0,none,Cerrado,Cerrado,MG,0.001573329999032921
1748,Ce341,Protegida,none,none,Cerrado,Cerrado,MG,58780.4797926749
1749,Ce342,Protegida,159.0,none,Cerrado,Cerrado,DF,0.009320549976982406
1750,Ce342,Protegida,159.0,none,Cerrado,Cerrado,GO,0.0025070300003729364
1751,Ce342,Protegida,none,none,Cerrado,Cerrado,DF,9223.335604175094
1752,Ce342,Protegida,none,none,Cerrado,Cerrado,GO,112.43783475000463
1753,Ce343,Protegida,146.0,none,Cerrado,Cerrado,DF,6.53047306501463
1754,Ce343,Protegida,159.0,none,Cerrado,Cerrado,DF,26.73536199994817
1755,Ce343,Protegida,none,none,Cerrado,Cerrado,DF,31758.086414865036
1756,Ce344,Protegida,146.0,none,Cerrado,Cerrado,DF,82.62151368499298
1757,Ce344,Protegida,none,none,Cerrado,Cerrado,DF,3366.661103955022
1758,Ce345,Protegida,153.0,none,Cerrado,Cerrado,MT,1.33100616499948
1759,Ce345,Protegida,none,none,Cerrado,Cerrado,MT,29637.17402807489
1760,Ce346,Protegida,none,none,Cerrado,Cerrado,GO,24.51830485000026
1761,Ce347,Protegida,146.0,none,Cerrado,Cerrado,DF,53.5261729249349
1762,Ce347,Protegida,159.0,none,Cerrado,Cerrado,DF,36.33198457501048
1763,Ce347,Protegida,none,none,Cerrado,Cerrado,DF,9483.469035450025
1764,Ce348,Protegida,none,none,Cerrado,Cerrado,MT,52.55974256000071
1765,Ce349,Protegida,134.0,none,Cerrado,Cerrado,MT,93.77995336500985
1766,Ce349,Protegida,none,none,Cerrado,Cerrado,MT,145.09390523000124
1767,Ce350,Protegida,none,none,Cerrado,Cerrado,MT,77.21196578999528
1768,Ce351,Protegida,none,none,Cerrado,Cerrado,MT,53.187548635002365
1769,Ce352,Protegida,134.0,none,Cerrado,Cerrado,MT,732.0515834900028
1770,Ce352,Protegida,155.0,none,Cerrado,Cerrado,MT,115.72542962499816
1771,Ce352,Protegida,161.0,none,Cerrado,Cerrado,MT,326.26071875499105
1772,Ce352,Protegida,none,none,Cerrado,Cerrado,MT,1874.6064698599992
1773,Ce353,Protegida,147.0,none,Cerrado,Cerrado,MG,0.25556254992918853
1774,Ce353,Protegida,none,none,Cerrado,Cerrado,MG,13553.012225269986
1775,Ce354,Protegida,151.0,none,Cerrado,Cerrado,MT,78.53416813498754
1776,Ce354,Protegida,none,none,Cerrado,Cerrado,MT,82725.08511568994
1777,Ce355,Protegida,none,none,Cerrado,Caatinga,MG,7407.173508210019
1778,Ce356,Protegida,150.0,none,Cerrado,Cerrado,MT,62.87092794997629
1779,Ce356,Protegida,155.0,none,Cerrado,Cerrado,MT,4.377999215012463
1780,Ce356,Protegida,none,none,Cerrado,Cerrado,MT,32594.85202394508
1781,Ce358,Protegida,108.0,none,Cerrado,Cerrado,MG,0.001058255003663362
1782,Ce358,Protegida,130.0,none,Cerrado,Cerrado,BA,0.0024045850010129656
1783,Ce358,Protegida,130.0,none,Cerrado,Cerrado,MG,0.0016849200095177875
1784,Ce358,Protegida,139.0,none,Cerrado,Cerrado,MG,0.10215647996923173
1785,Ce358,Protegida,none,none,Cerrado,Cerrado,BA,121889.46474541519
1786,Ce358,Protegida,none,none,Cerrado,Cerrado,MG,108963.82533226493
1787,Ce359,Protegida,133.0,none,Cerrado,Cerrado,MT,30.436192884986916
1788,Ce359,Protegida,138.0,none,Cerrado,Cerrado,MT,343.024982820058
1789,Ce359,Protegida,151.0,none,Cerrado,Cerrado,MT,39.117342955016966
1790,Ce359,Protegida,none,none,Cerrado,Cerrado,MT,172875.804391025
1791,Ce360,Protegida,145.0,none,Cerrado,Cerrado,MG,447.3412072500075
1792,Ce360,Protegida,none,none,Cerrado,Cerrado,MG,27864.869050249934
1793,Ce361,Protegida,none,none,Caatinga,Caatinga,MG,0.9308940600074885
1794,Ce361,Protegida,none,none,Cerrado,Caatinga,MG,6154.01106544494
1795,Ce361,Protegida,none,none,Cerrado,Cerrado,MG,125.53072198500394
1796,Ce362,Protegida,145.0,none,Cerrado,Cerrado,MG,0.40293069499654277
1797,Ce362,Protegida,none,none,Cerrado,Caatinga,MG,22652.21155287002
1798,Ce362,Protegida,none,none,Cerrado,Cerrado,MG,23565.92683547993
1799,Ce363,Protegida,143.0,none,Caatinga,Caatinga,BA,1.1039418999997868
1800,Ce363,Protegida,143.0,none,Caatinga,Caatinga,MG,1.3104898849971898
1801,Ce363,Protegida,143.0,none,Cerrado,Caatinga,BA,1.1535206549998336
1802,Ce363,Protegida,143.0,none,Cerrado,Caatinga,MG,87.74717483997892
1803,Ce363,Protegida,none,none,Caatinga,Caatinga,BA,30.9880817249975
1804,Ce363,Protegida,none,none,Caatinga,Caatinga,MG,7963.79267949505
1805,Ce363,Protegida,none,none,Cerrado,Caatinga,BA,60.06295146998842
1806,Ce363,Protegida,none,none,Cerrado,Caatinga,MG,17682.973306869913
1807,Ce364,Protegida,129.0,none,Cerrado,Cerrado,MT,3.276200124970061
1808,Ce364,Protegida,none,none,Cerrado,Cerrado,MT,9851.13979706006
1809,Ce365,Protegida,none,none,Cerrado,Cerrado,MT,12678.088104384997
1810,Ce366,Protegida,126.0,none,Cerrado,Cerrado,MT,0.002572634999056959
1811,Ce366,Protegida,none,none,Cerrado,Cerrado,MT,527.7661684549992
1812,Ce367,Protegida,101.0,none,Cerrado,Cerrado,MT,0.1418890499973605
1813,Ce367,Protegida,none,none,Cerrado,Cerrado,MT,51912.58195677503
1814,Ce368,Protegida,none,none,Amazônia,Amazônia,MT,3.430107774981673
1815,Ce368,Protegida,none,none,Cerrado,Amazônia,MT,3557.261380134996
1816,Ce368,Protegida,none,none,Cerrado,Cerrado,MT,16124.151216930039
1817,Ce369,Protegida,none,none,Cerrado,Cerrado,MT,70325.42999497007
1818,Ce370,Protegida,126.0,none,Cerrado,Cerrado,MT,203135.43099241992
1819,Ce370,Protegida,134.0,none,Cerrado,Cerrado,MT,35804.362233919994
1820,Ce370,Protegida,87.0,none,Cerrado,Cerrado,MT,27460.73836757997
1821,Ce370,Protegida,97.0,none,Cerrado,Cerrado,MT,5472.858032980017
1822,Ce370,Protegida,none,none,Cerrado,Cerrado,MT,152101.53081641023
1823,Ce370|Ce373,Protegida,none,none,Cerrado,Cerrado,MT,0.00010549000009823431
1824,Ce371,Protegida,123.0,none,Cerrado,Cerrado,MT,0.3383007000116531
1825,Ce371,Protegida,131.0,none,Cerrado,Cerrado,MT,1.94686171493128
1826,Ce371,Protegida,133.0,none,Cerrado,Cerrado,MT,3.088369254981964
1827,Ce371,Protegida,99.0,none,Cerrado,Cerrado,MT,2.65490490999349
1828,Ce371,Protegida,none,none,Cerrado,Cerrado,MT,180270.2153585514
1829,Ce372,Protegida,101.0,none,Cerrado,Cerrado,MT,0.5626729999893614
1830,Ce372,Protegida,116.0,none,Cerrado,Cerrado,MT,0.43064016999596216
1831,Ce372,Protegida,none,none,Cerrado,Cerrado,MT,224982.44674565012
1832,Ce373,Protegida,126.0,none,Cerrado,Cerrado,MT,90.85374544502389
1833,Ce373,Protegida,97.0,none,Cerrado,Cerrado,MT,79.22506200000147
1834,Ce373,Protegida,none,none,Cerrado,Cerrado,MT,10840.814389094978
1835,Ce374,Protegida,129.0,none,Cerrado,Cerrado,MT,9.276473325006508
1836,Ce374,Protegida,74.0,none,Cerrado,Cerrado,MT,10.544162479995789
1837,Ce374,Protegida,none,none,Cerrado,Cerrado,MT,562108.5899431398
1838,Ce375,Protegida,106.0,none,Cerrado,Cerrado,BA,0.0670173450260359
1839,Ce375,Protegida,124.0,none,Cerrado,Cerrado,BA,0.18389821003415616
1840,Ce375,Protegida,none,none,Cerrado,Cerrado,BA,128048.74307925002
1841,Ce376,Protegida,97.0,none,Cerrado,Cerrado,MT,1.4107824849680584
1842,Ce376,Protegida,none,none,Cerrado,Cerrado,MT,35816.612989119974
1843,Ce377,Protegida,102.0,none,Cerrado,Cerrado,GO,27.09069804499289
1844,Ce377,Protegida,114.0,none,Cerrado,Cerrado,GO,78.30902322006831
1845,Ce377,Protegida,none,none,Cerrado,Cerrado,GO,64689.83046128498
1846,Ce378,Protegida,103.0,none,Cerrado,Cerrado,MT,0.12440405499910251
1847,Ce378,Protegida,117.0,none,Cerrado,Cerrado,MT,0.00019250000001036098
1848,Ce378,Protegida,none,AMZ_CerraPant023,Cerrado,Cerrado,MT,34554.318105455015
1849,Ce378,Protegida,none,none,Cerrado,Cerrado,MT,65549.74030332496
1850,Ce379,Protegida,109.0,none,Cerrado,Cerrado,GO,5.149051144957
1851,Ce379,Protegida,109.0,none,Massa Dagua Continental,Cerrado,GO,0.32360773999986464
1852,Ce379,Protegida,115.0,none,Cerrado,Cerrado,GO,0.5008965300088856
1853,Ce379,Protegida,115.0,none,Massa Dagua Continental,Cerrado,GO,0.336709865004526
1854,Ce379,Protegida,none,none,Cerrado,Cerrado,GO,34271.61603129479
1855,Ce379,Protegida,none,none,Massa Dagua Continental,Cerrado,GO,4424.719254500048
1856,Ce380,Protegida,101.0,none,Cerrado,Cerrado,MT,396.0039873700006
1857,Ce380,Protegida,none,none,Cerrado,Cerrado,MT,3209.256551125013
1858,Ce381,Protegida,108.0,none,Cerrado,Cerrado,GO,160.73631495501385
1859,Ce381,Protegida,91.0,none,Cerrado,Cerrado,GO,7.642999985760933e-05
1860,Ce381,Protegida,none,none,Cerrado,Cerrado,BA,0.06055312999980339
1861,Ce381,Protegida,none,none,Cerrado,Cerrado,GO,56822.1567335202
1862,Ce382,Protegida,74.0,none,Cerrado,Cerrado,MT,74.44205163004868
1863,Ce382,Protegida,none,none,Cerrado,Cerrado,MT,409505.50042500475
1864,Ce383,Protegida,99.0,none,Cerrado,Cerrado,MT,5.367620450005363
1865,Ce383,Protegida,none,none,Amazônia,Cerrado,MT,0.005371229999827899
1866,Ce383,Protegida,none,none,Cerrado,Cerrado,MT,327645.45382489165
1867,Ce384,Protegida,67.0,none,Cerrado,Cerrado,MT,0.02477919999713318
1868,Ce384,Protegida,68.0,none,Cerrado,Cerrado,MT,0.005961174995124044
1869,Ce384,Protegida,99.0,none,Cerrado,Cerrado,MT,24.271233270009827
1870,Ce384,Protegida,none,none,Cerrado,Cerrado,MT,79128.76956297977
1871,Ce385,Protegida,74.0,none,Cerrado,Cerrado,MT,36.78928001994165
1872,Ce385,Protegida,none,none,Cerrado,Cerrado,MT,130467.632931745
1873,Ce386,Protegida,68.0,none,Cerrado,Cerrado,GO,767.0036967199796
1874,Ce386,Protegida,68.0,none,Cerrado,Cerrado,MT,0.0475905200000608
1875,Ce386,Protegida,none,none,Cerrado,Cerrado,GO,11406.639427335042
1876,Ce387,Protegida,none,none,Amazônia,Amazônia,MT,3296.85560233504
1877,Ce387,Protegida,none,none,Amazônia,Cerrado,MT,134679.8555315453
1878,Ce387,Protegida,none,none,Cerrado,Amazônia,MT,96279.09819757496
1879,Ce387,Protegida,none,none,Cerrado,Cerrado,MT,775794.0812685526
1880,Ce387,Protegida,none,none,Cerrado,none,MT,1.1234999998071216e-05
1881,Ce388,Protegida,68.0,none,Cerrado,Cerrado,MT,773.4449429300753
1882,Ce388,Protegida,none,none,Cerrado,Cerrado,MT,33019.30680123992
1883,Ce389,Protegida,none,none,Cerrado,Amazônia,MT,1684.674233035022
1884,Ce389,Protegida,none,none,Cerrado,Cerrado,MT,23999.460625074807
1885,Ce390,Protegida,46.0,none,Cerrado,Cerrado,MT,31.75306592501469
1886,Ce390,Protegida,46.0,none,Massa Dagua Continental,Cerrado,MT,259.3314358249911
1887,Ce390,Protegida,67.0,none,Cerrado,Cerrado,MT,3604.3735832799375
1888,Ce390,Protegida,67.0,none,Massa Dagua Continental,Cerrado,MT,70.8819568500138
1889,Ce390,Protegida,68.0,none,Cerrado,Cerrado,MT,1726.389731819948
1890,Ce390,Protegida,none,none,Cerrado,Cerrado,MT,215565.487046375
1891,Ce390,Protegida,none,none,Massa Dagua Continental,Cerrado,MT,32.866467270003874
1892,Ce391,Protegida,74.0,none,Cerrado,Cerrado,MT,1.7410277100198106
1893,Ce391,Protegida,none,none,Cerrado,Amazônia,MT,99074.84635335016
1894,Ce391,Protegida,none,none,Cerrado,Cerrado,MT,646829.8321968616
1895,Ce392,Protegida,74.0,none,Cerrado,Amazônia,MT,5825.22038010998
1896,Ce392,Protegida,74.0,none,Cerrado,Cerrado,MT,12942.809226799975
1897,Ce392,Protegida,none,none,Cerrado,Amazônia,MT,18841.810573415325
1898,Ce392,Protegida,none,none,Cerrado,Cerrado,MT,7385.510851935008
1899,Ce393,Protegida,65.0,none,Cerrado,Cerrado,BA,46975.65967864494
1900,Ce393,Protegida,none,none,Cerrado,Cerrado,BA,9964.843267310109
1901,Ce394,Protegida,46.0,none,Cerrado,Cerrado,TO,0.06769338999834067
1902,Ce394,Protegida,46.0,none,Massa Dagua Continental,Cerrado,TO,0.03055734499932547
1903,Ce394,Protegida,68.0,none,Cerrado,Cerrado,GO,2.540897554982631
1904,Ce394,Protegida,68.0,none,Cerrado,Cerrado,MT,0.031131870000933225
1905,Ce394,Protegida,68.0,none,Cerrado,Cerrado,TO,5.371029204923074
1906,Ce394,Protegida,none,none,Cerrado,Cerrado,GO,109.73769155505434
1907,Ce394,Protegida,none,none,Cerrado,Cerrado,MT,10.29308073998866
1908,Ce394,Protegida,none,none,Cerrado,Cerrado,TO,1358219.6103867814
1909,Ce394,Protegida,none,none,Massa Dagua Continental,Cerrado,TO,1195.848902499978
1910,Ce394|Ce400,Protegida,none,none,Cerrado,Cerrado,TO,48.31299563509476
1911,Ce394|Ce405,Protegida,none,none,Cerrado,Cerrado,TO,3.994000096713535e-05
1912,Ce395,Protegida,46.0,none,Cerrado,Cerrado,MT,156.57646361500085
1913,Ce395,Protegida,46.0,none,Cerrado,Cerrado,TO,64.178567170004
1914,Ce395,Protegida,46.0,none,Massa Dagua Continental,Cerrado,MT,9.249857255020048
1915,Ce395,Protegida,none,none,Cerrado,Cerrado,MT,26873.597748350156
1916,Ce395,Protegida,none,none,Cerrado,Cerrado,TO,169.6336759350041
1917,Ce395,Protegida,none,none,Massa Dagua Continental,Cerrado,MT,4822.360114284968
1918,Ce396,Protegida,46.0,none,Cerrado,Cerrado,MT,0.035532900003504696
1919,Ce396,Protegida,none,none,Cerrado,Cerrado,MT,3915.9769300500056
1920,Ce396,Protegida,none,none,Massa Dagua Continental,Cerrado,MT,1931.7273522699443
1921,Ce397,Protegida,56.0,none,Cerrado,Caatinga,BA,603.1586782050165
1922,Ce397,Protegida,56.0,none,Cerrado,Caatinga,PI,5.377341464999217
1923,Ce397,Protegida,56.0,none,Cerrado,Cerrado,BA,160874.79925854006
1924,Ce397,Protegida,56.0,none,Cerrado,Cerrado,PI,70.84969671998682
1925,Ce397,Protegida,none,none,Cerrado,Cerrado,BA,52149.89598483966
1926,Ce397,Protegida,none,none,Cerrado,Cerrado,PI,123.28295867999941
1927,Ce398,Protegida,46.0,none,Cerrado,Cerrado,MT,12394.008315134835
1928,Ce398,Protegida,46.0,none,Massa Dagua Continental,Cerrado,MT,10730.813693520182
1929,Ce398,Protegida,none,none,Cerrado,Cerrado,MT,44119.96960764501
1930,Ce398,Protegida,none,none,Massa Dagua Continental,Cerrado,MT,0.5094165349572908
1931,Ce399,Protegida,45.0,none,Cerrado,Cerrado,TO,198.66202682503913
1932,Ce399,Protegida,47.0,none,Cerrado,Cerrado,TO,963.7601845800792
1933,Ce399,Protegida,51.0,none,Cerrado,Cerrado,TO,7.095604504987877
1934,Ce399,Protegida,52.0,none,Cerrado,Cerrado,BA,1.592591584992742
1935,Ce399,Protegida,52.0,none,Cerrado,Cerrado,TO,237.5643530249254
1936,Ce399,Protegida,53.0,none,Cerrado,Cerrado,BA,257.5335219900298
1937,Ce399,Protegida,58.0,none,Cerrado,Cerrado,TO,37.088958120013295
1938,Ce399,Protegida,60.0,none,Cerrado,Cerrado,TO,839.754149465041
1939,Ce399,Protegida,none,none,Cerrado,Cerrado,BA,76296.88614851476
1940,Ce399,Protegida,none,none,Cerrado,Cerrado,TO,636789.99110878
1941,Ce400,Protegida,49.0,none,Cerrado,Cerrado,TO,2.9697865100064815
1942,Ce400,Protegida,none,none,Cerrado,Cerrado,TO,377277.05348043505
1943,Ce400|Ce405,Protegida,none,none,Cerrado,Cerrado,TO,0.00024683000279365037
1944,Ce400|Ce410,Protegida,none,none,Cerrado,Cerrado,TO,18.283280739995742
1945,Ce401,Protegida,44.0,none,Cerrado,Cerrado,MT,1.8909999995816034e-05
1946,Ce401,Protegida,46.0,none,Cerrado,Cerrado,MT,0.19723723501971502
1947,Ce401,Protegida,46.0,none,Massa Dagua Continental,Cerrado,MT,0.09142088001013633
1948,Ce401,Protegida,none,none,Cerrado,Amazônia,MT,29474.958578260124
1949,Ce401,Protegida,none,none,Cerrado,Cerrado,MT,28175.53371940003
1950,Ce401,Protegida,none,none,Massa Dagua Continental,Cerrado,MT,8423.549764559986
1951,Ce402,Protegida,45.0,none,Cerrado,Cerrado,TO,0.5088100549948957
1952,Ce402,Protegida,51.0,none,Cerrado,Cerrado,TO,112.44880461998777
1953,Ce402,Protegida,none,none,Cerrado,Cerrado,TO,158858.09664243512
1954,Ce403,Protegida,45.0,none,Cerrado,Cerrado,TO,68775.38118046489
1955,Ce403,Protegida,51.0,none,Cerrado,Cerrado,TO,80203.93123008998
1956,Ce403,Protegida,52.0,none,Cerrado,Cerrado,BA,12.403640319999699
1957,Ce403,Protegida,52.0,none,Cerrado,Cerrado,TO,55278.28752056519
1958,Ce403,Protegida,none,none,Cerrado,Cerrado,BA,51.66724093998378
1959,Ce403,Protegida,none,none,Cerrado,Cerrado,TO,135552.9535063601
1960,Ce404,Protegida,43.0,none,Cerrado,Cerrado,TO,44220.48432314493
1961,Ce404,Protegida,55.0,none,Cerrado,Cerrado,TO,75888.7495429401
1962,Ce404,Protegida,none,none,Cerrado,Cerrado,TO,229295.27976662494
1963,Ce405,Protegida,49.0,none,Cerrado,Cerrado,TO,47.08466964999067
1964,Ce405,Protegida,none,none,Cerrado,Cerrado,MT,37.27901372000997
1965,Ce405,Protegida,none,none,Cerrado,Cerrado,TO,178490.82280294964
1966,Ce405,Protegida,none,none,Massa Dagua Continental,Cerrado,MT,18.92433767499982
1967,Ce405,Protegida,none,none,Massa Dagua Continental,Cerrado,TO,4390.038460574995
1968,Ce405|Ce409,Protegida,none,none,Cerrado,Cerrado,TO,0.00018824499792990362
1969,Ce405|Ce410,Protegida,none,none,Cerrado,Cerrado,TO,72.90761284495316
1970,Ce406,Protegida,43.0,none,Cerrado,Cerrado,TO,0.19391668500083797
1971,Ce406,Protegida,47.0,none,Cerrado,Cerrado,TO,0.46675388500517584
1972,Ce406,Protegida,none,none,Cerrado,Cerrado,TO,10749.590280449956
1973,Ce407,Protegida,39.0,none,Cerrado,Cerrado,MA,65.9703107450245
1974,Ce407,Protegida,39.0,none,Cerrado,Cerrado,PI,966.5091037449528
1975,Ce407,Protegida,40.0,none,Cerrado,Cerrado,MA,154.88856130494523
1976,Ce407,Protegida,52.0,none,Cerrado,Cerrado,TO,35.25524141999364
1977,Ce407,Protegida,53.0,none,Cerrado,Cerrado,BA,0.024971594988761312
1978,Ce407,Protegida,53.0,none,Cerrado,Cerrado,TO,4.828999962824394e-05
1979,Ce407,Protegida,none,none,Cerrado,Cerrado,BA,24772.48107245984
1980,Ce407,Protegida,none,none,Cerrado,Cerrado,MA,336803.2004839701
1981,Ce407,Protegida,none,none,Cerrado,Cerrado,PI,261973.1052492096
1982,Ce407,Protegida,none,none,Cerrado,Cerrado,TO,105369.08450034526
1983,Ce408,Protegida,43.0,none,Cerrado,Cerrado,TO,0.5996044150083096
1984,Ce408,Protegida,none,none,Cerrado,Cerrado,TO,15826.299761525082
1985,Ce409,Protegida,32.0,none,Cerrado,Cerrado,TO,19.94727348004507
1986,Ce409,Protegida,32.0,none,Massa Dagua Continental,Cerrado,PA,0.0034087400012470233
1987,Ce409,Protegida,32.0,none,Massa Dagua Continental,Cerrado,TO,0.12976028499582606
1988,Ce409,Protegida,41.0,none,Cerrado,Cerrado,TO,22.00272223004153
1989,Ce409,Protegida,none,none,Amazônia,Cerrado,TO,0.059195124997553424
1990,Ce409,Protegida,none,none,Cerrado,Cerrado,TO,86729.27988843499
1991,Ce409,Protegida,none,none,Massa Dagua Continental,Cerrado,PA,181.07953138001636
1992,Ce409,Protegida,none,none,Massa Dagua Continental,Cerrado,TO,12221.268495634873
1993,Ce409,Protegida,none,none,Massa Dagua Continental,Cerrado,none,5.365000227713026e-05
1994,Ce409|Ce410,Protegida,32.0,none,Cerrado,Cerrado,TO,35.258550024988416
1995,Ce409|Ce410,Protegida,32.0,none,Massa Dagua Continental,Cerrado,PA,0.04003472999937797
1996,Ce409|Ce410,Protegida,32.0,none,Massa Dagua Continental,Cerrado,TO,5.8173186449856225
1997,Ce409|Ce410,Protegida,41.0,none,Cerrado,Cerrado,TO,44.20748887497626
1998,Ce409|Ce410,Protegida,none,none,Cerrado,Cerrado,TO,0.779647349992647
1999,Ce409|Ce410,Protegida,none,none,Massa Dagua Continental,Cerrado,TO,0.001833760001706206
2000,Ce410,Protegida,30.0,AMZ_CerraPant033,Cerrado,Cerrado,TO,0.023205030001293255
2001,Ce410,Protegida,30.0,none,Cerrado,Cerrado,TO,29648.890128699953
2002,Ce410,Protegida,30.0,none,Massa Dagua Continental,Cerrado,TO,1002.4374600651266
2003,Ce410,Protegida,32.0,none,Cerrado,Cerrado,TO,108282.20288088503
2004,Ce410,Protegida,32.0,none,Massa Dagua Continental,Cerrado,PA,9.900982984999276
2005,Ce410,Protegida,32.0,none,Massa Dagua Continental,Cerrado,TO,3505.3676942346333
2006,Ce410,Protegida,34.0,none,Cerrado,Cerrado,TO,328660.9100045945
2007,Ce410,Protegida,34.0,none,Massa Dagua Continental,Cerrado,TO,443.9849547900023
2008,Ce410,Protegida,41.0,none,Cerrado,Cerrado,TO,228396.22984689422
2009,Ce410,Protegida,50.0,none,Cerrado,Cerrado,TO,22765.431856794996
2010,Ce410,Protegida,none,AMZ_CerraPant033,Cerrado,Cerrado,TO,0.11078182500085172
2011,Ce410,Protegida,none,AMZ_CerraPant033,Massa Dagua Continental,Cerrado,TO,0.0021424399998899923
2012,Ce410,Protegida,none,none,Cerrado,Cerrado,TO,746896.2661675895
2013,Ce410,Protegida,none,none,Massa Dagua Continental,Cerrado,PA,39.55381697497492
2014,Ce410,Protegida,none,none,Massa Dagua Continental,Cerrado,TO,375.38397735500524
2015,Ce411,Protegida,37.0,none,Cerrado,Cerrado,TO,18.20540590499922
2016,Ce411,Protegida,none,none,Cerrado,Cerrado,TO,165186.26735457548
2017,Ce412,Protegida,33.0,none,Cerrado,Cerrado,PI,13.61326195503862
2018,Ce412,Protegida,none,none,Caatinga,Caatinga,PI,204521.3249462495
2019,Ce412,Protegida,none,none,Caatinga,Cerrado,PI,6384.6980911250475
2020,Ce412,Protegida,none,none,Cerrado,Caatinga,PI,289835.89291763474
2021,Ce412,Protegida,none,none,Cerrado,Cerrado,PI,23164.28043464983
2022,Ce413,Protegida,22.0,none,Cerrado,Cerrado,PI,25844.51140045023
2023,Ce413,Protegida,28.0,none,Cerrado,Cerrado,PI,25425.521935664972
2024,Ce413,Protegida,none,none,Cerrado,Cerrado,PI,152172.21931188498
2025,Ce414,Protegida,26.0,none,Cerrado,Cerrado,TO,1.7699417499909291
2026,Ce414,Protegida,31.0,none,Cerrado,Cerrado,TO,19.04957976000494
2027,Ce414,Protegida,none,none,Cerrado,Cerrado,TO,305808.5755709305
2028,Ce415,Protegida,18.0,none,Cerrado,Cerrado,TO,63.36342131501703
2029,Ce415,Protegida,18.0,none,Massa Dagua Continental,Cerrado,TO,0.4337045700009385
2030,Ce415,Protegida,none,none,Cerrado,Cerrado,TO,29179.440781524907
2031,Ce415,Protegida,none,none,Massa Dagua Continental,Cerrado,TO,1.9899592700025206
2032,Ce416,Protegida,18.0,none,Cerrado,Cerrado,MA,15.375963404946694
2033,Ce416,Protegida,none,none,Cerrado,Cerrado,MA,159936.23221720496
2034,Ce417,Protegida,15.0,none,Cerrado,Cerrado,MA,3078.511394310111
2035,Ce417,Protegida,16.0,none,Cerrado,Cerrado,MA,52807.317908719895
2036,Ce417,Protegida,19.0,none,Cerrado,Cerrado,MA,209.17059570997336
2037,Ce417,Protegida,none,none,Cerrado,Cerrado,MA,522237.9873454196
2038,Ce418,Protegida,none,none,Cerrado,Cerrado,MA,79410.2616220144
2039,Ce419,Protegida,13.0,none,Cerrado,Cerrado,TO,366.3230906950282
2040,Ce419,Protegida,none,none,Cerrado,Cerrado,TO,141838.47649273026
2041,Ce419,Protegida,none,none,Massa Dagua Continental,Cerrado,TO,870.0124583650147
2042,Ce420,Protegida,15.0,none,Cerrado,Cerrado,MA,0.5349685500135504
2043,Ce420,Protegida,none,none,Cerrado,Cerrado,MA,125574.65521515503
2044,Ce421,Protegida,none,none,Cerrado,Cerrado,MA,145065.80251448
2045,Ce422,Protegida,14.0,none,Cerrado,Cerrado,MA,5.786250559994189
2046,Ce422,Protegida,none,none,Cerrado,Cerrado,MA,82651.53794549985
2047,Ce423,Protegida,none,none,Cerrado,Cerrado,MA,2320.2080656249514
2048,Ce424,Protegida,14.0,none,Cerrado,Cerrado,MA,22.398154124892006
2049,Ce424,Protegida,none,none,Cerrado,Cerrado,MA,135551.69222742046
2050,Ce425,Protegida,none,none,Cerrado,Cerrado,MA,12922.215225270022
2051,Ce426,Protegida,none,none,Amazônia,Amazônia,MA,0.5398417800011621
2052,Ce426,Protegida,none,none,Amazônia,Cerrado,MA,1067.5112424999845
2053,Ce426,Protegida,none,none,Cerrado,Cerrado,MA,11681.913971484979
2054,Ce427,Protegida,none,none,Cerrado,Cerrado,MA,13469.837389634833
2055,Ce428,Protegida,none,none,Cerrado,Amazônia,TO,9124.973284030075
2056,CeZc246,Nova,none,none,Caatinga,Caatinga,PI,2.765304389992966
2057,CeZc246,Nova,none,none,Caatinga,Cerrado,MA,11.89095743018852
2058,CeZc246,Nova,none,none,Caatinga,Cerrado,PI,0.07629288500041803
2059,CeZc246,Nova,none,none,Cerrado,Caatinga,PI,25308.379318314852
2060,CeZc246,Nova,none,none,Cerrado,Caatinga,none,0.23135951000013738
2061,CeZc246,Nova,none,none,Cerrado,Cerrado,MA,10208.871761069975
2062,CeZc246,Nova,none,none,Cerrado,Cerrado,PI,677.9101174150211
2063,CeZc246,Nova,none,none,Cerrado,Cerrado,none,103.32700386499388
2064,CeZc246,Nova,none,none,Cerrado,none,MA,0.381223065004506
2065,CeZc246,Nova,none,none,Cerrado,none,PI,110.22233623001397
2066,CeZc246,Nova,none,none,Cerrado,none,none,1835.8774500900372
2067,CeZc246,Nova,none,none,"Massa Dagua Costeira - Mar Territorial, 12 milhas",none,none,0.5275336350276834
2068,CeZc247,Nova,none,none,Cerrado,Cerrado,MA,4018.282400020051
2069,CeZc248,Nova,none,none,Cerrado,Cerrado,MA,23968.719732504935
2070,CeZc248,Nova,none,none,Cerrado,Cerrado,none,0.9938991750012823
2071,CeZc248,Nova,none,none,Cerrado,none,MA,5.944125359996892
2072,CeZc248,Nova,none,none,Cerrado,none,none,52.3581925249973
2073,CeZc248,Nova,none,none,"Massa Dagua Costeira - Mar Territorial, 12 milhas",Cerrado,MA,3382.58632549493
2074,CeZc248,Nova,none,none,"Massa Dagua Costeira - Mar Territorial, 12 milhas",none,MA,229.04486595497565
2075,CeZc248,Nova,none,none,"Massa Dagua Costeira - Mar Territorial, 12 milhas",none,none,57.9307274250031
2076,CeZc249,Nova,none,none,Cerrado,Cerrado,MA,7055.592697344974
2077,CeZc249,Nova,none,none,Cerrado,Cerrado,none,244.41235044502028
2078,CeZc249,Nova,none,none,Cerrado,none,MA,32.187731744992
2079,CeZc249,Nova,none,none,Cerrado,none,none,101.19916175504424
2080,CeZc249,Nova,none,none,"Massa Dagua Costeira - Mar Territorial, 12 milhas",Cerrado,MA,372.3221215152119
2081,CeZc249,Nova,none,none,"Massa Dagua Costeira - Mar Territorial, 12 milhas",Cerrado,none,9.533527720003548
2082,CeZc249,Nova,none,none,"Massa Dagua Costeira - Mar Territorial, 12 milhas",none,MA,0.10275032000009303
2083,CeZc249,Nova,none,none,"Massa Dagua Costeira - Mar Territorial, 12 milhas",none,none,104.17707720991922
2084,CeZc250,Nova,1.0,none,Cerrado,Cerrado,MA,744.1120646749721
2085,CeZc250,Nova,none,none,Cerrado,Cerrado,MA,2406.6849026249984
2086,CeZc250,Nova,none,none,"Massa Dagua Costeira - Mar Territorial, 12 milhas",Cerrado,MA,6191.760268959994
2087,CeZc250,Nova,none,none,"Massa Dagua Costeira - Mar Territorial, 12 milhas",Cerrado,none,85.12576727999772
2088,CeZc250,Nova,none,none,"Massa Dagua Costeira - Mar Territorial, 12 milhas",none,MA,316.3224485949671
2089,CeZc250,Nova,none,none,"Massa Dagua Costeira - Mar Territorial, 12 milhas",none,none,7336.842551650003
2090,CeZc250|CeZc430,Nova|Protegida,none,none,Cerrado,Cerrado,MA,0.00032602999271257315
2091,CeZc250|CeZc430,Nova|Protegida,none,none,"Massa Dagua Costeira - Mar Territorial, 12 milhas",Cerrado,MA,3.6500000035390555e-06
2092,CeZc251,Nova,1.0,none,Cerrado,Cerrado,MA,4168.049504059994
2093,CeZc251,Nova,none,none,Cerrado,Cerrado,MA,2846.9094264900127
2094,CeZc251|CeZc315,Nova|Protegida,1.0,none,Cerrado,Cerrado,MA,0.00012434000011562603
2095,CeZc315,Protegida,1.0,none,Cerrado,Cerrado,MA,2.1069948199897035
2096,CeZc315,Protegida,none,none,Cerrado,Amazônia,MA,0.6717322800023382
2097,CeZc315,Protegida,none,none,Cerrado,Cerrado,MA,136386.27864329462
2098,CeZc315,Protegida,none,none,Massa Dagua Continental,Amazônia,MA,0.008609824999401536
2099,CeZc315,Protegida,none,none,Massa Dagua Continental,Cerrado,MA,1.1672882899860928
2100,CeZc315,Protegida,none,none,"Massa Dagua Costeira - Mar Territorial, 12 milhas",Cerrado,MA,0.004090259999650656
2101,CeZc429,Protegida,1.0,none,Cerrado,Cerrado,MA,15431.149091109824
2102,CeZc430,Protegida,1.0,none,Cerrado,Cerrado,MA,43237.18031830997
2103,CeZc430,Protegida,none,none,Caatinga,Cerrado,MA,9442.832409134855
2104,CeZc430,Protegida,none,none,Cerrado,Cerrado,MA,54913.15381558529
2105,CeZc430,Protegida,none,none,Cerrado,none,MA,33.55299650000189
2106,CeZc430,Protegida,none,none,Cerrado,none,none,105.15710730499707
2107,CeZc430,Protegida,none,none,"Massa Dagua Costeira - Mar Territorial, 12 milhas",Cerrado,MA,111.05890757013788
2108,CeZc430,Protegida,none,none,"Massa Dagua Costeira - Mar Territorial, 12 milhas",none,MA,0.16345026000061005
2109,CeZc430|CeZc431,Protegida,none,none,Caatinga,Cerrado,MA,3.190499961320852e-05
2110,CeZc430|CeZc431,Protegida,none,none,Cerrado,Cerrado,MA,4.7399999624723564e-05
2111,CeZc430|CeZc432,Protegida,1.0,none,Cerrado,Cerrado,MA,28.4641610149958
2112,CeZc431,Protegida,none,none,Caatinga,Cerrado,MA,639.6616117250793
2113,CeZc431,Protegida,none,none,Cerrado,Caatinga,PI,702.2710282450166
2114,CeZc431,Protegida,none,none,Cerrado,Cerrado,MA,19574.150541534942
2115,CeZc431,Protegida,none,none,Cerrado,Cerrado,PI,209.42517362991873
2116,CeZc431,Protegida,none,none,Cerrado,Cerrado,none,55.481449715008736
2117,CeZc431,Protegida,none,none,"Massa Dagua Costeira - Mar Territorial, 12 milhas",Cerrado,MA,5669.19286569506
2118,CeZc431,Protegida,none,none,"Massa Dagua Costeira - Mar Territorial, 12 milhas",Cerrado,none,104.8272163849945
2119,CeZc431,Protegida,none,none,"Massa Dagua Costeira - Mar Territorial, 12 milhas",none,MA,10.561291279997189
2120,CeZc431,Protegida,none,none,"Massa Dagua Costeira - Mar Territorial, 12 milhas",none,none,55.729838124995794
2121,CeZc432,Protegida,1.0,none,Cerrado,Cerrado,MA,4350.664344689849
2122,Pa001,Nova,none,none,Cerrado,Pantanal,MS,19.31740375000034
2123,Pa001,Nova,none,none,Massa Dagua Continental,Pantanal,MS,6063.707944409969
2124,Pa001,Nova,none,none,Massa Dagua Continental,Pantanal,none,5.980487995000228
2125,Pa001,Nova,none,none,Massa Dagua Continental,none,MS,20.23721722999245
2126,Pa001,Nova,none,none,Massa Dagua Continental,none,none,254.3719514299962
2127,Pa001,Nova,none,none,Pantanal,Pantanal,MS,75291.49663819493
2128,Pa001,Nova,none,none,none,Pantanal,MS,441.83006870005596
2129,Pa002,Nova,285.0,none,Cerrado,Pantanal,MS,86.56058034001032
2130,Pa002,Nova,285.0,none,Massa Dagua Continental,Pantanal,MS,711.9782631000332
2131,Pa002,Nova,285.0,none,Pantanal,Pantanal,MS,53664.87390122002
2132,Pa002,Nova,none,none,Massa Dagua Continental,Pantanal,MS,3361.0638743399822
2133,Pa002,Nova,none,none,Massa Dagua Continental,Pantanal,none,4.671732025000979
2134,Pa002,Nova,none,none,Massa Dagua Continental,none,MS,1.9033963249969086
2135,Pa002,Nova,none,none,Massa Dagua Continental,none,none,41.607965969997686
2136,Pa002,Nova,none,none,Pantanal,Pantanal,MS,18200.24157767014
2137,Pa003,Nova,245.0,none,Pantanal,Cerrado,MS,2804.8822578499658
2138,Pa003,Nova,245.0,none,Pantanal,Pantanal,MS,27833.058357780094
2139,Pa003,Nova,none,none,Cerrado,Cerrado,MS,2.186905099985207
2140,Pa003,Nova,none,none,Cerrado,Pantanal,MS,1.950332309984109
2141,Pa003,Nova,none,none,Pantanal,Cerrado,MS,1700.4148998449668
2142,Pa003,Nova,none,none,Pantanal,Pantanal,MS,5251.071587049982
2143,Pa004,Nova,257.0,none,Cerrado,Cerrado,MS,0.09186993000014508
2144,Pa004,Nova,257.0,none,Pantanal,Cerrado,MS,1118.754921555017
2145,Pa004,Nova,257.0,none,Pantanal,Pantanal,MS,2200.019450615
2146,Pa004,Nova,258.0,none,Cerrado,Cerrado,MS,0.9261581799931838
2147,Pa004,Nova,258.0,none,Cerrado,Pantanal,MS,4.512126875008778
2148,Pa004,Nova,258.0,none,Pantanal,Cerrado,MS,8572.790681414994
2149,Pa004,Nova,258.0,none,Pantanal,Pantanal,MS,52015.13820321488
2150,Pa004,Nova,261.0,none,Pantanal,Cerrado,MS,286.1851119299942
2151,Pa004,Nova,none,none,Cerrado,Cerrado,MS,25.1328264099948
2152,Pa004,Nova,none,none,Cerrado,Pantanal,MS,2.8083151399709383
2153,Pa004,Nova,none,none,Pantanal,Cerrado,MS,35709.255297460106
2154,Pa004,Nova,none,none,Pantanal,Pantanal,MS,36299.793861255
2155,Pa004,Nova,none,none,Pantanal,none,MS,7.35049995537894e-05
2156,Pa005,Nova,224.0,none,Pantanal,Pantanal,MS,13.35287696500325
2157,Pa005,Nova,246.0,none,Massa Dagua Continental,Pantanal,MS,1146.0097425749727
2158,Pa005,Nova,246.0,none,Pantanal,Pantanal,MS,17552.815621465168
2159,Pa005,Nova,252.0,none,Massa Dagua Continental,Pantanal,MS,20906.71216598997
2160,Pa005,Nova,252.0,none,Pantanal,Pantanal,MS,88556.596398745
2161,Pa005,Nova,none,none,Massa Dagua Continental,Pantanal,MS,70.81710466999465
2162,Pa005,Nova,none,none,Pantanal,Pantanal,MS,203017.8838658801
2163,Pa005|Pa009|Pa011,Nova,224.0,none,Pantanal,Pantanal,MS,0.0006737450006274111
2164,Pa006,Nova,243.0,none,Pantanal,Pantanal,MS,4.493042370000378
2165,Pa006,Nova,245.0,none,Pantanal,Pantanal,MS,205811.22576070004
2166,Pa006,Nova,255.0,none,Cerrado,Cerrado,MS,2.7868794199992655
2167,Pa006,Nova,255.0,none,Cerrado,Pantanal,MS,82.61473353503484
2168,Pa006,Nova,255.0,none,Pantanal,Cerrado,MS,3330.9436507900095
2169,Pa006,Nova,255.0,none,Pantanal,Pantanal,MS,5744.712366854964
2170,Pa006,Nova,257.0,none,Pantanal,Pantanal,MS,14729.57573721006
2171,Pa006,Nova,none,none,Pantanal,Pantanal,MS,34648.86272599005
2172,Pa007,Nova,245.0,none,Pantanal,Pantanal,MS,119.70173567498296
2173,Pa007,Nova,252.0,none,Pantanal,Cerrado,MS,111.34688068001422
2174,Pa007,Nova,252.0,none,Pantanal,Pantanal,MS,169234.546179
2175,Pa007,Nova,257.0,none,Pantanal,Cerrado,MS,34.03369609000176
2176,Pa007,Nova,257.0,none,Pantanal,Pantanal,MS,54534.939736509994
2177,Pa007,Nova,258.0,none,Pantanal,Cerrado,MS,38.782515695001514
2178,Pa007,Nova,258.0,none,Pantanal,Pantanal,MS,22318.558938475002
2179,Pa007,Nova,none,none,Pantanal,Pantanal,MS,17860.989164035094
2180,Pa008,Nova,234.0,none,Pantanal,Pantanal,MS,168.64886983501245
2181,Pa008,Nova,243.0,none,Pantanal,Pantanal,MS,23578.026569224996
2182,Pa008,Nova,252.0,none,Pantanal,Pantanal,MS,4697.918766249991
2183,Pa008,Nova,none,none,Pantanal,Pantanal,MS,27022.472910970086
2184,Pa009,Nova,224.0,none,Massa Dagua Continental,Pantanal,MS,406.9171445200199
2185,Pa009,Nova,224.0,none,Pantanal,Pantanal,MS,6660.390532604992
2186,Pa009,Nova,234.0,none,Pantanal,Pantanal,MS,1621.4548345000476
2187,Pa009,Nova,243.0,none,Pantanal,Pantanal,MS,16053.978064920015
2188,Pa009,Nova,246.0,none,Massa Dagua Continental,Pantanal,MS,20.765193380001417
2189,Pa009,Nova,246.0,none,Pantanal,Pantanal,MS,63.38257047500629
2190,Pa009,Nova,252.0,none,Pantanal,Pantanal,MS,19375.89921994991
2191,Pa009,Nova,none,none,Pantanal,Pantanal,MS,25458.395330135056
2192,Pa010,Nova,234.0,none,Pantanal,Pantanal,MS,6946.177373715013
2193,Pa010,Nova,245.0,none,Pantanal,Pantanal,MS,242696.88394912038
2194,Pa010,Nova,249.0,none,Cerrado,Cerrado,MS,2.719316590009723
2195,Pa010,Nova,249.0,none,Pantanal,Cerrado,MS,2202.692084610002
2196,Pa010,Nova,249.0,none,Pantanal,Pantanal,MS,1702.370621190001
2197,Pa010,Nova,255.0,none,Pantanal,Pantanal,MS,27448.84681291992
2198,Pa010,Nova,none,none,Cerrado,Cerrado,MS,2.0384373749923195
2199,Pa010,Nova,none,none,Cerrado,Pantanal,MS,6.848595849974386
2200,Pa010,Nova,none,none,Pantanal,Cerrado,MS,252.5746904099951
2201,Pa010,Nova,none,none,Pantanal,Pantanal,MS,236758.56483946997
2202,Pa011,Nova,224.0,none,Massa Dagua Continental,Pantanal,MS,234.34471664999165
2203,Pa011,Nova,224.0,none,Pantanal,Pantanal,MS,36638.24803191498
2204,Pa011,Nova,246.0,none,Massa Dagua Continental,Pantanal,MS,5547.566078255063
2205,Pa011,Nova,246.0,none,Pantanal,Pantanal,MS,151108.46826810486
2206,Pa011,Nova,246.0,none,Pantanal,none,MS,52.30057790501162
2207,Pa011,Nova,246.0,none,Pantanal,none,none,438.0542077449606
2208,Pa011,Nova,252.0,none,Massa Dagua Continental,Pantanal,MS,23.562580970007424
2209,Pa011,Nova,252.0,none,Pantanal,Pantanal,MS,255.29142675498434
2210,Pa011,Nova,none,none,Massa Dagua Continental,Pantanal,MS,183.61245631002268
2211,Pa011,Nova,none,none,Pantanal,Pantanal,MS,8166.4921785799725
2212,Pa011,Nova,none,none,Pantanal,none,MS,7.493948855001358
2213,Pa011,Nova,none,none,Pantanal,none,none,44.1922826800085
2214,Pa012,Nova,234.0,none,Pantanal,Pantanal,MS,70047.49086744996
2215,Pa012,Nova,243.0,none,Pantanal,Pantanal,MS,173701.90132101986
2216,Pa012,Nova,245.0,none,Pantanal,Pantanal,MS,270876.98821551003
2217,Pa012,Nova,none,none,Pantanal,Pantanal,MS,196063.80562130487
2218,Pa013,Nova,224.0,none,Massa Dagua Continental,Pantanal,MS,1347.5404180999826
2219,Pa013,Nova,224.0,none,Pantanal,Pantanal,MS,7268.56644120502
2220,Pa013,Nova,229.0,none,Massa Dagua Continental,Pantanal,MS,8.293896799996816
2221,Pa013,Nova,229.0,none,Pantanal,Pantanal,MS,98005.37930114503
2222,Pa013,Nova,234.0,none,Pantanal,Pantanal,MS,5169.211072940001
2223,Pa013,Nova,243.0,none,Pantanal,Pantanal,MS,7012.224327149959
2224,Pa013,Nova,none,none,Massa Dagua Continental,Pantanal,MS,4.6854249599980005
2225,Pa013,Nova,none,none,Pantanal,Pantanal,MS,113777.35167782988
2226,Pa014,Nova,229.0,none,Pantanal,Pantanal,MS,6476.516547030002
2227,Pa014,Nova,234.0,none,Pantanal,Pantanal,MS,56436.98081934501
2228,Pa014,Nova,none,none,Pantanal,Pantanal,MS,58716.40002031498
2229,Pa015,Nova,none,none,Pantanal,Pantanal,MS,11278.945208834957
2230,Pa016,Nova,224.0,none,Massa Dagua Continental,Pantanal,MS,46633.23808915483
2231,Pa016,Nova,224.0,none,Massa Dagua Continental,Pantanal,none,0.13767730499988884
2232,Pa016,Nova,224.0,none,Massa Dagua Continental,none,MS,3.1660182649988133
2233,Pa016,Nova,224.0,none,Massa Dagua Continental,none,none,11.581807450000083
2234,Pa016,Nova,224.0,none,Pantanal,Pantanal,MS,171664.82445626485
2235,Pa016,Nova,224.0,none,Pantanal,Pantanal,MT,156.78259886502312
2236,Pa016,Nova,224.0,none,Pantanal,Pantanal,none,7.5794152300052735
2237,Pa016,Nova,224.0,none,Pantanal,none,MS,28.359697105024125
2238,Pa016,Nova,224.0,none,Pantanal,none,none,6215.989787400072
2239,Pa016,Nova,224.0,none,none,Pantanal,MS,6144.861586660013
2240,Pa016,Nova,224.0,none,none,Pantanal,none,5.550745165001377
2241,Pa016,Nova,224.0,none,none,none,MS,19.693151709996396
2242,Pa016,Nova,224.0,none,none,none,none,671.5317961149996
2243,Pa016,Nova,229.0,none,Massa Dagua Continental,Pantanal,MS,28.29954306499894
2244,Pa016,Nova,229.0,none,Pantanal,Pantanal,MS,18.3462382300011
2245,Pa016,Nova,246.0,none,Massa Dagua Continental,Pantanal,MS,4814.286188025086
2246,Pa016,Nova,246.0,none,Pantanal,Pantanal,MS,48157.61048561497
2247,Pa016,Nova,none,none,Massa Dagua Continental,Pantanal,MS,5840.08349857998
2248,Pa016,Nova,none,none,Pantanal,Pantanal,MS,110782.31553007502
2249,Pa016,Nova,none,none,Pantanal,Pantanal,MT,32.22051353998993
2250,Pa016,Nova,none,none,Pantanal,Pantanal,none,16.84296190996551
2251,Pa016,Nova,none,none,Pantanal,none,MS,2.6116021250054753
2252,Pa016,Nova,none,none,Pantanal,none,none,8303.477010444914
2253,Pa016,Nova,none,none,none,Pantanal,MS,1845.5873297399692
2254,Pa016,Nova,none,none,none,Pantanal,none,47.794399580010094
2255,Pa016,Nova,none,none,none,none,MS,0.00109391000101823
2256,Pa016,Nova,none,none,none,none,none,780.747607630006
2257,Pa016|Pa021,Nova,224.0,none,Massa Dagua Continental,Pantanal,MS,536.9740040300134
2258,Pa016|Pa021,Nova,224.0,none,Pantanal,Pantanal,MS,8494.390423914994
2259,Pa016|Pa021,Nova,224.0,none,Pantanal,Pantanal,MT,486.60541790000053
2260,Pa016|Pa021,Nova,none,none,Pantanal,Pantanal,MS,59356.13810732005
2261,Pa016|Pa021,Nova,none,none,Pantanal,Pantanal,MT,40551.340792455005
2262,Pa017,Nova,224.0,none,Pantanal,Pantanal,MS,11492.81301163003
2263,Pa017,Nova,229.0,none,Pantanal,Pantanal,MS,147.54360069500711
2264,Pa017,Nova,none,none,Pantanal,Pantanal,MS,268913.785078825
2265,Pa018,Nova,224.0,none,Massa Dagua Continental,Pantanal,MS,4571.856885349969
2266,Pa018,Nova,224.0,none,Massa Dagua Continental,Pantanal,none,0.32858566998887756
2267,Pa018,Nova,224.0,none,Massa Dagua Continental,none,MS,0.01856480999995752
2268,Pa018,Nova,224.0,none,Massa Dagua Continental,none,none,28.437367340005725
2269,Pa018,Nova,224.0,none,Pantanal,Pantanal,MS,4547.879476445041
2270,Pa018,Nova,224.0,none,Pantanal,Pantanal,none,0.004092959999700971
2271,Pa018,Nova,224.0,none,Pantanal,none,MS,2.0936225950024547
2272,Pa018,Nova,224.0,none,Pantanal,none,none,149.9937150500051
2273,Pa018,Nova,none,none,Massa Dagua Continental,Pantanal,MS,256.6879266899975
2274,Pa018,Nova,none,none,Pantanal,Pantanal,MS,30986.289041210057
2275,Pa018,Nova,none,none,Pantanal,none,MS,3.8749650850014397
2276,Pa018,Nova,none,none,Pantanal,none,none,582.5331953850182
2277,Pa018,Nova,none,none,none,Pantanal,MS,0.25012415999094467
2278,Pa019,Nova,none,none,Pantanal,Pantanal,MS,72290.25156447003
2279,Pa020,Nova,224.0,none,Massa Dagua Continental,Pantanal,MS,3780.148661145002
2280,Pa020,Nova,224.0,none,Pantanal,Pantanal,MS,23885.486272755064
2281,Pa020,Nova,224.0,none,none,Pantanal,MS,766.4734207950029
2282,Pa020,Nova,none,none,Pantanal,Pantanal,MS,2502.107053284988
2283,Pa020,Nova,none,none,none,Pantanal,MS,122.16272912500084
2284,Pa021,Nova,none,none,Pantanal,Pantanal,MS,926.2517282700146
2285,Pa021,Nova,none,none,Pantanal,Pantanal,MT,31323.453607620024
2286,Pa022,Nova,216.0,none,Cerrado,Pantanal,MS,0.8225954799956038
2287,Pa022,Nova,216.0,none,Cerrado,Pantanal,MT,3.434421800001456
2288,Pa022,Nova,216.0,none,Pantanal,Pantanal,MS,5742.589110040068
2289,Pa022,Nova,216.0,none,Pantanal,Pantanal,MT,591.5934943099966
2290,Pa022,Nova,none,none,Pantanal,Pantanal,MT,62.867704405004346
2291,Pa023,Nova,189.0,none,Pantanal,Pantanal,MS,6769.449293264965
2292,Pa023,Nova,189.0,none,Pantanal,Pantanal,MT,696.3614344750044
2293,Pa023,Nova,225.0,none,Pantanal,Pantanal,MS,22166.482882395016
2294,Pa023,Nova,none,none,Pantanal,Pantanal,MS,641623.3175417508
2295,Pa023,Nova,none,none,Pantanal,Pantanal,MT,4172.530782860028
2296,Pa024,Nova,195.0,none,Pantanal,Pantanal,MT,9.413978355002023
2297,Pa024,Nova,205.0,none,Cerrado,Cerrado,MT,0.1460222999996942
2298,Pa024,Nova,205.0,none,Cerrado,Pantanal,MT,1.246300660002382
2299,Pa024,Nova,205.0,none,Pantanal,Cerrado,MT,20011.242815920068
2300,Pa024,Nova,205.0,none,Pantanal,Pantanal,MT,130897.22023081518
2301,Pa024,Nova,none,none,Cerrado,Cerrado,MT,0.4494067650096269
2302,Pa024,Nova,none,none,Cerrado,Pantanal,MT,1.9944339849462847
2303,Pa024,Nova,none,none,Pantanal,Cerrado,MT,8995.233065465001
2304,Pa024,Nova,none,none,Pantanal,Pantanal,MS,1065.6301335700311
2305,Pa024,Nova,none,none,Pantanal,Pantanal,MT,55756.95008763504
2306,Pa025,Nova,168.0,none,Pantanal,Pantanal,MS,69.44284734000146
2307,Pa025,Nova,168.0,none,Pantanal,Pantanal,MT,144229.4196547046
2308,Pa025,Nova,182.0,none,Pantanal,Pantanal,MT,10481.64549374492
2309,Pa025,Nova,224.0,none,Pantanal,Pantanal,MS,89.1337098249956
2310,Pa025,Nova,none,none,Pantanal,Pantanal,MS,8324.340303209996
2311,Pa025,Nova,none,none,Pantanal,Pantanal,MT,260193.79573187523
2312,Pa025,Nova,none,none,Pantanal,Pantanal,none,13.54647886500432
2313,Pa025,Nova,none,none,Pantanal,none,MS,659.569447894972
2314,Pa025,Nova,none,none,Pantanal,none,none,268.4643700950182
2315,Pa025,Nova,none,none,none,Pantanal,MS,364.55528831000464
2316,Pa025,Nova,none,none,none,Pantanal,MT,85.06923872999765
2317,Pa025,Nova,none,none,none,Pantanal,none,0.006791499996480698
2318,Pa025,Nova,none,none,none,none,MS,0.10706318500979782
2319,Pa025,Nova,none,none,none,none,none,1.2322907849571463
2320,Pa025|Pa026,Nova,none,none,Pantanal,Pantanal,MT,363.3917489700041
2321,Pa026,Nova,168.0,none,Pantanal,Pantanal,MT,44409.51597509492
2322,Pa026,Nova,none,none,Pantanal,Pantanal,MS,17140.10699128506
2323,Pa026,Nova,none,none,Pantanal,Pantanal,MT,215188.99588004552
2324,Pa027,Nova,168.0,none,Pantanal,Pantanal,MT,25325.87274051499
2325,Pa027,Nova,182.0,none,Pantanal,Pantanal,MT,122951.66358588508
2326,Pa027,Nova,none,none,Pantanal,Pantanal,MT,7171.978643524969
2327,Pa028,Nova,168.0,none,Pantanal,Pantanal,MT,27436.931547140026
2328,Pa028,Nova,none,none,Pantanal,Pantanal,MT,715.9049069899967
2329,Pa029,Nova,153.0,none,Pantanal,Pantanal,MT,13204.789431944975
2330,Pa029,Nova,168.0,none,Pantanal,Pantanal,MT,5085.977269470006
2331,Pa029,Nova,none,none,Pantanal,Cerrado,MT,95.03003298500165
2332,Pa029,Nova,none,none,Pantanal,Pantanal,MT,21393.214464670007
2333,Pa030,Nova,168.0,none,Pantanal,Pantanal,MT,17202.721399394955
2334,Pa030,Nova,180.0,none,Pantanal,Pantanal,MT,103082.57509650999
2335,Pa030,Nova,189.0,none,Pantanal,Pantanal,MT,104509.48009234492
2336,Pa030,Nova,none,none,Pantanal,Pantanal,MT,125879.22876063519
2337,Pa030|Pa033,Nova,189.0,none,Pantanal,Pantanal,MT,11.661859814998522
2338,Pa031,Nova,168.0,none,Pantanal,Cerrado,MT,782.8505951150139
2339,Pa031,Nova,168.0,none,Pantanal,Pantanal,MT,25695.640149329985
2340,Pa031,Nova,182.0,none,Pantanal,Pantanal,MT,2076.143852539998
2341,Pa031,Nova,none,none,Pantanal,Pantanal,MT,43.95800865000136
2342,Pa032,Nova,153.0,none,Pantanal,Pantanal,MT,68782.943978105
2343,Pa032,Nova,168.0,none,Pantanal,Pantanal,MT,44517.335879545055
2344,Pa032,Nova,none,none,Pantanal,Pantanal,MT,43453.56634714501
2345,Pa033,Nova,169.0,none,Cerrado,Cerrado,MT,5.627539300006637
2346,Pa033,Nova,169.0,none,Pantanal,Cerrado,MT,2969.530690340005
2347,Pa033,Nova,189.0,none,Cerrado,Cerrado,MT,8.141815784984763
2348,Pa033,Nova,189.0,none,Cerrado,Pantanal,MT,0.2031748299996223
2349,Pa033,Nova,189.0,none,Pantanal,Cerrado,MT,19762.07297248002
2350,Pa033,Nova,189.0,none,Pantanal,Pantanal,MT,34394.21883806502
2351,Pa033,Nova,195.0,none,Pantanal,Pantanal,MT,3347.39155078002
2352,Pa033,Nova,none,none,Cerrado,Cerrado,MT,1.2274402599974013
2353,Pa033,Nova,none,none,Cerrado,Pantanal,MT,111.9380530799923
2354,Pa033,Nova,none,none,Pantanal,Cerrado,MT,13498.351225745013
2355,Pa033,Nova,none,none,Pantanal,Pantanal,MT,10251.168351259977
2356,Pa034,Nova,168.0,AMZ_CerraPant001,Pantanal,Pantanal,MT,1.6403121000050385
2357,Pa034,Nova,168.0,none,Pantanal,Pantanal,MT,5341.856489714966
2358,Pa034,Nova,185.0,AMZ_CerraPant001,Pantanal,Pantanal,MT,14.491045745031833
2359,Pa034,Nova,185.0,none,Pantanal,Amazônia,MT,960.4931236799946
2360,Pa034,Nova,185.0,none,Pantanal,Pantanal,MT,51776.907282019965
2361,Pa034,Nova,none,AMZ_CerraPant001,Pantanal,Pantanal,MT,8645.405628669889
2362,Pa034,Nova,none,none,Pantanal,Amazônia,MT,197.03092534498722
2363,Pa034,Nova,none,none,Pantanal,Pantanal,MT,2210.798741065
2364,Pa035,Nova,153.0,none,Cerrado,Cerrado,MT,7.259521204948754
2365,Pa035,Nova,153.0,none,Cerrado,Pantanal,MT,10.302172785073147
2366,Pa035,Nova,153.0,none,Pantanal,Cerrado,MT,4215.116255390007
2367,Pa035,Nova,153.0,none,Pantanal,Pantanal,MT,8739.77292227492
2368,Pa035,Nova,168.0,none,Cerrado,Cerrado,MT,0.9256067700163927
2369,Pa035,Nova,168.0,none,Cerrado,Pantanal,MT,0.22388957500190299
2370,Pa035,Nova,168.0,none,Pantanal,Cerrado,MT,62754.37128828498
2371,Pa035,Nova,168.0,none,Pantanal,Pantanal,MT,4163.180251634985
2372,Pa035,Nova,none,none,Cerrado,Cerrado,MT,9.733656719919859
2373,Pa035,Nova,none,none,Cerrado,Pantanal,MT,0.6748896450083356
2374,Pa035,Nova,none,none,Pantanal,Cerrado,MT,107639.48414802499
2375,Pa035,Nova,none,none,Pantanal,Pantanal,MT,18668.32382775997
2376,Pa036,Nova,150.0,none,Pantanal,Pantanal,MT,14647.409477274976
2377,Pa036,Nova,161.0,none,Cerrado,Pantanal,MT,383.91228553502475
2378,Pa036,Nova,161.0,none,Pantanal,Cerrado,MT,4382.703733020032
2379,Pa036,Nova,161.0,none,Pantanal,Pantanal,MT,34564.07061647505
2380,Pa036,Nova,168.0,none,Pantanal,Pantanal,MT,34.672715080002995
2381,Pa036,Nova,169.0,none,Pantanal,Cerrado,MT,3569.542265219965
2382,Pa036,Nova,169.0,none,Pantanal,Pantanal,MT,53.87092644500385
2383,Pa036,Nova,180.0,none,Pantanal,Pantanal,MT,80665.17342731
2384,Pa036,Nova,none,none,Pantanal,Cerrado,MT,6351.926614020004
2385,Pa036,Nova,none,none,Pantanal,Pantanal,MT,18616.96494070506
2386,Pa037,Nova,150.0,none,Pantanal,Pantanal,MT,2009.1785485599532
2387,Pa037,Nova,153.0,none,Pantanal,Pantanal,MT,2.578703640004415
2388,Pa037,Nova,168.0,none,Pantanal,Cerrado,MT,18718.541902569985
2389,Pa037,Nova,168.0,none,Pantanal,Pantanal,MT,161730.15617970994
2390,Pa037,Nova,180.0,none,Pantanal,Pantanal,MT,43529.837016945035
2391,Pa037,Nova,none,none,Pantanal,Pantanal,MT,18448.321547709835
2392,Pa038,Nova,168.0,AMZ_CerraPant001,Pantanal,Pantanal,MT,1.033822959987728
2393,Pa038,Nova,168.0,none,Amazônia,Pantanal,MT,0.4071699849845681
2394,Pa038,Nova,168.0,none,Pantanal,Cerrado,MT,869.9455953699841
2395,Pa038,Nova,168.0,none,Pantanal,Pantanal,MT,26795.970887845055
2396,Pa038,Nova,185.0,none,Pantanal,Pantanal,MT,79.96364307500016
2397,Pa038,Nova,none,AMZ_CerraPant001,Pantanal,Amazônia,MT,599.204331814993
2398,Pa038,Nova,none,AMZ_CerraPant001,Pantanal,Pantanal,MT,22824.470074675122
2399,Pa038,Nova,none,none,Amazônia,Pantanal,MT,0.42214750000059587
2400,Pa038,Nova,none,none,Pantanal,Amazônia,MT,1393.0952645999662
2401,Pa038,Nova,none,none,Pantanal,Pantanal,MT,60952.43441052496
2402,Pa039,Nova,153.0,none,Cerrado,Pantanal,MT,72.9867393500085
2403,Pa039,Nova,153.0,none,Pantanal,Cerrado,MT,920.1715037649968
2404,Pa039,Nova,153.0,none,Pantanal,Pantanal,MT,42292.555248370045
2405,Pa039,Nova,none,none,Cerrado,Cerrado,MT,5084.1424735600585
2406,Pa039,Nova,none,none,Cerrado,Pantanal,MT,354.2684809650229
2407,Pa039,Nova,none,none,Pantanal,Cerrado,MT,6703.502885199999
2408,Pa039,Nova,none,none,Pantanal,Pantanal,MT,16577.811416250017
2409,Pa039,Nova,none,none,Pantanal,none,MT,7.303000006804244e-05
2410,Pa040,Nova,161.0,none,Cerrado,Cerrado,MT,286.79545337003134
2411,Pa040,Nova,161.0,none,Pantanal,Cerrado,MT,6150.749949919903
2412,Pa040,Nova,161.0,none,Pantanal,Pantanal,MT,116.53663947999631
2413,Pa040,Nova,169.0,none,Cerrado,Cerrado,MT,1487.995604010013
2414,Pa040,Nova,169.0,none,Cerrado,Pantanal,MT,0.7870816899990807
2415,Pa040,Nova,169.0,none,Pantanal,Cerrado,MT,31187.788565919895
2416,Pa040,Nova,169.0,none,Pantanal,Pantanal,MT,24160.429613405006
2417,Pa040,Nova,none,none,Pantanal,Pantanal,MT,136.04466644499755
2418,Pa041,Nova,168.0,none,Amazônia,Pantanal,MT,1.052685204992649
2419,Pa041,Nova,168.0,none,Pantanal,Cerrado,MT,493.5854085549879
2420,Pa041,Nova,168.0,none,Pantanal,Pantanal,MT,7921.217608774999
2421,Pa041,Nova,none,none,Amazônia,Amazônia,MT,1864.9608977249407
2422,Pa041,Nova,none,none,Amazônia,Pantanal,MT,20133.049963330068
2423,Pa041,Nova,none,none,Cerrado,Pantanal,MT,286.97138001497837
2424,Pa041,Nova,none,none,Pantanal,Cerrado,MT,257.6935819399903
2425,Pa041,Nova,none,none,Pantanal,Pantanal,MT,11928.579605880046
2426,Pa042,Nova,185.0,none,Pantanal,Amazônia,MT,785.0894620399895
2427,Pa042,Nova,none,AMZ_CerraPant001,Pantanal,Amazônia,MT,16090.812017870041
2428,Pa042,Nova,none,AMZ_CerraPant001,Pantanal,Pantanal,MT,1501.7541704950102
2429,Pa042,Nova,none,none,Amazônia,Pantanal,MT,11.334919499992193
2430,Pa042,Nova,none,none,Pantanal,Amazônia,MT,16383.299213505024
2431,Pa042,Nova,none,none,Pantanal,Pantanal,MT,45988.17543442516
2432,Pa042|Pa043,Nova,none,AMZ_CerraPant001,Pantanal,Amazônia,MT,25.87493378000499
2433,Pa042|Pa043,Nova,none,none,Pantanal,Amazônia,MT,0.9598760599991545
2434,Pa043,Nova,172.0,AMZ_CerraPant001,Pantanal,Amazônia,MT,4.393335780050296
2435,Pa043,Nova,172.0,none,Pantanal,Amazônia,MT,10071.092969124995
2436,Pa043,Nova,none,AMZ_CerraPant001,Amazônia,Amazônia,MT,10.081658985174164
2437,Pa043,Nova,none,AMZ_CerraPant001,Amazônia,Pantanal,MT,7.227195040022684
2438,Pa043,Nova,none,AMZ_CerraPant001,Pantanal,Amazônia,MT,11077.29546476985
2439,Pa043,Nova,none,AMZ_CerraPant001,Pantanal,Pantanal,MT,5085.422462040001
2440,Pa043,Nova,none,none,Amazônia,Amazônia,MT,8637.840370389851
2441,Pa043,Nova,none,none,Amazônia,Pantanal,MT,5924.118450505022
2442,Pa043,Nova,none,none,Pantanal,Amazônia,MT,14093.536929289767
2443,Pa043,Nova,none,none,Pantanal,Pantanal,MT,11186.944957294994
2444,Pa044,Nova,150.0,none,Cerrado,Cerrado,MT,548.3966167900326
2445,Pa044,Nova,150.0,none,Massa Dagua Continental,Cerrado,MT,405.507344690001
2446,Pa044,Nova,150.0,none,Massa Dagua Continental,Pantanal,MT,15090.22747670002
2447,Pa044,Nova,150.0,none,Pantanal,Cerrado,MT,6064.237109534977
2448,Pa044,Nova,150.0,none,Pantanal,Pantanal,MT,23981.76107586991
2449,Pa044,Nova,161.0,none,Pantanal,Pantanal,MT,2948.4095751500126
2450,Pa044,Nova,none,none,Cerrado,Cerrado,MT,910.4124607000442
2451,Pa044,Nova,none,none,Pantanal,Cerrado,MT,3702.141401230006
2452,Pa044,Nova,none,none,Pantanal,Pantanal,MT,4070.396195835022
2453,Pa045,Protegida,243.0,none,Pantanal,Pantanal,MS,18517.46657127502
2454,Pa045,Protegida,252.0,none,Pantanal,Pantanal,MS,13699.926646239961
2455,Pa045,Protegida,258.0,none,Pantanal,Pantanal,MS,45.94487186499718
2456,Pa045,Protegida,none,none,Pantanal,Pantanal,MS,45644.84053045998
2457,Pa046,Nova,243.0,none,Pantanal,Pantanal,MS,59457.64762391025
2458,Pa046,Nova,none,none,Pantanal,Pantanal,MS,7042.3461187300045
2459,Pa047,Protegida,168.0,none,Pantanal,Pantanal,MT,0.013923784999129244
2460,Pa047,Protegida,224.0,none,Pantanal,Pantanal,MS,0.0026024149983713924
2461,Pa047,Protegida,224.0,none,Pantanal,Pantanal,MT,0.0024048799956809144
2462,Pa047,Protegida,none,none,Pantanal,Pantanal,MS,137.16068691001186
2463,Pa047,Protegida,none,none,Pantanal,Pantanal,MT,135477.58857974006
2464,Pa048,Protegida,168.0,none,Pantanal,Pantanal,MS,5.134999993999827e-05
2465,Pa048,Protegida,182.0,none,Pantanal,Pantanal,MT,305.8112508749932
2466,Pa048,Protegida,none,none,Pantanal,Pantanal,MS,59.134537035002616
2467,Pa048,Protegida,none,none,Pantanal,Pantanal,MT,91683.32309280506
2468,Pa048,Protegida,none,none,Pantanal,Pantanal,none,10.638932689988179
2469,Pa048,Protegida,none,none,Pantanal,none,none,35.36617684501989
2470,Pa048,Protegida,none,none,none,Pantanal,MS,71.03891351500256
2471,Pa048,Protegida,none,none,none,Pantanal,MT,10730.983547365124
2472,Pa048,Protegida,none,none,none,Pantanal,none,0.03704870499993626
2473,Pa049,Protegida,180.0,none,Pantanal,Pantanal,MT,9.57128574499974
2474,Pa049,Protegida,189.0,none,Pantanal,Pantanal,MS,18.570597819998056
2475,Pa049,Protegida,189.0,none,Pantanal,Pantanal,MT,385.14546779508845
2476,Pa049,Protegida,none,none,Pantanal,Pantanal,MS,563.7814369949723
2477,Pa049,Protegida,none,none,Pantanal,Pantanal,MT,109582.21575043969
2478,Pa050,Protegida,153.0,none,Pantanal,Pantanal,MT,61.453418345017745
2479,Pa050,Protegida,168.0,none,Pantanal,Pantanal,MT,348.8861099900037
2480,Pa050,Protegida,none,none,Pantanal,Pantanal,MT,13842.685344464988
2481,none,none,1.0,none,Cerrado,Cerrado,MA,221933.08299811007
2482,none,none,10.0,CAA_CerraPa002,Caatinga,Cerrado,MA,4.326864719998715
2483,none,none,10.0,CAA_CerraPa002,Cerrado,Cerrado,MA,0.7065952200016268
2484,none,none,10.0,none,Caatinga,Cerrado,MA,11320.340803680134
2485,none,none,10.0,none,Cerrado,Cerrado,MA,15055.759577644918
2486,none,none,100.0,none,Cerrado,Cerrado,MT,5368.3722347900375
2487,none,none,101.0,none,Amazônia,Cerrado,MT,0.16414122502819967
2488,none,none,101.0,none,Cerrado,Cerrado,MT,28784.397103425043
2489,none,none,103.0,none,Amazônia,Amazônia,MT,0.29868529497023366
2490,none,none,103.0,none,Cerrado,Amazônia,MT,35.75347756001173
2491,none,none,104.0,none,Cerrado,Caatinga,BA,35178.59859662508
2492,none,none,104.0,none,Cerrado,Cerrado,BA,1199.6813779049785
2493,none,none,105.0,none,Cerrado,Caatinga,BA,51535.63620206005
2494,none,none,106.0,none,Cerrado,Caatinga,BA,4406.216568260045
2495,none,none,106.0,none,Cerrado,Cerrado,BA,152293.55377211506
2496,none,none,107.0,none,Cerrado,Caatinga,BA,84060.95481732962
2497,none,none,107.0,none,Cerrado,Cerrado,BA,1316.5461817299972
2498,none,none,108.0,none,Cerrado,Cerrado,BA,3039.3801333650254
2499,none,none,108.0,none,Cerrado,Cerrado,GO,149328.4612840048
2500,none,none,108.0,none,Cerrado,Cerrado,MG,1976.7457458099782
2501,none,none,109.0,none,Cerrado,Cerrado,GO,57001.04607635501
2502,none,none,109.0,none,Massa Dagua Continental,Cerrado,GO,53379.77240181998
2503,none,none,11.0,none,Caatinga,Cerrado,PI,0.021149419990735815
2504,none,none,11.0,none,Cerrado,Cerrado,PI,123.14996928000704
2505,none,none,111.0,none,Cerrado,Cerrado,BA,34832.58693611496
2506,none,none,112.0,AMZ_CerraPant004,Cerrado,Cerrado,MT,0.4612533050001855
2507,none,none,112.0,AMZ_CerraPant005,Cerrado,Cerrado,MT,6.662921900001564
2508,none,none,112.0,none,Cerrado,Amazônia,MT,3765.424653765029
2509,none,none,112.0,none,Cerrado,Cerrado,MT,59122.829471939884
2510,none,none,113.0,none,Cerrado,Cerrado,GO,128598.4888771899
2511,none,none,113.0,none,Cerrado,Cerrado,MT,1698.69742509
2512,none,none,114.0,none,Cerrado,Cerrado,GO,900.2238895100104
2513,none,none,115.0,none,Cerrado,Cerrado,GO,8888.530741220076
2514,none,none,115.0,none,Massa Dagua Continental,Cerrado,GO,47150.80770251976
2515,none,none,116.0,none,Cerrado,Cerrado,MT,115783.78677300004
2516,none,none,117.0,none,Cerrado,Cerrado,MT,305.0022870700084
2517,none,none,118.0,none,Caatinga,Caatinga,MG,0.007472239999936535
2518,none,none,118.0,none,Cerrado,Caatinga,BA,62607.29856354992
2519,none,none,118.0,none,Cerrado,Caatinga,MG,222.4263208049924
2520,none,none,118.0,none,Cerrado,Cerrado,BA,4317.63486605501
2521,none,none,119.0,none,Cerrado,Cerrado,GO,143379.9831406849
2522,none,none,119.0,none,Massa Dagua Continental,Cerrado,GO,84394.28643723515
2523,none,none,12.0,none,Caatinga,Cerrado,MA,0.8029699349655588
2524,none,none,12.0,none,Caatinga,Cerrado,PI,12.462414495094189
2525,none,none,12.0,none,Cerrado,Cerrado,MA,12423.729858219962
2526,none,none,12.0,none,Cerrado,Cerrado,PI,2320.9391288349716
2527,none,none,120.0,none,Cerrado,Cerrado,GO,79038.44541495986
2528,none,none,120.0,none,Cerrado,Cerrado,MG,421.8534520000052
2529,none,none,121.0,none,Cerrado,Caatinga,BA,12587.273808595011
2530,none,none,122.0,none,Cerrado,Caatinga,BA,1369.6104951299876
2531,none,none,122.0,none,Cerrado,Cerrado,BA,3615.851792589891
2532,none,none,123.0,none,Cerrado,Cerrado,MT,35517.54066397481
2533,none,none,124.0,none,Cerrado,Cerrado,BA,41163.58197996999
2534,none,none,125.0,none,Cerrado,Caatinga,BA,7929.604552065043
2535,none,none,126.0,none,Cerrado,Cerrado,MT,67138.05338227007
2536,none,none,127.0,none,Amazônia,Amazônia,MT,0.03754887501377962
2537,none,none,127.0,none,Amazônia,Cerrado,MT,0.04394787500789703
2538,none,none,127.0,none,Cerrado,Amazônia,MT,16917.280369735086
2539,none,none,127.0,none,Cerrado,Cerrado,MT,25136.81890109493
2540,none,none,128.0,none,Cerrado,Cerrado,GO,47069.78161060009
2541,none,none,129.0,AMZ_CerraPant004,Cerrado,Cerrado,MT,14.476092994979146
2542,none,none,129.0,AMZ_CerraPant031,Cerrado,Cerrado,MT,13.739042944987544
2543,none,none,129.0,none,Amazônia,Cerrado,MT,356.12350603000226
2544,none,none,129.0,none,Cerrado,Amazônia,MT,4214.581541899965
2545,none,none,129.0,none,Cerrado,Cerrado,MT,206901.88566506509
2546,none,none,13.0,AMZ_CerraPant036,Amazônia,Cerrado,TO,0.2602143499968982
2547,none,none,13.0,AMZ_CerraPant036,Cerrado,Cerrado,TO,0.07700165999527021
2548,none,none,13.0,AMZ_CerraPant045,Cerrado,Cerrado,TO,0.029077670013997203
2549,none,none,13.0,none,Amazônia,Cerrado,TO,3054.356239145017
2550,none,none,13.0,none,Cerrado,Amazônia,TO,477.59939290998784
2551,none,none,13.0,none,Cerrado,Cerrado,TO,20789.31026919509
2552,none,none,130.0,none,Cerrado,Caatinga,BA,318.17227337000025
2553,none,none,130.0,none,Cerrado,Cerrado,BA,11757.736053060047
2554,none,none,130.0,none,Cerrado,Cerrado,MG,19653.667597689928
2555,none,none,132.0,none,Cerrado,Cerrado,BA,853.4114402650364
2556,none,none,133.0,none,Cerrado,Cerrado,MT,107349.06098493494
2557,none,none,134.0,none,Cerrado,Cerrado,MT,219985.31116748453
2558,none,none,135.0,none,Caatinga,Caatinga,BA,4470.099249704915
2559,none,none,135.0,none,Cerrado,Caatinga,BA,69293.80835334008
2560,none,none,136.0,none,Cerrado,Cerrado,GO,17393.27055592491
2561,none,none,137.0,none,Cerrado,Cerrado,MT,167987.0758374101
2562,none,none,138.0,none,Cerrado,Cerrado,MT,250219.6242076305
2563,none,none,139.0,none,Cerrado,Cerrado,BA,55.22829347001402
2564,none,none,139.0,none,Cerrado,Cerrado,GO,422.3005438249793
2565,none,none,139.0,none,Cerrado,Cerrado,MG,279245.2821593852
2566,none,none,14.0,none,Cerrado,Cerrado,MA,77647.96498901483
2567,none,none,140.0,none,Cerrado,Cerrado,MT,240289.45773894814
2568,none,none,141.0,none,Caatinga,Caatinga,BA,5.372286859928454
2569,none,none,141.0,none,Caatinga,Caatinga,MG,4.654556324968667
2570,none,none,141.0,none,Caatinga,Cerrado,BA,0.1989328749963792
2571,none,none,141.0,none,Cerrado,Caatinga,BA,30074.491010175043
2572,none,none,141.0,none,Cerrado,Caatinga,MG,219467.83965260463
2573,none,none,141.0,none,Cerrado,Cerrado,BA,1996.7241712800171
2574,none,none,141.0,none,Cerrado,Cerrado,MG,15990.663714550135
2575,none,none,141.0,none,none,Caatinga,MG,0.00015322000059175508
2576,none,none,142.0,none,Cerrado,Cerrado,GO,40573.29300125985
2577,none,none,143.0,none,Cerrado,Caatinga,BA,12705.820350384867
2578,none,none,143.0,none,Cerrado,Caatinga,MG,626.171114414992
2579,none,none,144.0,none,Cerrado,Cerrado,GO,180000.26562196514
2580,none,none,144.0,none,Cerrado,Cerrado,MG,24.04172272000547
2581,none,none,146.0,none,Cerrado,Cerrado,DF,7021.848300300005
2582,none,none,146.0,none,Cerrado,Cerrado,GO,115117.53301397033
2583,none,none,147.0,none,Cerrado,Caatinga,MG,22107.152125380027
2584,none,none,147.0,none,Cerrado,Cerrado,MG,153090.50296962488
2585,none,none,148.0,none,Cerrado,Cerrado,MG,0.001466569998254837
2586,none,none,149.0,none,Amazônia,Amazônia,MT,5.691541204993131
2587,none,none,149.0,none,Amazônia,Cerrado,MT,5.163830619985166
2588,none,none,149.0,none,Cerrado,Amazônia,MT,7577.261244060032
2589,none,none,149.0,none,Cerrado,Cerrado,MT,30697.98001686012
2590,none,none,150.0,none,Cerrado,Cerrado,MT,138204.88578450494
2591,none,none,150.0,none,Massa Dagua Continental,Cerrado,MT,151.34006461999556
2592,none,none,150.0,none,Massa Dagua Continental,Pantanal,MT,2393.2942677500278
2593,none,none,150.0,none,Pantanal,Cerrado,MT,30673.329837499947
2594,none,none,150.0,none,Pantanal,Pantanal,MT,8530.730968175054
2595,none,none,151.0,none,Cerrado,Cerrado,MT,80007.6015494601
2596,none,none,152.0,none,Cerrado,Cerrado,MG,28844.234783039872
2597,none,none,152.0,none,Cerrado,Mata Atlântica,MG,7.624500007100403e-05
2598,none,none,152.0,none,Mata Atlântica,Cerrado,MG,2.8620099500151777
2599,none,none,153.0,none,Amazônia,Cerrado,MT,0.016236785007863
2600,none,none,153.0,none,Cerrado,Cerrado,MT,100959.31848361014
2601,none,none,153.0,none,Cerrado,Pantanal,MT,9.781574839963985
2602,none,none,153.0,none,Pantanal,Pantanal,MT,94035.8903181199
2603,none,none,154.0,AMZ_CerraPant037,Cerrado,Amazônia,MT,4.186999999972869e-05
2604,none,none,154.0,none,Cerrado,Amazônia,MT,0.053807179988295345
2605,none,none,154.0,none,Cerrado,Pantanal,MT,0.004329984998782675
2606,none,none,155.0,none,Cerrado,Cerrado,MT,5131.894244545065
2607,none,none,156.0,none,Cerrado,Cerrado,MT,255939.62346364008
2608,none,none,157.0,none,Cerrado,Cerrado,MT,177024.47846985492
2609,none,none,158.0,none,Cerrado,Cerrado,GO,91170.76012662511
2610,none,none,159.0,none,Cerrado,Cerrado,DF,124169.28524309513
2611,none,none,159.0,none,Cerrado,Cerrado,GO,100811.40156626004
2612,none,none,159.0,none,Massa Dagua Continental,Cerrado,DF,21.847481240000597
2613,none,none,16.0,none,Cerrado,Cerrado,MA,15938.55282524021
2614,none,none,160.0,none,Cerrado,Cerrado,MG,3307.522217414988
2615,none,none,161.0,none,Cerrado,Cerrado,MT,80739.05979760502
2616,none,none,161.0,none,Cerrado,Pantanal,MT,20656.166377870046
2617,none,none,161.0,none,Pantanal,Cerrado,MT,2870.4930951050023
2618,none,none,161.0,none,Pantanal,Pantanal,MT,28515.98352314496
2619,none,none,161.0,none,Pantanal,none,MT,2.847000002651612e-05
2620,none,none,162.0,none,Cerrado,Cerrado,GO,21542.947808169978
2621,none,none,164.0,none,Cerrado,Cerrado,DF,10894.430376335049
2622,none,none,164.0,none,Cerrado,Cerrado,GO,8337.104095400096
2623,none,none,164.0,none,Cerrado,Cerrado,MG,6451.846381690021
2624,none,none,165.0,none,Cerrado,Cerrado,GO,15743.399098699992
2625,none,none,165.0,none,Cerrado,Cerrado,MT,207163.41614820992
2626,none,none,166.0,none,Cerrado,Cerrado,GO,318629.8963307549
2627,none,none,167.0,none,Cerrado,Caatinga,MG,4220.623601609974
2628,none,none,168.0,none,Cerrado,Cerrado,MT,81597.36058034997
2629,none,none,168.0,none,Pantanal,Cerrado,MT,65632.03162425503
2630,none,none,168.0,none,Pantanal,Pantanal,MT,196497.95613264508
2631,none,none,169.0,none,Cerrado,Cerrado,MT,64611.54564435487
2632,none,none,169.0,none,Cerrado,Pantanal,MT,5067.031501685014
2633,none,none,169.0,none,Pantanal,Cerrado,MT,11410.778614724972
2634,none,none,169.0,none,Pantanal,Pantanal,MT,66079.13250089994
2635,none,none,17.0,AMZ_CerraPant038,Cerrado,Amazônia,TO,0.8458704099481327
2636,none,none,17.0,none,Amazônia,Amazônia,TO,0.48555060001806094
2637,none,none,17.0,none,Cerrado,Amazônia,TO,35890.267064290085
2638,none,none,17.0,none,Cerrado,Cerrado,TO,669.6769559999675
2639,none,none,170.0,none,Cerrado,Caatinga,MG,16265.400439540035
2640,none,none,170.0,none,Cerrado,Cerrado,MG,45397.48272916994
2641,none,none,172.0,AMZ_CerraPant001,Pantanal,Amazônia,MT,4.995666925065465
2642,none,none,172.0,none,Pantanal,Amazônia,MT,39806.03607744497
2643,none,none,173.0,none,Cerrado,Caatinga,MG,2167.5839197750643
2644,none,none,173.0,none,Cerrado,Cerrado,MG,282941.9384746748
2645,none,none,174.0,none,Cerrado,Cerrado,MG,63690.48038549495
2646,none,none,175.0,none,Cerrado,Cerrado,GO,71903.20014069998
2647,none,none,176.0,none,Cerrado,Cerrado,DF,535.4861425050096
2648,none,none,176.0,none,Cerrado,Cerrado,GO,148713.1757085098
2649,none,none,177.0,none,Cerrado,Cerrado,GO,173423.0545959207
2650,none,none,178.0,none,Caatinga,Caatinga,MG,0.471521449990423
2651,none,none,178.0,none,Cerrado,Caatinga,MG,192918.23035112457
2652,none,none,178.0,none,Cerrado,Cerrado,MG,197421.8607294699
2653,none,none,179.0,none,Cerrado,Cerrado,GO,155137.528377695
2654,none,none,18.0,none,Amazônia,Cerrado,TO,7.877468505005799
2655,none,none,18.0,none,Cerrado,Cerrado,MA,6413.001540535046
2656,none,none,18.0,none,Cerrado,Cerrado,TO,148426.80762473954
2657,none,none,18.0,none,Massa Dagua Continental,Cerrado,MA,413.28287001499075
2658,none,none,18.0,none,Massa Dagua Continental,Cerrado,TO,2260.6658606551314
2659,none,none,180.0,none,Pantanal,Pantanal,MT,11070.703749724957
2660,none,none,181.0,none,Caatinga,Caatinga,MG,0.11499953999830759
2661,none,none,181.0,none,Cerrado,Caatinga,MG,18668.21269602495
2662,none,none,181.0,none,Cerrado,Cerrado,MG,29086.351671769946
2663,none,none,182.0,none,Pantanal,Pantanal,MT,102792.57697740023
2664,none,none,183.0,none,Cerrado,Cerrado,GO,464693.14342740003
2665,none,none,184.0,none,Cerrado,Cerrado,GO,820.322052305012
2666,none,none,184.0,none,Cerrado,Cerrado,MG,99107.25274138492
2667,none,none,185.0,AMZ_CerraPant019,Pantanal,Amazônia,MT,4.0719472899963245
2668,none,none,185.0,AMZ_CerraPant019,Pantanal,Pantanal,MT,1.5642207300059858
2669,none,none,185.0,none,Pantanal,Amazônia,MT,40023.137931005076
2670,none,none,185.0,none,Pantanal,Pantanal,MT,176377.20507015992
2671,none,none,185.0,none,Pantanal,none,MT,0.0007119650006630801
2672,none,none,186.0,none,Cerrado,Cerrado,MG,248906.06646793036
2673,none,none,187.0,none,Cerrado,Caatinga,MG,300.02148020997754
2674,none,none,187.0,none,Cerrado,Cerrado,MG,2430.0473001250343
2675,none,none,188.0,none,Cerrado,Cerrado,MG,238453.99986053022
2676,none,none,189.0,none,Cerrado,Cerrado,MT,13328.597016214937
2677,none,none,189.0,none,Cerrado,Pantanal,MT,1.2808547849936003
2678,none,none,189.0,none,Pantanal,Cerrado,MT,9031.172786805026
2679,none,none,189.0,none,Pantanal,Pantanal,MS,303.8113876849985
2680,none,none,189.0,none,Pantanal,Pantanal,MT,203604.11516842537
2681,none,none,19.0,none,Cerrado,Cerrado,MA,173687.36405114504
2682,none,none,190.0,none,Cerrado,Cerrado,GO,254671.3025216999
2683,none,none,191.0,none,Cerrado,Cerrado,GO,295568.80160855403
2684,none,none,192.0,none,Cerrado,Cerrado,MT,87666.73929295533
2685,none,none,193.0,none,Cerrado,Cerrado,GO,100568.99372673004
2686,none,none,194.0,none,Cerrado,Cerrado,MG,1198.9293200249836
2687,none,none,195.0,none,Cerrado,Cerrado,MT,792.6127247500089
2688,none,none,195.0,none,Cerrado,Pantanal,MT,1.9304289900011784
2689,none,none,195.0,none,Pantanal,Cerrado,MT,317.1250587150031
2690,none,none,195.0,none,Pantanal,Pantanal,MT,212230.3969975601
2691,none,none,196.0,none,Cerrado,Cerrado,MG,23831.58025476004
2692,none,none,197.0,none,Cerrado,Cerrado,GO,5113.913949235038
2693,none,none,198.0,none,Cerrado,Cerrado,GO,112646.76003424024
2694,none,none,199.0,none,Cerrado,Cerrado,GO,19002.476203274975
2695,none,none,199.0,none,Cerrado,Cerrado,MS,3.3899935849987495
2696,none,none,199.0,none,Cerrado,Cerrado,MT,26572.988197464918
2697,none,none,2.0,none,Cerrado,Amazônia,MA,240.49931726501705
2698,none,none,2.0,none,Cerrado,Cerrado,MA,302354.80034515343
2699,none,none,20.0,none,Cerrado,Cerrado,MA,242643.92569571495
2700,none,none,20.0,none,Cerrado,Cerrado,PI,139.55684154999858
2701,none,none,200.0,none,Cerrado,Cerrado,GO,48314.52868037007
2702,none,none,201.0,none,Cerrado,Cerrado,MG,74338.83110340509
2703,none,none,202.0,none,Cerrado,Cerrado,MG,65184.26635995496
2704,none,none,203.0,none,Cerrado,Cerrado,GO,83595.01370365538
2705,none,none,203.0,none,Cerrado,Mata Atlântica,GO,872.5891597600234
2706,none,none,203.0,none,Cerrado,none,GO,1.6680000015585684e-05
2707,none,none,203.0,none,Massa Dagua Continental,Cerrado,GO,2.851451949968136
2708,none,none,203.0,none,Massa Dagua Continental,Mata Atlântica,GO,1.2848968900045845
2709,none,none,203.0,none,Mata Atlântica,Cerrado,GO,0.7282765950130182
2710,none,none,203.0,none,Mata Atlântica,Mata Atlântica,GO,0.1938038300040697
2711,none,none,204.0,none,Cerrado,Cerrado,GO,187460.5402048702
2712,none,none,205.0,none,Cerrado,Cerrado,MT,10631.650300934918
2713,none,none,205.0,none,Cerrado,Pantanal,MT,53.68167223001833
2714,none,none,205.0,none,Pantanal,Cerrado,MT,3637.9871756100015
2715,none,none,205.0,none,Pantanal,Pantanal,MT,15844.930252904967
2716,none,none,206.0,none,Cerrado,Cerrado,MT,17904.576746955143
2717,none,none,207.0,none,Cerrado,Cerrado,GO,51036.629847619755
2718,none,none,208.0,none,Cerrado,Cerrado,MG,63479.73682232486
2719,none,none,209.0,none,Cerrado,Cerrado,MG,178012.89080872017
2720,none,none,21.0,none,Cerrado,Cerrado,MA,88474.39938392522
2721,none,none,210.0,none,Cerrado,Cerrado,MG,239786.94340050517
2722,none,none,211.0,none,Cerrado,Cerrado,MG,123977.73605317004
2723,none,none,212.0,none,Cerrado,Cerrado,GO,34959.135052155245
2724,none,none,212.0,none,Cerrado,Cerrado,MG,8.532406139996004
2725,none,none,213.0,none,Cerrado,Cerrado,GO,177878.20086854507
2726,none,none,214.0,none,Cerrado,Cerrado,GO,118092.8611132947
2727,none,none,214.0,none,Cerrado,Mata Atlântica,GO,172.09018258000378
2728,none,none,214.0,none,Massa Dagua Continental,Cerrado,GO,1.065223960020239
2729,none,none,214.0,none,Mata Atlântica,Cerrado,GO,0.49967721000095044
2730,none,none,215.0,none,Cerrado,Cerrado,MG,57625.64863549994
2731,none,none,216.0,none,Cerrado,Cerrado,MS,121425.3148239799
2732,none,none,216.0,none,Cerrado,Cerrado,MT,74414.54678787511
2733,none,none,216.0,none,Cerrado,Pantanal,MS,30164.88311591005
2734,none,none,216.0,none,Cerrado,Pantanal,MT,883.7370591449994
2735,none,none,216.0,none,Pantanal,Pantanal,MS,208073.1562720748
2736,none,none,216.0,none,Pantanal,Pantanal,MT,903.6521961299941
2737,none,none,217.0,none,Cerrado,Cerrado,GO,377628.6086112051
2738,none,none,218.0,none,Cerrado,Cerrado,MG,180711.62791335536
2739,none,none,218.0,none,Cerrado,Mata Atlântica,MG,591.3849378399937
2740,none,none,218.0,none,Mata Atlântica,Cerrado,MG,1.8833463449873968
2741,none,none,218.0,none,Mata Atlântica,Mata Atlântica,MG,0.6315999400091384
2742,none,none,219.0,none,Cerrado,Cerrado,MG,66486.8411367302
2743,none,none,22.0,none,Cerrado,Cerrado,MA,1537.4594187301118
2744,none,none,22.0,none,Cerrado,Cerrado,PI,133445.86867963552
2745,none,none,220.0,none,Cerrado,Cerrado,MS,1512.1567385300348
2746,none,none,220.0,none,Cerrado,Cerrado,MT,44238.51051764999
2747,none,none,221.0,none,Cerrado,Cerrado,MG,644854.116056925
2748,none,none,221.0,none,Massa Dagua Continental,Cerrado,MG,38788.582095989885
2749,none,none,222.0,none,Cerrado,Cerrado,MG,21512.86331727495
2750,none,none,223.0,none,Cerrado,Cerrado,GO,66271.9524227351
2751,none,none,223.0,none,Cerrado,Cerrado,MG,248214.79530265552
2752,none,none,224.0,none,Pantanal,Pantanal,MS,126.01962822998613
2753,none,none,224.0,none,Pantanal,Pantanal,none,0.3185166399990529
2754,none,none,224.0,none,Pantanal,none,MS,2.303296360000224
2755,none,none,224.0,none,Pantanal,none,none,66.45612155498664
2756,none,none,224.0,none,none,Pantanal,MS,0.000721530000671976
2757,none,none,225.0,none,Pantanal,Pantanal,MS,93383.80013853004
2758,none,none,226.0,none,Cerrado,Cerrado,GO,12855.324995829984
2759,none,none,227.0,none,Cerrado,Cerrado,GO,239563.94674707484
2760,none,none,227.0,none,Cerrado,Mata Atlântica,GO,1038.570781689998
2761,none,none,227.0,none,Mata Atlântica,Cerrado,GO,4.745069470003839
2762,none,none,227.0,none,Mata Atlântica,Mata Atlântica,GO,0.853334624998318
2763,none,none,228.0,none,Cerrado,Cerrado,MG,2066.6217554050136
2764,none,none,229.0,none,Cerrado,Cerrado,MS,55495.993692520045
2765,none,none,229.0,none,Cerrado,Pantanal,MS,23021.666553500043
2766,none,none,229.0,none,Pantanal,Pantanal,MS,257825.921756565
2767,none,none,23.0,none,Caatinga,Caatinga,PI,1.789027900038028
2768,none,none,23.0,none,Caatinga,Cerrado,PI,1.5518803499507317
2769,none,none,23.0,none,Cerrado,Caatinga,PI,1112.5267708799117
2770,none,none,23.0,none,Cerrado,Cerrado,PI,73216.99430441509
2771,none,none,230.0,none,Cerrado,Cerrado,MG,34336.28236451498
2772,none,none,231.0,none,Cerrado,Cerrado,GO,149200.2710990451
2773,none,none,231.0,none,Cerrado,Cerrado,MS,167175.69876667997
2774,none,none,232.0,none,Cerrado,Cerrado,MG,8935.659501990061
2775,none,none,233.0,none,Cerrado,Cerrado,MS,2041.176503159992
2776,none,none,234.0,none,Pantanal,Pantanal,MS,368745.68064432003
2777,none,none,235.0,none,Cerrado,Cerrado,GO,337.3591862450047
2778,none,none,235.0,none,Cerrado,Cerrado,MS,223495.31351527982
2779,none,none,235.0,none,Massa Dagua Continental,Cerrado,MS,0.17215869499878458
2780,none,none,236.0,none,Cerrado,Cerrado,MG,50563.51944945995
2781,none,none,236.0,none,Massa Dagua Continental,Cerrado,MG,5897.037072005015
2782,none,none,237.0,none,Cerrado,Cerrado,MG,0.006562209992213801
2783,none,none,237.0,none,Cerrado,Mata Atlântica,MG,140.57096547003238
2784,none,none,237.0,none,Mata Atlântica,Mata Atlântica,MG,1.7020358649934177
2785,none,none,238.0,none,Cerrado,Cerrado,MG,0.0015082550014046767
2786,none,none,238.0,none,Cerrado,Mata Atlântica,MG,0.011525870010750594
2787,none,none,238.0,none,Mata Atlântica,Mata Atlântica,MG,4.860000004395835e-06
2788,none,none,239.0,none,Cerrado,Cerrado,MG,599723.6172136128
2789,none,none,239.0,none,Cerrado,Mata Atlântica,MG,2578.353579455037
2790,none,none,239.0,none,Mata Atlântica,Cerrado,MG,0.07319005999548263
2791,none,none,239.0,none,Mata Atlântica,Mata Atlântica,MG,0.02761606499849687
2792,none,none,24.0,none,Cerrado,Cerrado,MA,499230.58312563173
2793,none,none,24.0,none,Cerrado,Cerrado,TO,602.1514047901036
2794,none,none,240.0,none,Cerrado,Cerrado,MS,10439.765278765057
2795,none,none,241.0,none,Cerrado,Cerrado,MG,746751.4215589195
2796,none,none,241.0,none,Cerrado,Mata Atlântica,MG,21278.80191468499
2797,none,none,241.0,none,Mata Atlântica,Cerrado,MG,8.235805914899338
2798,none,none,241.0,none,Mata Atlântica,Mata Atlântica,MG,1.0609898449983717
2799,none,none,242.0,none,Cerrado,Cerrado,MS,23292.23507425504
2800,none,none,242.0,none,Pantanal,Cerrado,MS,74.80969401000138
2801,none,none,243.0,none,Pantanal,Pantanal,MS,39696.933245724984
2802,none,none,244.0,none,Cerrado,Cerrado,MG,44165.26749328995
2803,none,none,245.0,none,Cerrado,Cerrado,MS,42858.213180275096
2804,none,none,245.0,none,Cerrado,Pantanal,MS,8706.437433470086
2805,none,none,245.0,none,Pantanal,Cerrado,MS,6932.371458675027
2806,none,none,245.0,none,Pantanal,Pantanal,MS,211531.59835400947
2807,none,none,246.0,none,Massa Dagua Continental,Pantanal,MS,0.0005879150005464907
2808,none,none,246.0,none,Pantanal,Pantanal,MS,16654.7221163799
2809,none,none,246.0,none,Pantanal,none,MS,11.018399234999672
2810,none,none,246.0,none,Pantanal,none,none,158.13932025500125
2811,none,none,247.0,none,Cerrado,Cerrado,MS,7120.761507064986
2812,none,none,248.0,none,Cerrado,Cerrado,MS,79988.30061425998
2813,none,none,249.0,none,Cerrado,Cerrado,MS,15.225581300001876
2814,none,none,249.0,none,Pantanal,Cerrado,MS,6472.801218685016
2815,none,none,249.0,none,Pantanal,Pantanal,MS,3190.9339220549878
2816,none,none,25.0,none,Amazônia,Cerrado,TO,1.4535789199479237
2817,none,none,25.0,none,Cerrado,Cerrado,TO,16699.32666370987
2818,none,none,250.0,none,Cerrado,Cerrado,MS,302069.0228980699
2819,none,none,251.0,none,Cerrado,Cerrado,MG,23529.481210560123
2820,none,none,252.0,none,Cerrado,Cerrado,MS,59321.629137119984
2821,none,none,252.0,none,Cerrado,Pantanal,MS,18127.009499419953
2822,none,none,252.0,none,Massa Dagua Continental,Pantanal,MS,7310.603807300033
2823,none,none,252.0,none,Massa Dagua Continental,Pantanal,none,29.095630774986248
2824,none,none,252.0,none,Massa Dagua Continental,none,MS,64.06180869000914
2825,none,none,252.0,none,Massa Dagua Continental,none,none,3787.0036137499533
2826,none,none,252.0,none,Pantanal,Cerrado,MS,1059.7298520650072
2827,none,none,252.0,none,Pantanal,Pantanal,MS,69589.03005528002
2828,none,none,252.0,none,Pantanal,Pantanal,none,26.073478055009314
2829,none,none,252.0,none,Pantanal,none,MS,7.534262490006711
2830,none,none,252.0,none,Pantanal,none,none,818.3095174049979
2831,none,none,252.0,none,none,Pantanal,MS,0.02447526999347632
2832,none,none,253.0,none,Cerrado,Cerrado,MG,114669.41699739509
2833,none,none,253.0,none,Cerrado,Mata Atlântica,MG,1401.9487829749803
2834,none,none,253.0,none,Mata Atlântica,Cerrado,MG,2.9610038499243756
2835,none,none,253.0,none,Mata Atlântica,Mata Atlântica,MG,1.031460639990386
2836,none,none,254.0,none,Cerrado,Cerrado,MG,97305.28935574005
2837,none,none,255.0,none,Cerrado,Cerrado,MS,25716.092940265018
2838,none,none,255.0,none,Cerrado,Pantanal,MS,823.2963096799924
2839,none,none,255.0,none,Pantanal,Cerrado,MS,1437.8083826049844
2840,none,none,255.0,none,Pantanal,Pantanal,MS,1323.7873522000227
2841,none,none,256.0,none,Cerrado,Cerrado,MG,187401.40868969483
2842,none,none,256.0,none,Cerrado,Mata Atlântica,MG,14073.813277160096
2843,none,none,256.0,none,Mata Atlântica,Cerrado,MG,3.3132510899619634
2844,none,none,256.0,none,Mata Atlântica,Mata Atlântica,MG,4.298124745062433
2845,none,none,257.0,none,Cerrado,Cerrado,MS,13111.077288869976
2846,none,none,257.0,none,Cerrado,Pantanal,MS,2069.5651912250223
2847,none,none,257.0,none,Pantanal,Cerrado,MS,949.8659944450316
2848,none,none,257.0,none,Pantanal,Pantanal,MS,8747.884161654982
2849,none,none,258.0,none,Cerrado,Cerrado,MS,91447.92975154478
2850,none,none,258.0,none,Cerrado,Pantanal,MS,11423.40706288006
2851,none,none,258.0,none,Pantanal,Cerrado,MS,1330.0396062000355
2852,none,none,258.0,none,Pantanal,Pantanal,MS,1596.5113078450288
2853,none,none,259.0,none,Cerrado,Cerrado,MG,867.2612970599536
2854,none,none,26.0,none,Cerrado,Cerrado,TO,34855.785650355014
2855,none,none,260.0,none,Cerrado,Cerrado,MS,29115.88534323496
2856,none,none,260.0,none,Cerrado,Pantanal,MS,65936.09980685505
2857,none,none,260.0,none,Massa Dagua Continental,Pantanal,MS,0.34349518499947024
2858,none,none,260.0,none,Pantanal,Pantanal,MS,85689.57894007409
2859,none,none,260.0,none,Pantanal,Pantanal,none,3.507691759998578
2860,none,none,260.0,none,Pantanal,none,MS,0.9258303900039043
2861,none,none,260.0,none,Pantanal,none,none,146.57557440999327
2862,none,none,261.0,none,Cerrado,Cerrado,MS,86768.58371655984
2863,none,none,261.0,none,Cerrado,Pantanal,MS,399.45866758998625
2864,none,none,261.0,none,Pantanal,Cerrado,MS,1022.3381987899888
2865,none,none,262.0,none,Cerrado,Cerrado,SP,22626.490034285
2866,none,none,262.0,none,Cerrado,Mata Atlântica,SP,66146.28308676013
2867,none,none,262.0,none,Mata Atlântica,Cerrado,SP,10.697616659965266
2868,none,none,262.0,none,Mata Atlântica,Mata Atlântica,SP,6.8202605949808115
2869,none,none,263.0,none,Cerrado,Cerrado,SP,1561.8459650349755
2870,none,none,263.0,none,Cerrado,Mata Atlântica,SP,18601.422114834964
2871,none,none,264.0,none,Cerrado,Cerrado,MG,5544.918190105105
2872,none,none,264.0,none,Cerrado,Cerrado,SP,5668.850218574994
2873,none,none,264.0,none,Cerrado,Mata Atlântica,MG,890.8344321949508
2874,none,none,264.0,none,Cerrado,Mata Atlântica,SP,2649.955191984996
2875,none,none,264.0,none,Massa Dagua Continental,Cerrado,MG,120.7128047600084
2876,none,none,264.0,none,Massa Dagua Continental,Mata Atlântica,MG,32.55246145501065
2877,none,none,265.0,none,Cerrado,Cerrado,MG,6592.93100927996
2878,none,none,265.0,none,Cerrado,Cerrado,SP,29102.603692260003
2879,none,none,265.0,none,Cerrado,Mata Atlântica,MG,47961.99417257
2880,none,none,265.0,none,Cerrado,Mata Atlântica,SP,181439.70211201996
2881,none,none,265.0,none,Massa Dagua Continental,Mata Atlântica,MG,58.84970867000394
2882,none,none,265.0,none,Massa Dagua Continental,Mata Atlântica,SP,1105.963304614917
2883,none,none,265.0,none,Mata Atlântica,Mata Atlântica,MG,0.1944879899841349
2884,none,none,266.0,CerraPa_MA001,Cerrado,Cerrado,SP,2.893326005020246
2885,none,none,266.0,CerraPa_MA001,Cerrado,Mata Atlântica,SP,6.0180709249675965
2886,none,none,266.0,CerraPa_MA001,Mata Atlântica,Mata Atlântica,SP,0.0029033499999999535
2887,none,none,266.0,none,Cerrado,Cerrado,MG,60.89715698000911
2888,none,none,266.0,none,Cerrado,Cerrado,SP,99085.52076723489
2889,none,none,266.0,none,Cerrado,Mata Atlântica,SP,217871.00552039038
2890,none,none,266.0,none,Massa Dagua Continental,Cerrado,MG,0.09140330500015446
2891,none,none,266.0,none,Massa Dagua Continental,Cerrado,SP,721.1738676199644
2892,none,none,266.0,none,Massa Dagua Continental,Mata Atlântica,SP,35.07525513498301
2893,none,none,266.0,none,Mata Atlântica,Cerrado,SP,8.32697429500415
2894,none,none,266.0,none,Mata Atlântica,Mata Atlântica,SP,5.157038505005551
2895,none,none,267.0,none,Cerrado,Cerrado,MG,81.92989308002363
2896,none,none,268.0,none,Cerrado,Cerrado,SP,14895.40466728506
2897,none,none,268.0,none,Cerrado,Mata Atlântica,SP,53892.93122969506
2898,none,none,268.0,none,Mata Atlântica,Cerrado,SP,3.6689019699836747
2899,none,none,268.0,none,Mata Atlântica,Mata Atlântica,SP,9.236454049998505
2900,none,none,269.0,none,Cerrado,Mata Atlântica,SP,68301.8262626
2901,none,none,269.0,none,Mata Atlântica,Mata Atlântica,SP,2.5749633450016605
2902,none,none,27.0,AMZ_CerraPant041,Cerrado,Cerrado,TO,1.4749130949933136
2903,none,none,27.0,AMZ_CerraPant042,Cerrado,Cerrado,TO,0.22086659501248615
2904,none,none,27.0,none,Amazônia,Cerrado,TO,0.04434353995058627
2905,none,none,27.0,none,Cerrado,Cerrado,TO,7481.749629035062
2906,none,none,270.0,none,Cerrado,Cerrado,MS,95235.79208997496
2907,none,none,270.0,none,Cerrado,Mata Atlântica,MS,0.020079304994919223
2908,none,none,270.0,none,Mata Atlântica,Cerrado,MS,0.10328848499675677
2909,none,none,271.0,none,Cerrado,Cerrado,MS,36145.41338458005
2910,none,none,272.0,none,Cerrado,Cerrado,MS,34134.20562566496
2911,none,none,273.0,none,Cerrado,Cerrado,MS,152439.73479340525
2912,none,none,274.0,none,Cerrado,Cerrado,MG,104922.21900190465
2913,none,none,274.0,none,Cerrado,Mata Atlântica,MG,3418.8271637249427
2914,none,none,274.0,none,Massa Dagua Continental,Cerrado,MG,21082.369740540154
2915,none,none,274.0,none,Massa Dagua Continental,Mata Atlântica,MG,2.7995770500869983
2916,none,none,274.0,none,Mata Atlântica,Cerrado,MG,1.049738895030428
2917,none,none,274.0,none,Mata Atlântica,Mata Atlântica,MG,0.014080164999451875
2918,none,none,275.0,none,Cerrado,Cerrado,MS,161963.41619351524
2919,none,none,276.0,none,Cerrado,Cerrado,MS,169027.0519929449
2920,none,none,277.0,none,Cerrado,Cerrado,MS,5.660711039998334
2921,none,none,277.0,none,Cerrado,Pantanal,MS,23832.677712925004
2922,none,none,277.0,none,Massa Dagua Continental,Pantanal,MS,14.677336830003378
2923,none,none,277.0,none,Pantanal,Cerrado,MS,736.7530343299852
2924,none,none,277.0,none,Pantanal,Pantanal,MS,66293.76719170512
2925,none,none,278.0,none,Cerrado,Cerrado,MS,221948.66088642005
2926,none,none,278.0,none,Cerrado,Mata Atlântica,MS,3490.4269750899866
2927,none,none,278.0,none,Mata Atlântica,Cerrado,MS,28.16372858000693
2928,none,none,278.0,none,Mata Atlântica,Mata Atlântica,MS,0.6941831850348642
2929,none,none,279.0,CerraPa_MA005,Cerrado,Cerrado,SP,2.7162229050075357
2930,none,none,279.0,CerraPa_MA005,Cerrado,Mata Atlântica,SP,0.8258813450023678
2931,none,none,279.0,CerraPa_MA005,Mata Atlântica,Mata Atlântica,SP,3.8629999966016036e-05
2932,none,none,279.0,none,Cerrado,Cerrado,SP,50915.24024567501
2933,none,none,279.0,none,Cerrado,Mata Atlântica,SP,85425.65649345981
2934,none,none,279.0,none,Mata Atlântica,Cerrado,SP,1.3356250599740342
2935,none,none,279.0,none,Mata Atlântica,Mata Atlântica,SP,1.9789099799984708
2936,none,none,28.0,none,Cerrado,Cerrado,MA,253839.73080548664
2937,none,none,28.0,none,Cerrado,Cerrado,TO,13.17070594999995
2938,none,none,280.0,none,Cerrado,Cerrado,MG,3753.062661569965
2939,none,none,281.0,none,Cerrado,Cerrado,MG,37541.28815926002
2940,none,none,281.0,none,Cerrado,Mata Atlântica,MG,11030.617596224989
2941,none,none,281.0,none,Massa Dagua Continental,Cerrado,MG,2378.063668304949
2942,none,none,281.0,none,Mata Atlântica,Mata Atlântica,MG,3.3495464700252473
2943,none,none,282.0,none,Mata Atlântica,Cerrado,MG,3.9604946749990537
2944,none,none,282.0,none,Mata Atlântica,Mata Atlântica,MG,164.70905580499578
2945,none,none,283.0,none,Cerrado,Cerrado,MS,93.80298382999615
2946,none,none,284.0,none,Cerrado,Cerrado,MG,1317.5736957799722
2947,none,none,284.0,none,Cerrado,Mata Atlântica,MG,5835.467476239996
2948,none,none,284.0,none,Mata Atlântica,Cerrado,MG,3.7221949650343684
2949,none,none,284.0,none,Mata Atlântica,Mata Atlântica,MG,1.6592048900292364
2950,none,none,285.0,none,Cerrado,Cerrado,MS,28791.325791495
2951,none,none,285.0,none,Cerrado,Pantanal,MS,68408.98230495512
2952,none,none,285.0,none,Massa Dagua Continental,Pantanal,MS,23.82414435499801
2953,none,none,285.0,none,Pantanal,Pantanal,MS,22941.827965614986
2954,none,none,287.0,none,Cerrado,Cerrado,MS,93643.99186743978
2955,none,none,287.0,none,Cerrado,Mata Atlântica,MS,5702.320798920005
2956,none,none,287.0,none,Massa Dagua Continental,Cerrado,MS,358.0067627800276
2957,none,none,287.0,none,Massa Dagua Continental,Mata Atlântica,MS,6.8727005050014505
2958,none,none,288.0,none,Cerrado,Cerrado,MS,38821.80795709009
2959,none,none,29.0,none,Cerrado,Cerrado,PI,33317.664913769935
2960,none,none,290.0,none,Cerrado,Cerrado,MS,9962.380265169999
2961,none,none,290.0,none,Cerrado,Cerrado,none,0.014640839999975952
2962,none,none,290.0,none,Cerrado,none,none,0.009186359999901427
2963,none,none,290.0,none,none,Cerrado,MS,0.5439685349596665
2964,none,none,291.0,CerraPa_MA002,Cerrado,Cerrado,SP,1.4292223199848115
2965,none,none,291.0,CerraPa_MA002,Cerrado,Mata Atlântica,SP,0.014973429999797313
2966,none,none,291.0,none,Cerrado,Cerrado,SP,65390.510117139864
2967,none,none,291.0,none,Cerrado,Mata Atlântica,SP,34651.26614490506
2968,none,none,291.0,none,Mata Atlântica,Mata Atlântica,SP,6.186775745036806
2969,none,none,292.0,none,Cerrado,Cerrado,SP,96002.33660916492
2970,none,none,292.0,none,Cerrado,Mata Atlântica,SP,64101.70701966011
2971,none,none,292.0,none,Mata Atlântica,Cerrado,SP,0.007307600000804617
2972,none,none,292.0,none,Mata Atlântica,Mata Atlântica,SP,0.26062109000255507
2973,none,none,293.0,none,Cerrado,Cerrado,MS,30593.490923870002
2974,none,none,293.0,none,Cerrado,Cerrado,none,0.5674013950006941
2975,none,none,293.0,none,Cerrado,none,MS,0.12496031499987348
2976,none,none,293.0,none,Cerrado,none,none,291.6537267100169
2977,none,none,294.0,none,Cerrado,Cerrado,MS,12273.796264075067
2978,none,none,294.0,none,Cerrado,Cerrado,none,0.715193490000054
2979,none,none,294.0,none,Cerrado,none,MS,2.119637210001127
2980,none,none,294.0,none,Cerrado,none,none,6.284989965001003
2981,none,none,294.0,none,none,Cerrado,MS,0.011815049997809563
2982,none,none,295.0,none,Cerrado,Cerrado,SP,23464.53667572504
2983,none,none,295.0,none,Cerrado,Mata Atlântica,SP,14503.65386816497
2984,none,none,295.0,none,Mata Atlântica,Mata Atlântica,SP,0.026476469999663094
2985,none,none,296.0,CerraPa_MA003,Cerrado,Cerrado,SP,7.051608634998006
2986,none,none,296.0,CerraPa_MA003,Cerrado,Mata Atlântica,SP,18.33125035999905
2987,none,none,296.0,CerraPa_MA003,Mata Atlântica,Mata Atlântica,SP,0.00037159500001123636
2988,none,none,296.0,none,Cerrado,Cerrado,SP,76222.81559089005
2989,none,none,296.0,none,Cerrado,Mata Atlântica,SP,109830.66067186513
2990,none,none,296.0,none,Massa Dagua Continental,Cerrado,SP,17959.051713649802
2991,none,none,296.0,none,Massa Dagua Continental,Mata Atlântica,SP,10121.856968875009
2992,none,none,296.0,none,Mata Atlântica,Mata Atlântica,SP,6.7800600949569985
2993,none,none,297.0,none,Cerrado,Cerrado,SP,75.99409447999699
2994,none,none,297.0,none,Cerrado,Mata Atlântica,SP,3166.336881615036
2995,none,none,298.0,none,Cerrado,Cerrado,PR,26940.227022354997
2996,none,none,298.0,none,Cerrado,Mata Atlântica,PR,7737.270103544986
2997,none,none,298.0,none,Mata Atlântica,Cerrado,PR,27113.641593969965
2998,none,none,298.0,none,Mata Atlântica,Mata Atlântica,PR,5272.555309465006
2999,none,none,298.0,none,Mata Atlântica,none,PR,6.200000005727634e-07
3000,none,none,299.0,none,Cerrado,Cerrado,MS,34713.52557159
3001,none,none,3.0,none,Caatinga,Cerrado,MA,13.306741135091372
3002,none,none,3.0,none,Caatinga,Cerrado,PI,0.012229974993463838
3003,none,none,3.0,none,Cerrado,Cerrado,MA,139638.03889806522
3004,none,none,3.0,none,Cerrado,Cerrado,PI,1671.8760556249536
3005,none,none,30.0,AMZ_CerraPant033,Cerrado,Cerrado,TO,23.273152124976008
3006,none,none,30.0,AMZ_CerraPant033,Massa Dagua Continental,Cerrado,TO,0.00048743500004132283
3007,none,none,30.0,AMZ_CerraPant034,Cerrado,Cerrado,TO,1.5662787100083715
3008,none,none,30.0,AMZ_CerraPant035,Cerrado,Cerrado,TO,8.94644281498874
3009,none,none,30.0,none,Cerrado,Cerrado,TO,62204.61621023011
3010,none,none,30.0,none,Massa Dagua Continental,Cerrado,PA,128.3990028700198
3011,none,none,30.0,none,Massa Dagua Continental,Cerrado,TO,611.1475121250255
3012,none,none,300.0,none,Cerrado,Mata Atlântica,PR,20.9303151550022
3013,none,none,300.0,none,Cerrado,Mata Atlântica,SP,370.569299514995
3014,none,none,300.0,none,Mata Atlântica,Mata Atlântica,PR,252.41958677000315
3015,none,none,31.0,none,Cerrado,Cerrado,MA,285.22148904000244
3016,none,none,31.0,none,Cerrado,Cerrado,TO,49164.28101587972
3017,none,none,32.0,none,Amazônia,Cerrado,PA,2.93111132514775
3018,none,none,32.0,none,Amazônia,Cerrado,TO,9.063238510005476
3019,none,none,32.0,none,Cerrado,Cerrado,TO,42805.2421239297
3020,none,none,32.0,none,Massa Dagua Continental,Cerrado,PA,4135.969906654922
3021,none,none,32.0,none,Massa Dagua Continental,Cerrado,TO,10853.263663120444
3022,none,none,33.0,none,Caatinga,Cerrado,PI,0.00034605000837943515
3023,none,none,33.0,none,Cerrado,Cerrado,PI,3.8942844599986928
3024,none,none,34.0,AMZ_CerraPant033,Cerrado,Cerrado,TO,1.2529898449984227
3025,none,none,34.0,none,Amazônia,Cerrado,TO,0.07010959000785415
3026,none,none,34.0,none,Cerrado,Cerrado,TO,76078.72436724488
3027,none,none,34.0,none,Massa Dagua Continental,Cerrado,TO,3.724987324997187
3028,none,none,35.0,none,Cerrado,Cerrado,PI,3148.492808484864
3029,none,none,36.0,none,Cerrado,Cerrado,MA,6692.492707964965
3030,none,none,36.0,none,Cerrado,Cerrado,TO,441773.768044595
3031,none,none,37.0,none,Cerrado,Cerrado,TO,31306.25890189987
3032,none,none,38.0,none,Cerrado,Cerrado,TO,724.1622109600763
3033,none,none,4.0,CAA_CerraPa001,Caatinga,Cerrado,PI,0.010412375000705595
3034,none,none,4.0,CAA_CerraPa001,Cerrado,Cerrado,MA,0.04084724000131337
3035,none,none,4.0,CAA_CerraPa001,Cerrado,Cerrado,PI,6.722372154990858
3036,none,none,4.0,CAA_CerraPa006,Caatinga,Cerrado,PI,1.8265453800036473
3037,none,none,4.0,CAA_CerraPa006,Cerrado,Cerrado,PI,1.5557317199813252
3038,none,none,4.0,none,Caatinga,Cerrado,PI,13133.257765824806
3039,none,none,4.0,none,Cerrado,Cerrado,MA,283.09026261000423
3040,none,none,4.0,none,Cerrado,Cerrado,PI,22047.029235805127
3041,none,none,40.0,none,Cerrado,Cerrado,MA,47571.94433363011
3042,none,none,41.0,AMZ_CerraPant008,Cerrado,Cerrado,TO,2.0527232949996748
3043,none,none,41.0,none,Cerrado,Cerrado,TO,94938.05249516484
3044,none,none,42.0,none,Cerrado,Caatinga,PI,0.011524830000118776
3045,none,none,43.0,none,Cerrado,Cerrado,TO,36273.81799822035
3046,none,none,44.0,AMZ_CerraPant014,Cerrado,Cerrado,MT,6.097800720029424
3047,none,none,44.0,AMZ_CerraPant015,Cerrado,Cerrado,MT,3.1778436850280083
3048,none,none,44.0,AMZ_CerraPant017,Cerrado,Cerrado,MT,5.823196705037883
3049,none,none,44.0,AMZ_CerraPant018,Cerrado,Cerrado,MT,0.8064624199316927
3050,none,none,44.0,AMZ_CerraPant028,Cerrado,Cerrado,MT,1.452477625018031
3051,none,none,44.0,AMZ_CerraPant043,Cerrado,Amazônia,MT,0.15158829500287588
3052,none,none,44.0,AMZ_CerraPant043,Cerrado,Cerrado,MT,0.2389198600035284
3053,none,none,44.0,AMZ_CerraPant044,Cerrado,Amazônia,MT,0.2180474700040005
3054,none,none,44.0,none,Amazônia,Cerrado,MT,1.3951843649540097
3055,none,none,44.0,none,Cerrado,Amazônia,MT,17607.74696585002
3056,none,none,44.0,none,Cerrado,Cerrado,MT,207020.3733167898
3057,none,none,44.0,none,Massa Dagua Continental,Cerrado,MT,250.31124331497816
3058,none,none,45.0,none,Cerrado,Cerrado,TO,356805.2346825952
3059,none,none,46.0,none,Amazônia,Cerrado,MT,0.1264850599959609
3060,none,none,46.0,none,Cerrado,Cerrado,MT,32743.158846340026
3061,none,none,46.0,none,Cerrado,Cerrado,TO,9505.724570260038
3062,none,none,46.0,none,Massa Dagua Continental,Cerrado,MT,9947.547194615066
3063,none,none,46.0,none,Massa Dagua Continental,Cerrado,TO,1402.7136071900284
3064,none,none,47.0,none,Cerrado,Cerrado,TO,533532.6273968206
3065,none,none,48.0,none,Cerrado,Cerrado,TO,190095.61169353488
3066,none,none,49.0,none,Cerrado,Cerrado,TO,73762.55269836984
3067,none,none,5.0,none,Caatinga,Cerrado,PI,12897.338537005046
3068,none,none,5.0,none,Cerrado,Cerrado,MA,3.532363595004617
3069,none,none,5.0,none,Cerrado,Cerrado,PI,897.3816525150784
3070,none,none,50.0,none,Cerrado,Cerrado,TO,63985.82121265515
3071,none,none,52.0,none,Cerrado,Cerrado,BA,79.39132034500585
3072,none,none,52.0,none,Cerrado,Cerrado,PI,454.65279843996314
3073,none,none,52.0,none,Cerrado,Cerrado,TO,67026.01152642985
3074,none,none,53.0,none,Cerrado,Cerrado,BA,159003.52018278601
3075,none,none,53.0,none,Cerrado,Cerrado,PI,700.1121465049805
3076,none,none,53.0,none,Cerrado,Cerrado,TO,3529.3297002999375
3077,none,none,54.0,none,Caatinga,Caatinga,BA,1.3344875849891973
3078,none,none,54.0,none,Cerrado,Caatinga,BA,192862.20139025868
3079,none,none,54.0,none,Cerrado,Caatinga,PI,932.5856450149389
3080,none,none,54.0,none,none,Caatinga,BA,0.0005472000000676601
3081,none,none,55.0,none,Cerrado,Cerrado,TO,194283.40105253478
3082,none,none,56.0,none,Cerrado,Caatinga,BA,177466.40806212023
3083,none,none,56.0,none,Cerrado,Caatinga,PI,4.524887010009666
3084,none,none,56.0,none,Cerrado,Cerrado,BA,382527.02711545536
3085,none,none,56.0,none,Cerrado,Cerrado,PI,227.26367762000407
3086,none,none,58.0,none,Cerrado,Cerrado,TO,12921.938935154976
3087,none,none,59.0,none,Cerrado,Cerrado,TO,96130.8166655399
3088,none,none,6.0,none,Caatinga,Cerrado,PI,2384.384602460006
3089,none,none,6.0,none,Cerrado,Cerrado,PI,89223.29038034515
3090,none,none,60.0,none,Cerrado,Cerrado,BA,11821.228387704881
3091,none,none,60.0,none,Cerrado,Cerrado,GO,366.86872724497493
3092,none,none,60.0,none,Cerrado,Cerrado,TO,18063.539939429957
3093,none,none,62.0,none,Cerrado,Cerrado,TO,19890.371671884946
3094,none,none,63.0,none,Cerrado,Cerrado,TO,310027.01869814453
3095,none,none,64.0,none,Caatinga,Caatinga,BA,0.0002525900001441734
3096,none,none,64.0,none,Cerrado,Caatinga,BA,15965.90398098492
3097,none,none,64.0,none,Massa Dagua Continental,Caatinga,BA,6508.725701150173
3098,none,none,65.0,none,Cerrado,Caatinga,BA,6105.112301174987
3099,none,none,65.0,none,Cerrado,Cerrado,BA,156499.02121595966
3100,none,none,66.0,none,Cerrado,Caatinga,BA,6977.195346544984
3101,none,none,66.0,none,Cerrado,Cerrado,BA,150834.38296959465
3102,none,none,67.0,none,Cerrado,Amazônia,MT,17451.987157755117
3103,none,none,67.0,none,Cerrado,Cerrado,MT,50098.49608223507
3104,none,none,67.0,none,Cerrado,Cerrado,TO,31.491882234995412
3105,none,none,67.0,none,Massa Dagua Continental,Cerrado,MT,407.8021169950024
3106,none,none,68.0,none,Cerrado,Cerrado,GO,76612.44703140503
3107,none,none,68.0,none,Cerrado,Cerrado,MT,19123.211892115167
3108,none,none,68.0,none,Cerrado,Cerrado,TO,50204.262662155204
3109,none,none,69.0,none,Cerrado,Cerrado,GO,17065.62795027021
3110,none,none,69.0,none,Cerrado,Cerrado,TO,69702.26585736501
3111,none,none,7.0,none,Cerrado,Cerrado,MA,7649.316986265256
3112,none,none,70.0,none,Cerrado,Cerrado,TO,552.237730490079
3113,none,none,71.0,none,Cerrado,Cerrado,GO,67159.28471941985
3114,none,none,71.0,none,Cerrado,Cerrado,TO,158533.92968690975
3115,none,none,72.0,none,Cerrado,Amazônia,MT,82795.68541111019
3116,none,none,72.0,none,Cerrado,Cerrado,MT,23403.452178554962
3117,none,none,73.0,none,Cerrado,Caatinga,BA,75172.04050995532
3118,none,none,73.0,none,Cerrado,Cerrado,BA,34.429084924990555
3119,none,none,74.0,none,Cerrado,Amazônia,MT,0.23006918488470837
3120,none,none,74.0,none,Cerrado,Cerrado,MT,38388.431691044905
3121,none,none,75.0,none,Cerrado,Cerrado,BA,103393.07101603509
3122,none,none,76.0,none,Cerrado,Caatinga,BA,94547.14549947025
3123,none,none,77.0,none,Cerrado,Cerrado,TO,82276.33570863983
3124,none,none,78.0,none,Cerrado,Cerrado,TO,103783.49327711477
3125,none,none,79.0,none,Cerrado,Cerrado,BA,95.03496756001687
3126,none,none,8.0,CAA_CerraPa005,Caatinga,Cerrado,PI,1.2510520650050372
3127,none,none,8.0,CAA_CerraPa008,Caatinga,Cerrado,PI,8.005860299964116
3128,none,none,8.0,CAA_CerraPa008,Cerrado,Cerrado,PI,2.833229624996201
3129,none,none,8.0,none,Caatinga,Cerrado,PI,28464.52068084005
3130,none,none,8.0,none,Cerrado,Cerrado,MA,6401.603205185066
3131,none,none,8.0,none,Cerrado,Cerrado,PI,39559.809928815
3132,none,none,80.0,none,Caatinga,Caatinga,BA,0.8243184949816242
3133,none,none,80.0,none,Cerrado,Caatinga,BA,60500.784460125324
3134,none,none,80.0,none,Massa Dagua Continental,Caatinga,BA,11499.343398460014
3135,none,none,83.0,none,Cerrado,Cerrado,GO,0.0006645200006189011
3136,none,none,83.0,none,Cerrado,Cerrado,TO,22222.57077013982
3137,none,none,84.0,none,Cerrado,Cerrado,GO,129841.68029157021
3138,none,none,84.0,none,Cerrado,Cerrado,TO,135682.73333211505
3139,none,none,85.0,none,Cerrado,Cerrado,MT,71.5983914049929
3140,none,none,86.0,AMZ_CerraPant013,Cerrado,Cerrado,MT,3.9636346799913023
3141,none,none,86.0,none,Cerrado,Cerrado,MT,16128.843613885083
3142,none,none,87.0,none,Cerrado,Cerrado,MT,247693.19600030026
3143,none,none,88.0,AMZ_CerraPant012,Cerrado,Cerrado,MT,2.1969644549926497
3144,none,none,88.0,none,Cerrado,Cerrado,MT,4879.483263859961
3145,none,none,89.0,none,Cerrado,Caatinga,BA,492.89997265004513
3146,none,none,89.0,none,Cerrado,Cerrado,BA,72393.7703045148
3147,none,none,9.0,none,Cerrado,Cerrado,MA,162130.314571785
3148,none,none,90.0,none,Cerrado,Cerrado,GO,3661.8230257499554
3149,none,none,91.0,none,Cerrado,Cerrado,BA,2732.8458274200543
3150,none,none,91.0,none,Cerrado,Cerrado,GO,1129.737885970014
3151,none,none,92.0,none,Cerrado,Caatinga,BA,212.4940055099997
3152,none,none,92.0,none,Cerrado,Cerrado,BA,211.18054113001517
3153,none,none,94.0,none,Cerrado,Caatinga,BA,26908.93937922005
3154,none,none,95.0,none,Amazônia,Amazônia,MT,1.6861299100152216
3155,none,none,95.0,none,Amazônia,Cerrado,MT,3.444810250084313
3156,none,none,95.0,none,Cerrado,Amazônia,MT,162.23771311503708
3157,none,none,95.0,none,Cerrado,Cerrado,MT,46148.72187624527
3158,none,none,97.0,none,Cerrado,Amazônia,MT,22460.233441554778
3159,none,none,97.0,none,Cerrado,Cerrado,MT,145045.4122947842
3160,none,none,98.0,none,Cerrado,Amazônia,MT,2223.6390137550243
3161,none,none,98.0,none,Cerrado,Cerrado,MT,510.39459104500116
3162,none,none,99.0,none,Cerrado,Cerrado,MT,97218.42886818972
3163,none,none,none,AMZ_CerraPant001,Amazônia,Amazônia,MT,3.595467900000581
3164,none,none,none,AMZ_CerraPant001,Pantanal,Amazônia,MT,15492.338980594926
3165,none,none,none,AMZ_CerraPant002,Amazônia,Amazônia,MT,0.4350447350332075
3166,none,none,none,AMZ_CerraPant002,Amazônia,Cerrado,MT,0.08067586998784818
3167,none,none,none,AMZ_CerraPant002,Cerrado,Amazônia,MT,2202.2641221999893
3168,none,none,none,AMZ_CerraPant002,Cerrado,Cerrado,MT,12049.084296784982
3169,none,none,none,AMZ_CerraPant004,Cerrado,Amazônia,MT,310.6210800649898
3170,none,none,none,AMZ_CerraPant004,Cerrado,Cerrado,MT,34892.99025234496
3171,none,none,none,AMZ_CerraPant005,Cerrado,Cerrado,MT,996.8481805500068
3172,none,none,none,AMZ_CerraPant008,Cerrado,Cerrado,TO,10589.6096490001
3173,none,none,none,AMZ_CerraPant009,Amazônia,Amazônia,MT,0.01252575000012567
3174,none,none,none,AMZ_CerraPant009,Amazônia,Cerrado,MT,280.9311892699451
3175,none,none,none,AMZ_CerraPant009,Cerrado,Amazônia,MT,0.9344749599999436
3176,none,none,none,AMZ_CerraPant009,Cerrado,Cerrado,MT,2244.6525324349846
3177,none,none,none,AMZ_CerraPant010,Cerrado,Cerrado,MT,15497.257686519992
3178,none,none,none,AMZ_CerraPant011,Amazônia,Amazônia,MT,58.49288818999958
3179,none,none,none,AMZ_CerraPant011,Cerrado,Amazônia,MT,0.2912966050167568
3180,none,none,none,AMZ_CerraPant012,Amazônia,Amazônia,MT,5.088047759951312
3181,none,none,none,AMZ_CerraPant012,Amazônia,Cerrado,MT,0.506639849976357
3182,none,none,none,AMZ_CerraPant012,Cerrado,Amazônia,MT,29039.41864823012
3183,none,none,none,AMZ_CerraPant012,Cerrado,Cerrado,MT,9964.78827603495
3184,none,none,none,AMZ_CerraPant013,Amazônia,Amazônia,MT,0.6378323900420315
3185,none,none,none,AMZ_CerraPant013,Cerrado,Amazônia,MT,10109.711549555026
3186,none,none,none,AMZ_CerraPant013,Cerrado,Cerrado,MT,7364.851259674986
3187,none,none,none,AMZ_CerraPant014,Amazônia,Cerrado,MT,0.3440599500041295
3188,none,none,none,AMZ_CerraPant014,Cerrado,Amazônia,MT,2459.177433840065
3189,none,none,none,AMZ_CerraPant014,Cerrado,Cerrado,MT,20641.198855744988
3190,none,none,none,AMZ_CerraPant015,Amazônia,Cerrado,MT,2.783934749980013
3191,none,none,none,AMZ_CerraPant015,Cerrado,Cerrado,MT,21358.61779933999
3192,none,none,none,AMZ_CerraPant016,Amazônia,Amazônia,MT,286.96294769992966
3193,none,none,none,AMZ_CerraPant016,Cerrado,Amazônia,MT,5924.342828630097
3194,none,none,none,AMZ_CerraPant017,Amazônia,Cerrado,MT,0.04283692998285722
3195,none,none,none,AMZ_CerraPant017,Cerrado,Amazônia,MT,2132.5029229399797
3196,none,none,none,AMZ_CerraPant017,Cerrado,Cerrado,MT,24931.361509059952
3197,none,none,none,AMZ_CerraPant018,Cerrado,Cerrado,MT,1887.3706563850246
3198,none,none,none,AMZ_CerraPant019,Pantanal,Amazônia,MT,20012.762829354982
3199,none,none,none,AMZ_CerraPant019,Pantanal,Pantanal,MT,41935.524299734956
3200,none,none,none,AMZ_CerraPant019,Pantanal,Pantanal,none,226.6410594600012
3201,none,none,none,AMZ_CerraPant019,Pantanal,none,MT,34.75924383500258
3202,none,none,none,AMZ_CerraPant019,Pantanal,none,none,134.05481659999305
3203,none,none,none,AMZ_CerraPant019,none,Pantanal,MT,588.2258775600269
3204,none,none,none,AMZ_CerraPant019,none,Pantanal,none,27.993805770010955
3205,none,none,none,AMZ_CerraPant019,none,none,MT,15.045074725000218
3206,none,none,none,AMZ_CerraPant019,none,none,none,32.373814834989744
3207,none,none,none,AMZ_CerraPant020,Amazônia,Amazônia,MT,0.0013375800038127636
3208,none,none,none,AMZ_CerraPant023,Cerrado,Amazônia,MT,14.65125825999789
3209,none,none,none,AMZ_CerraPant024,Amazônia,Amazônia,MT,0.0699540449991062
3210,none,none,none,AMZ_CerraPant024,Cerrado,Amazônia,MT,30966.694609830032
3211,none,none,none,AMZ_CerraPant025,Cerrado,Cerrado,MT,4051.950447209877
3212,none,none,none,AMZ_CerraPant026,Amazônia,Amazônia,MT,0.4372777449936272
3213,none,none,none,AMZ_CerraPant026,Cerrado,Amazônia,MT,3744.972599554959
3214,none,none,none,AMZ_CerraPant028,Cerrado,Cerrado,MT,1946.1445544799585
3215,none,none,none,AMZ_CerraPant030,Amazônia,Amazônia,MT,1.4423215349815077
3216,none,none,none,AMZ_CerraPant030,Cerrado,Amazônia,MT,91.39117753000708
3217,none,none,none,AMZ_CerraPant030,Cerrado,Cerrado,MT,3.7462000900037986
3218,none,none,none,AMZ_CerraPant031,Amazônia,Cerrado,MT,3.451620820102244
3219,none,none,none,AMZ_CerraPant031,Cerrado,Amazônia,MT,113.19710073499279
3220,none,none,none,AMZ_CerraPant031,Cerrado,Cerrado,MT,56538.23508680509
3221,none,none,none,AMZ_CerraPant033,Cerrado,Cerrado,TO,36751.55299574489
3222,none,none,none,AMZ_CerraPant033,Massa Dagua Continental,Cerrado,TO,0.5548682100290407
3223,none,none,none,AMZ_CerraPant034,Amazônia,Amazônia,TO,32.274374839961666
3224,none,none,none,AMZ_CerraPant034,Amazônia,Cerrado,TO,139.40231697008159
3225,none,none,none,AMZ_CerraPant034,Amazônia,none,TO,9.500000230735168e-07
3226,none,none,none,AMZ_CerraPant034,Cerrado,Amazônia,TO,1962.7324040550475
3227,none,none,none,AMZ_CerraPant034,Cerrado,Cerrado,TO,118961.12403543055
3228,none,none,none,AMZ_CerraPant034,Massa Dagua Continental,Cerrado,TO,4.493095609983441
3229,none,none,none,AMZ_CerraPant035,Cerrado,Cerrado,TO,14279.576335349971
3230,none,none,none,AMZ_CerraPant035,Massa Dagua Continental,Cerrado,TO,1.286837394947745
3231,none,none,none,AMZ_CerraPant036,Amazônia,Cerrado,TO,5440.440366830135
3232,none,none,none,AMZ_CerraPant036,Cerrado,Cerrado,TO,13603.58313123999
3233,none,none,none,AMZ_CerraPant037,Amazônia,Amazônia,MT,6.830755574983152
3234,none,none,none,AMZ_CerraPant037,Cerrado,Amazônia,MT,13.09935110001322
3235,none,none,none,AMZ_CerraPant038,Amazônia,Amazônia,TO,10799.761440050128
3236,none,none,none,AMZ_CerraPant038,Cerrado,Amazônia,TO,77276.07683120486
3237,none,none,none,AMZ_CerraPant039,Amazônia,Amazônia,TO,32220.272422834987
3238,none,none,none,AMZ_CerraPant039,Amazônia,Cerrado,TO,111.48110491003236
3239,none,none,none,AMZ_CerraPant039,Cerrado,Amazônia,TO,27355.005955200024
3240,none,none,none,AMZ_CerraPant039,Cerrado,Cerrado,TO,337.4506981649831
3241,none,none,none,AMZ_CerraPant041,Amazônia,Amazônia,TO,2.6185959450137317
3242,none,none,none,AMZ_CerraPant041,Amazônia,Cerrado,TO,6.552098049994835
3243,none,none,none,AMZ_CerraPant041,Cerrado,Amazônia,TO,201.54428318499583
3244,none,none,none,AMZ_CerraPant041,Cerrado,Cerrado,TO,73215.13405216501
3245,none,none,none,AMZ_CerraPant042,Amazônia,Amazônia,TO,0.4322613049934567
3246,none,none,none,AMZ_CerraPant042,Amazônia,Cerrado,TO,6.020616869926561
3247,none,none,none,AMZ_CerraPant042,Cerrado,Amazônia,TO,59.54536852500655
3248,none,none,none,AMZ_CerraPant042,Cerrado,Cerrado,TO,113819.85327357531
3249,none,none,none,AMZ_CerraPant043,Cerrado,Amazônia,MT,461.0099717200082
3250,none,none,none,AMZ_CerraPant043,Cerrado,Cerrado,MT,1694.7506381799717
3251,none,none,none,AMZ_CerraPant044,Amazônia,Amazônia,MT,5.334482000155211
3252,none,none,none,AMZ_CerraPant044,Cerrado,Amazônia,MT,21098.520033859768
3253,none,none,none,AMZ_CerraPant045,Amazônia,Cerrado,TO,2016.0488163949701
3254,none,none,none,AMZ_CerraPant045,Cerrado,Cerrado,TO,19851.751151535067
3255,none,none,none,AMZ_CerraPant046,Amazônia,Amazônia,MT,0.3033375300120097
3256,none,none,none,AMZ_CerraPant046,Cerrado,Amazônia,MT,14983.342452934963
3257,none,none,none,AMZ_CerraPant046,Cerrado,Cerrado,MT,55890.47160328
3258,none,none,none,CAA_CerraPa001,Caatinga,Cerrado,PI,7300.346251904953
3259,none,none,none,CAA_CerraPa001,Cerrado,Cerrado,MA,156.2137927249805
3260,none,none,none,CAA_CerraPa001,Cerrado,Cerrado,PI,3199.4293969800756
3261,none,none,none,CAA_CerraPa002,Caatinga,Cerrado,MA,2931.2857210449965
3262,none,none,none,CAA_CerraPa002,Cerrado,Cerrado,MA,397.26623306999653
3263,none,none,none,CAA_CerraPa003,Caatinga,Caatinga,BA,5577.080145665034
3264,none,none,none,CAA_CerraPa003,Caatinga,Caatinga,PI,1879.9918237000368
3265,none,none,none,CAA_CerraPa003,Caatinga,Cerrado,BA,616.5462465849719
3266,none,none,none,CAA_CerraPa003,Caatinga,Cerrado,PI,11.134182200001892
3267,none,none,none,CAA_CerraPa005,Caatinga,Cerrado,PI,11139.493076304912
3268,none,none,none,CAA_CerraPa005,Cerrado,Cerrado,PI,3.9805148200096503
3269,none,none,none,CAA_CerraPa006,Caatinga,Cerrado,PI,5895.322681905041
3270,none,none,none,CAA_CerraPa006,Cerrado,Cerrado,PI,3364.9346307299143
3271,none,none,none,CAA_CerraPa007,Caatinga,Caatinga,BA,2.2237163750804636
3272,none,none,none,CAA_CerraPa007,Cerrado,Caatinga,BA,15813.108497610147
3273,none,none,none,CAA_CerraPa007,Massa Dagua Continental,Caatinga,BA,3775.7918467098216
3274,none,none,none,CAA_CerraPa008,Caatinga,Cerrado,PI,10112.37682117991
3275,none,none,none,CAA_CerraPa008,Cerrado,Cerrado,PI,1775.723274070035
3276,none,none,none,CerraPa_MA001,Cerrado,Cerrado,SP,490.6153613799902
3277,none,none,none,CerraPa_MA001,Cerrado,Mata Atlântica,SP,10545.504497744985
3278,none,none,none,CerraPa_MA001,Mata Atlântica,Mata Atlântica,SP,1.6350249800302419
3279,none,none,none,CerraPa_MA002,Cerrado,Cerrado,SP,677.8470695449901
3280,none,none,none,CerraPa_MA002,Cerrado,Mata Atlântica,SP,112.35889305499427
3281,none,none,none,CerraPa_MA002,Mata Atlântica,Cerrado,SP,365.0637254599734
3282,none,none,none,CerraPa_MA002,Mata Atlântica,Mata Atlântica,SP,1139.1919060299972
3283,none,none,none,CerraPa_MA003,Cerrado,Cerrado,SP,2244.700819584991
3284,none,none,none,CerraPa_MA003,Cerrado,Mata Atlântica,SP,4980.101120964985
3285,none,none,none,CerraPa_MA003,Mata Atlântica,Mata Atlântica,SP,2687.5901112650286
3286,none,none,none,CerraPa_MA005,Cerrado,Cerrado,SP,480.41041159501475
3287,none,none,none,CerraPa_MA005,Cerrado,Mata Atlântica,SP,1790.5282345000144
3288,none,none,none,CerraPa_MA005,Mata Atlântica,Cerrado,SP,0.23819175499470102
3289,none,none,none,CerraPa_MA005,Mata Atlântica,Mata Atlântica,SP,6.711896320018576
3290,none,none,none,none,Amazônia,Amazônia,MA,0.00017975999932585748
3291,none,none,none,none,Amazônia,Amazônia,MT,0.0029590899258667724
3292,none,none,none,none,Amazônia,Amazônia,PA,0.0001566699985480419
3293,none,none,none,none,Amazônia,Amazônia,RO,5.227999883145458e-05
3294,none,none,none,none,Amazônia,Amazônia,TO,3.0805000745976944e-05
3295,none,none,none,none,Amazônia,Amazônia,none,0.00027934499301147416
3296,none,none,none,none,Amazônia,Cerrado,MA,232567.5854556208
3297,none,none,none,none,Amazônia,Cerrado,MT,965599.5880190284
3298,none,none,none,none,Amazônia,Cerrado,PA,836808.5439716068
3299,none,none,none,none,Amazônia,Cerrado,RO,219901.26799202527
3300,none,none,none,none,Amazônia,Cerrado,TO,332629.98172691005
3301,none,none,none,none,Amazônia,Pantanal,MT,35409.46518164491
3302,none,none,none,none,Caatinga,Caatinga,BA,0.00023130000560083426
3303,none,none,none,none,Caatinga,Caatinga,PI,0.0019687650079566175
3304,none,none,none,none,Caatinga,Cerrado,BA,579529.9234066155
3305,none,none,none,none,Caatinga,Cerrado,MA,350931.9829383596
3306,none,none,none,none,Caatinga,Cerrado,PI,5574479.011592916
3307,none,none,none,none,Caatinga,none,none,0.0005047150090025644
3308,none,none,none,none,Cerrado,Amazônia,MA,151789.09532364045
3309,none,none,none,none,Cerrado,Amazônia,MT,2461005.7285656277
3310,none,none,none,none,Cerrado,Amazônia,RO,5161.716108649949
3311,none,none,none,none,Cerrado,Amazônia,TO,177862.51527959495
3312,none,none,none,none,Cerrado,Amazônia,none,2759.038212030108
3313,none,none,none,none,Cerrado,Caatinga,BA,3045365.449284784
3314,none,none,none,none,Cerrado,Caatinga,MG,752863.2150769504
3315,none,none,none,none,Cerrado,Caatinga,PI,71529.45654080583
3316,none,none,none,none,Cerrado,Caatinga,none,0.06944163499913517
3317,none,none,none,none,Cerrado,Cerrado,BA,2406778.2154611326
3318,none,none,none,none,Cerrado,Cerrado,DF,172391.8774865551
3319,none,none,none,none,Cerrado,Cerrado,GO,14302089.465462243
3320,none,none,none,none,Cerrado,Cerrado,MA,10636386.17112515
3321,none,none,none,none,Cerrado,Cerrado,MG,12695012.570033742
3322,none,none,none,none,Cerrado,Cerrado,MS,9679851.705788324
3323,none,none,none,none,Cerrado,Cerrado,MT,10875401.380287405
3324,none,none,none,none,Cerrado,Cerrado,PA,57.49337489001925
3325,none,none,none,none,Cerrado,Cerrado,PI,2196215.4882426527
3326,none,none,none,none,Cerrado,Cerrado,PR,106192.5536074751
3327,none,none,none,none,Cerrado,Cerrado,RO,43651.314977104936
3328,none,none,none,none,Cerrado,Cerrado,SP,2682206.573366512
3329,none,none,none,none,Cerrado,Cerrado,TO,6553381.708744746
3330,none,none,none,none,Cerrado,Cerrado,none,134.8352882700037
3331,none,none,none,none,Cerrado,Mata Atlântica,GO,37782.628620514726
3332,none,none,none,none,Cerrado,Mata Atlântica,MG,894516.7103409203
3333,none,none,none,none,Cerrado,Mata Atlântica,MS,38174.52693980499
3334,none,none,none,none,Cerrado,Mata Atlântica,PR,76117.22984434511
3335,none,none,none,none,Cerrado,Mata Atlântica,SP,2771998.585078361
3336,none,none,none,none,Cerrado,Mata Atlântica,none,0.001121409995300593
3337,none,none,none,none,Cerrado,Pantanal,MS,123132.0141435099
3338,none,none,none,none,Cerrado,Pantanal,MT,4601.037515049987
3339,none,none,none,none,Cerrado,Pantanal,none,28.509793784995168
3340,none,none,none,none,Cerrado,none,MA,64.62085722000141
3341,none,none,none,none,Cerrado,none,MS,85.02672688498143
3342,none,none,none,none,Cerrado,none,MT,0.0006114449863331607
3343,none,none,none,none,Cerrado,none,PI,36.03996609499951
3344,none,none,none,none,Cerrado,none,none,11002.430261889902
3345,none,none,none,none,Massa Dagua Continental,Cerrado,DF,7143.5533562050105
3346,none,none,none,none,Massa Dagua Continental,Cerrado,GO,94572.85947735973
3347,none,none,none,none,Massa Dagua Continental,Cerrado,MA,81473.29798787038
3348,none,none,none,none,Massa Dagua Continental,Cerrado,MG,226562.5826275247
3349,none,none,none,none,Massa Dagua Continental,Cerrado,MS,112026.85400549484
3350,none,none,none,none,Massa Dagua Continental,Cerrado,MT,17128.106168449718
3351,none,none,none,none,Massa Dagua Continental,Cerrado,PA,29591.65689637
3352,none,none,none,none,Massa Dagua Continental,Cerrado,PI,3828.094114279833
3353,none,none,none,none,Massa Dagua Continental,Cerrado,SP,86902.88923396516
3354,none,none,none,none,Massa Dagua Continental,Cerrado,TO,33274.07186586975
3355,none,none,none,none,Massa Dagua Continental,Cerrado,none,269.8881959400785
3356,none,none,none,none,Massa Dagua Continental,Pantanal,MS,17620.433218270104
3357,none,none,none,none,Massa Dagua Continental,Pantanal,none,115.71832074499707
3358,none,none,none,none,Massa Dagua Continental,none,MS,1.985000001846347e-05
3359,none,none,none,none,"Massa Dagua Costeira - Mar Territorial, 12 milhas",Cerrado,MA,17899.85467969998
3360,none,none,none,none,"Massa Dagua Costeira - Mar Territorial, 12 milhas",Cerrado,none,1859.453685624954
3361,none,none,none,none,"Massa Dagua Costeira - Mar Territorial, 12 milhas",none,none,1.4364999678909385e-05
3362,none,none,none,none,Mata Atlântica,Cerrado,BA,12979.911468590037
3363,none,none,none,none,Mata Atlântica,Cerrado,GO,414664.95171772473
3364,none,none,none,none,Mata Atlântica,Cerrado,MG,1159898.946863179
3365,none,none,none,none,Mata Atlântica,Cerrado,MS,1263135.537156171
3366,none,none,none,none,Mata Atlântica,Cerrado,PR,24206.15247560989
3367,none,none,none,none,Mata Atlântica,Cerrado,SP,666920.8933311242
3368,none,none,none,none,Mata Atlântica,Cerrado,none,59.22550162005388
3369,none,none,none,none,Mata Atlântica,Mata Atlântica,MG,0.0002708050002521416
3370,none,none,none,none,Mata Atlântica,Mata Atlântica,SP,4.140000043672044e-05
3371,none,none,none,none,Mata Atlântica,Mata Atlântica,none,0.0004844150013920525
3372,none,none,none,none,Pantanal,Amazônia,MT,279101.74154168036
3373,none,none,none,none,Pantanal,Amazônia,none,17.419878474855444
3374,none,none,none,none,Pantanal,Cerrado,MS,33735.679836580115
3375,none,none,none,none,Pantanal,Cerrado,MT,44257.78232001495
3376,none,none,none,none,Pantanal,Pantanal,MS,2398171.4152101562
3377,none,none,none,none,Pantanal,Pantanal,MT,1044451.7473326952
3378,none,none,none,none,Pantanal,Pantanal,none,606.264661504935
3379,none,none,none,none,Pantanal,none,MS,188.86854414986215
3380,none,none,none,none,Pantanal,none,MT,2484.426306525083
3381,none,none,none,none,Pantanal,none,none,33526.084237864794
3382,none,none,none,none,none,Cerrado,MA,0.00018604000017353336
3383,none,none,none,none,none,Cerrado,MS,38255.69991333999
3384,none,none,none,none,none,Cerrado,none,282.30266029999734
3385,none,none,none,none,none,Pantanal,MS,37463.16294506482
3386,none,none,none,none,none,Pantanal,MT,12554.172048004997
3387,none,none,none,none,none,Pantanal,none,984.0324574000441
