unit,land_ha_2012,nat_ha_2012,nat_ha_2025,nat_share_2012,nat_share_2025,rate,rate_2012_2018,rate_2018_2025,se_accel,noise_pct,se_rate,resid_autocorr,net_ha,net_pp_land,endpoint_rate,gross_conv,gross_regrow,hydro_share,driver,driver_share,touched_share_2012_2025,water_persistent_ha,water_persistent_pct,never_converted_since_1985_ha,category,dist_to_boundary,low_confidence,accel_diff,flag_acceleration,flag_acceleration_magnitude_only,flag_small,flag_hydro,flag_possible_reservoir,state_class_2025,is_hybrid,NOME,Import_bio,Prior_acao,Acao1,Estados
1,561770.0226,520056.0846,473030.7837,0.9257,0.842,-0.5501,-0.4307,-0.6138,0.1615,0.4967,0.0329,0.0,-37191.1694,-6.6204,-0.701,0.7867,0.0861,0.0739,forest plantation,0.3214,0.099,116.9697,0.0225,465882.0199,moderate loss,0.3501,False,-0.183,False,False,False,False,False,>=80%,False,Barreirinhas,Alta,Muito Alta,CAR - Boas praticas,MA
10,34763.895,34137.8544,31214.2057,0.982,0.8978,-0.3867,-0.1622,-0.999,0.235,1.3465,0.1929,0.8774,-1716.0588,-4.9363,-0.6592,0.8018,0.1426,0.0063,pasture,0.5827,0.0972,1.4246,0.0042,30722.1732,moderate loss,0.1867,True,-0.8368,True,True,False,False,False,>=80%,False,Teresina Timon III,Alta,Alta,CAR - Boas praticas,MA
100,23565.0395,22992.9384,21604.6757,0.9757,0.9167,-0.4787,-0.4662,-0.4791,0.0433,0.1715,0.0125,0.0949,-1430.8024,-6.0717,-0.4657,0.5146,0.0489,0.007,pasture,0.7961,0.0631,1.1304,0.0049,21453.8435,moderate loss,0.2787,False,-0.0128,False,False,False,False,False,>=80%,False,Rio Formiga,Muito Alta,Alta,corredor_mosaico,MT
101,422743.22,281921.6517,261679.0961,0.6669,0.6189,-0.4856,-0.4848,-0.4635,0.0629,0.2694,0.0179,0.0,-17796.8636,-4.2099,-0.5545,1.177,0.6219,0.0162,pasture,0.6781,0.1242,121.1502,0.043,239485.7432,moderate loss,0.2856,False,0.0213,False,False,False,False,False,50-80%,False,Rio Culuene,Muito Alta,Muito Alta,Criacao UC,MT
102,311159.8715,296956.9539,292330.0427,0.9544,0.9396,-0.1105,-0.0157,-0.1784,0.0169,0.2022,0.029,0.6564,-4264.4629,-1.3705,-0.1193,0.2639,0.1446,0.0148,pasture,0.8666,0.029,21.6472,0.0073,285662.2444,stable,0.0895,False,-0.1628,False,False,False,False,False,>=80%,False,Pouso Alto,Muito Alta,Muito Alta,Criacao UC,GO
103,17570.0538,10712.6827,9752.2095,0.6097,0.5554,-0.2659,-0.3919,-0.1793,0.7262,1.9995,0.264,0.5973,-370.3397,-2.1078,-0.6824,1.0402,0.3578,0.036,mosaic of uses,0.5593,0.1187,13.7323,0.1282,9235.126,moderate loss,0.0659,True,0.2126,False,False,False,False,False,50-80%,False,Rio Curisevo,Alta,Alta,fomento ao uso sustentavel,MT
104,89278.2639,73805.0239,68404.9284,0.8267,0.7662,-0.403,-0.0742,-1.0366,0.2054,1.2578,0.1802,0.859,-3866.7224,-4.3311,-0.563,1.0924,0.5295,0.0022,pasture,0.8002,0.1244,1.9129,0.0026,55956.9337,moderate loss,0.203,False,-0.9625,True,True,False,False,False,50-80%,False,São Felix do Coribe,Muito Alta,Alta,Criacao UCPI,BA
105,51521.2074,44084.3276,42961.5564,0.8557,0.8339,-0.148,-0.1161,-0.3511,0.1174,0.5885,0.0831,0.6387,-848.2092,-1.6463,-0.1957,0.6758,0.4801,0.003,pasture,0.7921,0.0783,0.4348,0.001,35452.246,turnover,0.052,True,-0.2349,False,False,False,False,False,>=80%,False,Riacho Pedra-Branca,Alta,Alta,Criacao UCPI,BA
106,567085.9344,559875.4272,527813.6447,0.9873,0.9307,-0.4382,-0.147,-0.6817,0.0416,0.603,0.0864,0.8253,-31890.7563,-5.6236,-0.4408,0.4824,0.0417,0.0022,pasture,0.4703,0.0607,5.0222,0.0009,523113.947,moderate loss,0.2382,False,-0.5347,True,True,False,False,False,>=80%,False,Jaborandi,Muito Alta,Muito Alta,Criacao UCPI,BA
107,85358.7515,73936.9812,66556.4187,0.8662,0.7797,-0.6166,-0.5075,-1.0751,0.175,0.8862,0.1269,0.8117,-5926.837,-6.9434,-0.7686,1.0322,0.2643,0.0032,pasture,0.855,0.1244,4.2551,0.0058,54301.494,moderate loss,0.3834,False,-0.5676,True,True,False,False,False,50-80%,False,Riacho do Ramalho,Muito Alta,Alta,Criacao UCPI,BA
108,511881.8761,321412.4517,283274.1315,0.6279,0.5533,-0.9099,-0.5628,-1.1447,0.0622,0.7469,0.107,0.7294,-38020.8065,-7.4277,-0.9152,1.5247,0.6095,0.0041,pasture,0.654,0.1668,18.2874,0.0057,255255.1554,moderate loss,0.0901,True,-0.5819,True,True,False,False,False,50-80%,False,Mambaí,Muito Alta,Muito Alta,corredor_mosaico,GO
109,259356.2027,196338.9727,175458.8509,0.757,0.6798,-0.6934,-1.0698,-0.4586,0.142,0.9142,0.1309,0.7373,-17699.1972,-6.8243,-0.7693,1.2737,0.4973,0.2097,pasture,0.6817,0.1411,40.3641,0.0206,195327.7889,moderate loss,0.3066,False,0.6112,False,False,False,True,False,50-80%,False,Rio Traíras,Muito Alta,Muito Alta,recuperacao,GO
11,5921.0255,5703.1508,5411.115,0.9632,0.915,-0.3372,-0.363,-0.2877,0.0554,0.2564,0.0177,0.0378,-250.0087,-4.2224,-0.3842,0.5153,0.1317,0.0672,pasture,0.485,0.0633,4.9859,0.0874,5293.68,moderate loss,0.1372,False,0.0753,False,False,False,False,False,>=80%,False,Teresina Timon II,Alta,Alta,CAR - Boas praticas,PI
110,188193.7865,178720.5142,174844.1765,0.9497,0.9292,-0.1689,-0.144,-0.1496,0.0247,0.1063,0.0113,0.4383,-3925.2389,-2.0857,-0.1661,0.2694,0.1033,0.0098,pasture,0.7703,0.0307,15.3724,0.0086,171704.0262,stable,0.0311,False,-0.0056,False,False,False,False,False,>=80%,False,Serra de São Bartolomeu,Muito Alta,Muito Alta,Criacao UCPI,GO
111,201366.5794,163771.3077,111134.483,0.8133,0.5519,-2.5637,-2.1805,-2.5705,0.2452,1.0145,0.1392,0.6213,-54581.489,-27.1055,-2.4726,2.5956,0.1228,0.0003,soybean,0.5146,0.3289,0.3473,0.0002,107717.3221,very intense loss,0.5637,False,-0.39,False,False,False,False,False,50-80%,False,Rio Arrojado,Extremamente Alta,Extremamente Alta,Criacao UCPI,BA
112,112408.1438,108752.3916,81418.5244,0.9675,0.7243,-1.9455,-0.7981,-3.0529,0.1474,2.6205,0.3753,0.8435,-27504.7504,-24.4686,-1.9331,2.0179,0.0847,0.0002,pasture,0.54,0.2566,1.6494,0.0015,79930.0333,intense loss,0.0545,True,-2.2548,True,True,False,False,False,50-80%,False,Rio Juina,Muito Alta,Muito Alta,Criacao UC,MT
113,678846.9872,299096.5216,283945.4876,0.4406,0.4172,-0.252,-1.0679,0.2423,0.1193,1.4483,0.2074,0.834,-9798.7069,-1.4434,-0.4333,1.1292,0.7034,0.1204,pasture,0.8545,0.1203,613.7068,0.2052,238756.9812,moderate loss,0.052,True,1.3101,False,False,False,False,False,20-50%,False,Rio Araguaia II,Muito Alta,Extremamente Alta,recuperacao,"GO, MT"
114,194581.7574,178933.8535,170107.1646,0.9196,0.8743,-0.3482,-0.1368,-0.4505,0.0571,0.4186,0.0449,0.4473,-8099.9993,-4.1628,-0.3791,0.6278,0.2486,0.0056,pasture,0.7161,0.0705,5.2929,0.003,163072.9784,moderate loss,0.1482,False,-0.3137,False,False,False,False,False,>=80%,False,Entorno PN Chapada dos Veadeiros,Muito Alta,Muito Alta,CAR - Boas praticas,GO
115,356868.5134,300224.5881,270446.8537,0.8413,0.7616,-0.6807,-0.917,-0.4581,0.0629,0.567,0.0812,0.6564,-26566.4773,-7.4443,-0.7178,1.0899,0.35,0.2547,pasture,0.6271,0.1202,112.0023,0.0373,291315.5463,moderate loss,0.3193,False,0.4589,False,False,False,True,False,50-80%,False,Niquelândia,Muito Alta,Extremamente Alta,CAR - Boas praticas,GO
116,135195.6479,45460.8157,41282.7452,0.3363,0.3055,-0.3867,-1.1643,-0.3049,0.3882,1.6655,0.2385,0.6868,-2285.2305,-1.6903,-0.6994,2.2607,1.5559,0.0023,pasture,0.7759,0.237,12.1408,0.0267,31834.8416,moderate loss,0.1867,True,0.8594,False,False,False,False,False,20-50%,False,Rio Areoes,Muito Alta,Muito Alta,recuperacao,MT
117,9758.0176,4626.5178,3894.1797,0.4741,0.399,-1.4597,-1.6454,-0.8156,0.3168,1.5503,0.222,0.8073,-877.9626,-8.9973,-1.2189,1.9231,0.7044,0.0014,pasture,0.6813,0.224,0.1734,0.0037,3508.9545,intense loss,0.4597,False,0.8298,False,False,False,False,False,20-50%,False,Entorno TI Marechal Rondon,Muito Alta,Alta,Criacao UC,MT
118,102112.4901,80951.2343,74014.5439,0.7928,0.7229,-0.5948,-0.2679,-1.0909,0.1813,1.0971,0.1571,0.7953,-6259.0862,-6.1296,-0.6851,1.1746,0.4909,0.0486,pasture,0.8495,0.1311,4.1619,0.0051,62932.4487,moderate loss,0.3948,False,-0.8231,True,True,False,False,False,50-80%,False,Foz do Carinhanha,Extremamente Alta,Muito Alta,Criacao UC,"BA, MG"
119,229172.9512,121611.6677,102957.7842,0.5307,0.4527,-0.5719,-1.9076,0.2921,0.5802,2.6043,0.373,0.6529,-9041.0241,-3.9451,-1.0694,2.169,1.0832,0.2172,pasture,0.7313,0.2194,42.0252,0.0346,98094.7252,moderate loss,0.3719,True,2.1998,False,False,False,True,False,20-50%,False,Uruaçu,Muito Alta,Muito Alta,recuperacao,GO
12,14484.2967,14400.9934,11927.2801,0.9942,0.8222,-1.0225,-0.2331,-2.4966,0.295,3.1501,0.4512,0.7623,-1914.3247,-13.2166,-1.3336,1.4526,0.1191,0.0169,pasture,0.501,0.1845,1.9579,0.0136,11632.7923,intense loss,0.0225,True,-2.2634,True,True,False,False,False,>=80%,False,Brejo do Itaperu,Alta,Alta,CAR - Boas praticas,"MA, PI"
120,387196.2608,176930.0771,161815.059,0.457,0.4177,-0.224,-0.7049,0.0608,0.3724,1.57,0.1536,0.3704,-5153.1518,-1.3309,-0.6638,2.3043,1.6405,0.0119,pasture,0.7134,0.2247,89.3672,0.0505,122764.2805,moderate loss,0.024,True,0.7658,False,False,False,False,False,20-50%,False,Rio Corrente,Muito Alta,Muito Alta,fomento ao uso sustentavel,"GO, MG"
121,43670.1293,37025.319,34267.9211,0.8478,0.786,-0.558,-1.0502,0.0592,0.2098,1.5617,0.2237,0.7803,-2685.7469,-6.1501,-0.558,0.9987,0.4419,0.1179,pasture,0.974,0.125,75.6529,0.2043,26017.9221,moderate loss,0.358,False,1.1094,False,False,False,False,False,50-80%,False,Lagoas do Rio São Francisco,Muito Alta,Alta,Criacao UCPI,BA
122,11649.3535,9568.3808,7511.7522,0.8214,0.6448,-1.5102,-2.0067,-1.5089,0.1984,0.9792,0.1358,0.6281,-1878.5731,-16.126,-1.6534,2.0105,0.357,0.0002,pasture,0.8661,0.2402,0.0,0.0,7008.6947,intense loss,0.4898,False,0.4979,False,False,False,False,False,50-80%,False,Coribe,Muito Alta,Alta,Criacao UCPI,BA
123,35476.8715,34264.45,33351.8731,0.9658,0.9398,-0.198,-0.3258,-0.1477,0.0499,0.2607,0.0373,0.6902,-881.8324,-2.4857,-0.2074,0.2924,0.085,0.0311,pasture,0.935,0.0365,2.5145,0.0073,32714.4862,stable,0.002,True,0.1781,False,False,False,False,False,>=80%,False,Entorno TI Areões II,Muito Alta,Alta,recuperacao,MT
124,124557.4365,104629.4292,75856.4738,0.84,0.6092,-1.8995,-1.1193,-2.9057,0.1818,2.2503,0.3223,0.7757,-25837.0006,-20.743,-2.113,2.2317,0.1166,0.0002,mosaic of uses,0.3776,0.2802,0.3468,0.0003,74658.1046,intense loss,0.1005,True,-1.7864,True,True,False,False,False,50-80%,False,Entorno RVS Veredas,Extremamente Alta,Muito Alta,Criacao UCPI,BA
125,14310.3455,12816.2647,12006.1563,0.8956,0.8387,-0.2808,-0.4155,-0.6957,0.3836,1.2373,0.1772,0.7175,-467.7971,-3.2689,-0.4888,0.8523,0.3633,0.0079,pasture,0.949,0.0982,0.0,0.0,10443.5632,moderate loss,0.0808,True,-0.2802,False,False,False,False,False,>=80%,False,Cocos,Extremamente Alta,Muito Alta,Criacao UCPI,BA
126,451583.2327,320218.3594,289858.8238,0.7091,0.6417,-0.5258,-0.4784,-0.6942,0.1511,0.8235,0.0591,0.0796,-21887.1605,-4.8468,-0.7326,1.3155,0.5822,0.0167,pasture,0.7915,0.143,73.7981,0.023,266092.4132,moderate loss,0.3258,False,-0.2158,False,False,False,False,False,50-80%,False,Rio Cuiabá,Extremamente Alta,Extremamente Alta,Criacao UC,MT
127,144479.9981,92544.5619,83683.1792,0.6405,0.5794,-0.6534,-0.7944,-0.6238,0.1957,0.5507,0.0636,0.5043,-7861.4379,-5.4412,-0.7333,1.198,0.4625,0.0217,pasture,0.7066,0.1355,40.2863,0.0435,76385.004,moderate loss,0.3466,False,0.1706,False,False,False,False,False,50-80%,False,Nascentes do Rio Paraguai,Extremamente Alta,Extremamente Alta,recuperacao,MT
128,211864.245,155078.6439,138619.4821,0.732,0.6543,-0.662,-0.9166,-0.7268,0.2269,0.9071,0.1151,0.5713,-13346.9628,-6.2998,-0.8158,1.5985,0.7803,0.0248,pasture,0.8674,0.1731,80.3352,0.0518,122583.872,moderate loss,0.338,False,0.1898,False,False,False,False,False,50-80%,False,Rio Paranã,Muito Alta,Extremamente Alta,CAR - Boas praticas,GO
129,319949.9829,311334.1757,296391.5323,0.9731,0.9263,-0.3901,-0.2735,-0.4279,0.0447,0.2156,0.03,0.6309,-15787.0315,-4.9342,-0.3696,0.4411,0.0714,0.0114,pasture,0.5843,0.0554,24.6421,0.0079,288733.2112,moderate loss,0.1901,False,-0.1544,False,False,False,False,False,>=80%,False,Cabeceiras do rio Jauru,Extremamente Alta,Extremamente Alta,Criacao UC,MT
13,62181.5912,45568.3841,34331.595,0.7328,0.5523,-1.5411,-2.1075,-0.9973,0.5034,1.5192,0.1544,0.4031,-9129.0383,-14.6813,-1.8939,2.6497,0.7535,0.0005,pasture,0.885,0.3134,3.5584,0.0078,29356.8368,intense loss,0.4589,False,1.1102,False,False,False,False,False,50-80%,False,Sao Bento do Tocantins,Alta,Alta,Criacao UC,TO
130,306108.8468,300521.525,278720.8546,0.9817,0.9104,-0.4502,-0.1946,-0.6705,0.0865,0.7401,0.106,0.688,-17587.3792,-5.7455,-0.5595,0.6252,0.0659,0.0127,pasture,0.4729,0.0782,7.7944,0.0026,274445.1963,moderate loss,0.2502,False,-0.4759,False,False,False,False,False,>=80%,False,Carinhana,Extremamente Alta,Extremamente Alta,Criacao UCPI,"MG, BA"
131,16881.9102,16817.8023,16745.6426,0.9962,0.991,-0.0224,0.0074,-0.0559,0.0129,0.1053,0.0121,0.5028,-48.8785,-0.2895,-0.0406,0.0562,0.0156,0.6972,pasture,0.9432,0.0071,5.1107,0.0304,16326.5231,stable,0.1776,False,-0.0632,False,False,False,True,False,>=80%,False,Entorno TI Areões III,Muito Alta,Alta,recuperacao,MT
132,38309.1124,37556.9748,29558.4242,0.9804,0.7715,-0.4398,-0.0493,-1.8308,0.7172,4.5845,0.6566,0.8644,-2147.2367,-5.605,-1.6395,1.6662,0.0267,0.0021,mosaic of uses,0.7271,0.2153,1.4716,0.0039,29222.4062,moderate loss,0.2398,True,-1.7815,True,True,False,False,False,50-80%,False,Rio Formoso,Extremamente Alta,Muito Alta,Criacao UCPI,BA
133,111132.8403,56525.919,54046.2006,0.5086,0.486,-0.2172,-0.0211,-0.6338,0.1532,0.9039,0.1295,0.7622,-1595.7814,-1.4359,-0.3469,1.0809,0.731,0.0545,pasture,0.8608,0.1089,38.4327,0.068,47567.9023,moderate loss,0.0172,True,-0.6127,True,True,False,False,False,20-50%,False,Nova Xavantina,Muito Alta,Alta,recuperacao,MT
134,882529.4512,588815.2602,536992.3093,0.6672,0.6082,-0.4752,-0.3772,-0.6099,0.1563,0.8387,0.0944,0.4851,-36376.9216,-4.1219,-0.6822,1.4679,0.7886,0.0239,pasture,0.8594,0.1535,291.7639,0.0496,492084.9939,moderate loss,0.2752,False,-0.2327,False,False,False,False,False,50-80%,False,Rio Manso,Extremamente Alta,Extremamente Alta,corredor_mosaico,MT
135,73701.1555,51050.6752,48710.8087,0.6927,0.6608,-0.327,0.1965,-1.0256,0.1455,1.4348,0.2055,0.7934,-2170.1934,-2.9446,-0.3544,1.0357,0.6831,0.0022,pasture,0.9551,0.1027,1.2122,0.0024,39616.6876,moderate loss,0.127,True,-1.2221,True,True,False,False,False,50-80%,False,Iuiú,Muito Alta,Alta,CAR - Boas praticas,BA
136,209140.1211,125923.4073,103361.0609,0.6021,0.4944,-1.1907,-1.7532,-0.884,0.1646,1.1294,0.1618,0.7582,-19491.0313,-9.3196,-1.3743,2.2296,0.8515,0.0008,pasture,0.6932,0.2528,6.8315,0.0054,80748.1022,intense loss,0.1907,False,0.8692,False,False,False,False,False,20-50%,False,Crixás,Extremamente Alta,Extremamente Alta,recuperacao,GO
137,171470.2234,100241.8535,98105.7018,0.5846,0.5723,0.0845,0.003,0.074,0.2411,0.8152,0.0655,0.1904,1101.1863,0.6422,-0.1605,1.3975,1.2369,0.0032,pasture,0.8603,0.1376,17.91,0.0179,80308.1842,turnover,0.1155,False,0.071,False,False,False,False,False,50-80%,False,Rio dos Cavalos,Extremamente Alta,Extremamente Alta,fomento ao uso sustentavel,MT
138,513309.016,226299.0707,220506.7673,0.4409,0.4296,-0.0461,-0.0887,-0.2316,0.1166,0.6618,0.0724,0.4632,-1355.8573,-0.2641,-0.195,0.8588,0.6631,0.0215,pasture,0.6831,0.084,79.1516,0.035,194792.1553,turnover,0.1539,False,-0.1429,False,False,False,False,False,20-50%,False,Rio Pindaíba,Muito Alta,Muito Alta,recuperacao,MT
139,577647.613,410243.2416,371748.2814,0.7102,0.6442,-0.7049,-0.5925,-0.7765,0.0519,0.2543,0.0304,0.5285,-37591.0063,-6.5076,-0.7116,1.0991,0.3831,0.0258,pasture,0.5882,0.1268,168.5764,0.0411,347408.1239,moderate loss,0.2951,False,-0.184,False,False,False,False,False,50-80%,False,Formoso,Muito Alta,Extremamente Alta,compensacao,MG
14,169535.5247,154826.847,132800.4285,0.9132,0.7833,-1.0367,-0.7108,-1.4033,0.0544,0.8386,0.1201,0.8074,-20866.047,-12.3078,-1.0946,1.4024,0.3078,0.0015,pasture,0.4055,0.1743,1.6905,0.0011,126298.4353,intense loss,0.0367,True,-0.6925,True,True,False,False,False,50-80%,False,Entorno TI Bacuruzinho,Extremamente Alta,Muito Alta,Criacao UC,MA
140,239170.4127,107914.8119,97903.4216,0.4512,0.4096,-0.6774,-1.008,-0.3677,0.1078,0.7939,0.1137,0.8253,-9503.0896,-3.9734,-0.7041,1.0726,0.3672,0.0351,pasture,0.4264,0.117,166.9464,0.1547,90904.5307,moderate loss,0.3226,False,0.6403,False,False,False,False,False,20-50%,False,Entorno TI Sangradouro / Volta Grande,Muito Alta,Muito Alta,recuperacao,MT
141,318866.587,141953.4365,141154.2485,0.4452,0.4433,-0.0557,0.0771,-0.0901,0.1013,0.4116,0.0339,0.2124,-1027.9884,-0.3224,-0.0208,0.9551,0.9166,0.0109,pasture,0.9531,0.106,42.9486,0.0303,102290.606,turnover,0.1443,False,-0.1672,False,False,False,False,False,20-50%,False,Rio Sucuru,Alta,Alta,CAR - Boas praticas,"MG, BA"
142,122622.5176,79756.6623,72507.5768,0.6504,0.5917,-0.5299,-0.4069,-0.751,0.1283,0.7833,0.0942,0.5341,-5494.2998,-4.4807,-0.692,1.1816,0.4875,0.0208,pasture,0.7292,0.1284,23.0507,0.0289,66160.3395,moderate loss,0.3299,False,-0.3441,False,False,False,False,False,50-80%,False,Rio Maranhão,Muito Alta,Alta,Criacao UC,GO
143,30647.9622,21300.9585,20044.3238,0.695,0.6538,-0.4395,-0.6585,-0.2785,0.1807,0.6404,0.0902,0.6372,-1217.1444,-3.9714,-0.4575,0.8399,0.3823,0.0458,pasture,0.9249,0.1023,1.9038,0.0089,15536.7783,moderate loss,0.2395,False,0.38,False,False,False,False,False,50-80%,False,Jaiba,Muito Alta,Alta,CAR - Boas praticas,"MG, BA"
144,218331.2338,124380.7501,112993.7814,0.5697,0.5178,-0.5315,-0.4222,-0.4942,0.1901,0.7863,0.0521,0.0,-8593.8622,-3.9362,-0.698,1.6797,0.9799,0.0136,pasture,0.8047,0.1667,72.7497,0.0585,95634.1805,moderate loss,0.3315,False,-0.072,False,False,False,False,False,50-80%,False,Rio Cana Brava,Alta,Muito Alta,recuperacao,GO
145,69187.3844,67371.5955,66247.4771,0.9738,0.9574,-0.0466,0.0615,-0.3257,0.0847,0.5776,0.0827,0.792,-407.7098,-0.5893,-0.1293,0.272,0.1427,0.0046,pasture,0.6136,0.0316,0.1728,0.0003,64267.1274,stable,0.1534,False,-0.3872,False,False,False,False,False,>=80%,False,Peruacu,Extremamente Alta,Muito Alta,Criacao UCPI,MG
146,501037.06,357786.7633,336725.4672,0.7141,0.6726,-0.2893,-0.2078,-0.4638,0.1331,0.6889,0.0987,0.6673,-13456.1066,-2.6857,-0.4443,0.9686,0.5221,0.0194,pasture,0.8037,0.1008,100.0232,0.028,305580.6808,moderate loss,0.0893,True,-0.256,False,False,False,False,False,50-80%,False,Chapada da Contagem,Extremamente Alta,Extremamente Alta,Criacao UC,"DF, GO"
147,657118.5538,617476.3031,579793.726,0.9397,0.882,-0.4489,-0.3726,-0.6558,0.0812,0.4499,0.0644,0.8022,-36037.6728,-5.4842,-0.4728,0.6205,0.1501,0.0402,pasture,0.6669,0.0738,127.4441,0.0206,555628.9764,moderate loss,0.2489,False,-0.2833,False,False,False,False,False,>=80%,False,Pandeiros Conchá e Gibão,Extremamente Alta,Extremamente Alta,Criacao UCPI,MG
148,4809.0739,4673.6324,4775.0219,0.9718,0.993,0.1759,0.0703,0.2308,0.0891,0.2687,0.0324,0.5358,106.849,2.2218,0.1672,0.1009,0.2679,0.0058,pasture,0.9657,0.0113,0.2593,0.0055,4557.38,stable,0.0241,True,0.1605,False,False,True,False,False,>=80%,False,Cavernas peruacu,Extremamente Alta,Muito Alta,Criacao UCPI,MG
149,81957.1086,56948.2564,52757.1361,0.6949,0.6442,-0.4595,-0.7144,-0.4617,0.1532,0.5519,0.0791,0.7145,-3402.0282,-4.151,-0.5582,0.8489,0.2902,0.0244,pasture,0.7985,0.0939,26.9466,0.0473,49244.758,moderate loss,0.2595,False,0.2527,False,False,False,False,False,50-80%,False,Rio Jaguara,Muito Alta,Muito Alta,corredor_mosaico,MT
15,53266.7931,53064.8661,45753.5868,0.9962,0.859,-1.0175,-0.8058,-1.4998,0.2389,1.2187,0.153,0.564,-7019.396,-13.1778,-1.0598,1.0768,0.017,0.0,mosaic of uses,0.6211,0.139,0.0,0.0,45662.3939,intense loss,0.0175,True,-0.6941,True,True,False,False,False,>=80%,False,Entorno TI Kanela - TI Porquinhos,Muito Alta,Alta,CAR - Boas praticas,MA
150,360902.5108,233803.426,191866.2518,0.6478,0.532,-1.0755,-0.726,-1.4787,0.2315,1.634,0.2091,0.5768,-32689.3078,-9.0577,-1.371,2.3175,0.9562,0.2334,pasture,0.8373,0.2488,295.6571,0.1265,162125.472,intense loss,0.0755,True,-0.7527,True,True,False,True,False,50-80%,False,Rio Coxipó,Muito Alta,Muito Alta,recuperacao,MT
151,79146.3845,44831.3972,37981.9448,0.5664,0.4799,-0.9468,-1.4392,-0.9775,0.3549,1.2374,0.1725,0.6311,-5518.1319,-6.9721,-1.1761,2.0183,0.8404,0.0169,pasture,0.9248,0.2135,23.3053,0.052,33192.0936,moderate loss,0.0532,True,0.4617,False,False,False,False,False,20-50%,False,Entorno TI Merure,Extremamente Alta,Muito Alta,corredor_mosaico,MT
152,193672.2986,162475.416,144903.3065,0.8389,0.7493,-0.8049,-0.1714,-1.0925,0.1118,1.2437,0.1781,0.7247,-17000.4756,-8.778,-0.8182,1.2379,0.4169,0.0149,pasture,0.6748,0.1387,158.5252,0.0976,127351.4296,moderate loss,0.1951,False,-0.9211,True,True,False,False,False,50-80%,False,Montezuma,Muito Alta,Alta,Criacao UCUS,MG
153,721726.5389,539577.0406,501362.996,0.7476,0.7024,-0.4603,-0.2516,-0.5527,0.0543,0.3736,0.0535,0.6944,-32287.0355,-4.4736,-0.4316,0.8696,0.4371,0.7307,pasture,0.8509,0.0932,200.3272,0.0371,413502.9319,moderate loss,0.2603,False,-0.3011,False,False,False,True,False,50-80%,False,Corrego Sangradouro,Muito Alta,Muito Alta,corredor_mosaico,MT
154,4200.4019,2698.2433,2705.2998,0.6424,0.6467,0.0486,0.0581,0.0597,0.0684,0.2493,0.026,0.4257,17.0398,0.4057,0.0665,0.1765,0.2381,0.7927,pasture,0.8903,0.019,7.4058,0.2745,2636.4108,stable,0.1514,False,0.0016,False,False,True,True,False,50-80%,False,Rio Paraguai,Alta,Alta,fomento ao uso sustentavel,MT
155,119038.8634,77740.3769,70579.8154,0.6531,0.5929,-0.5949,-0.426,-0.887,0.0794,0.6993,0.1002,0.6808,-6012.3739,-5.0508,-0.7084,1.3959,0.688,0.0106,pasture,0.8579,0.1456,27.4936,0.0354,63783.6606,moderate loss,0.3949,False,-0.4609,False,False,False,False,False,50-80%,False,Rio Aricá-Açu,Muito Alta,Muito Alta,fomento ao uso sustentavel,MT
156,551869.7241,271812.1345,239611.0208,0.4925,0.4341,-0.8973,-0.9968,-0.7323,0.1137,0.4407,0.0479,0.4574,-31708.2357,-5.7456,-0.9148,1.4787,0.5639,0.0145,pasture,0.7452,0.1602,68.6169,0.0252,211040.9673,moderate loss,0.1027,False,0.2645,False,False,False,False,False,20-50%,False,Rio Prata,Extremamente Alta,Extremamente Alta,Criacao UCPI,MT
157,336627.1365,137168.2767,125344.9106,0.4075,0.3723,-0.7097,-0.2955,-0.9158,0.0844,0.7507,0.1075,0.7591,-12654.832,-3.7593,-0.6656,1.4643,0.797,0.021,pasture,0.6909,0.1367,130.1349,0.0949,106800.1703,moderate loss,0.2903,False,-0.6202,True,True,False,False,False,20-50%,False,Rio Areial,Extremamente Alta,Extremamente Alta,recuperacao,MT
158,207266.7244,119331.0854,109015.6094,0.5757,0.5262,-0.6549,-0.4851,-0.7806,0.0525,0.3679,0.0333,0.3021,-10158.7309,-4.9013,-0.6593,1.2046,0.5424,0.0049,pasture,0.7221,0.132,17.6524,0.0148,90790.5641,moderate loss,0.3451,False,-0.2955,False,False,False,False,False,50-80%,False,Pirenópolis,Extremamente Alta,Extremamente Alta,Criacao UC,GO
159,526454.8113,289021.3085,262612.0822,0.549,0.4993,-0.6293,-0.4195,-0.7454,0.103,0.6713,0.0695,0.4183,-23643.3264,-4.491,-0.6899,1.3985,0.7025,0.0151,pasture,0.653,0.1423,79.909,0.0276,226381.006,moderate loss,0.3707,False,-0.3259,False,False,False,False,False,20-50%,False,Rio São Bartolomeu,Extremamente Alta,Extremamente Alta,CAR - Boas praticas,"DF, GO"
16,202238.9457,192237.382,151893.5318,0.9505,0.7511,-1.6141,-0.4829,-2.7467,0.1412,2.6497,0.3795,0.8161,-40337.4567,-19.9454,-1.6141,1.7403,0.1262,0.0006,mosaic of uses,0.4271,0.2209,2.3975,0.0012,148678.1547,intense loss,0.3859,False,-2.2638,True,True,False,False,False,50-80%,False,Rio Itapicuru,Muito Alta,Extremamente Alta,CAR - Boas praticas,MA
160,11325.5278,10637.3537,10291.0585,0.9392,0.9086,-0.1708,-0.3684,-0.2227,0.1345,0.4847,0.0694,0.6732,-236.26,-2.0861,-0.2509,0.4747,0.2237,0.0045,pasture,0.9121,0.0545,0.0,0.0,9921.532,stable,0.0292,True,0.1457,False,False,False,False,False,>=80%,False,Rio Urucuia,Muito Alta,Alta,Criacao UC,MG
161,253087.3194,176576.7348,162269.3909,0.6977,0.6373,-0.6904,-0.3928,-0.9414,0.0404,0.6107,0.0875,0.7485,-15848.0051,-6.2619,-0.6904,1.0617,0.424,0.7192,pasture,0.9098,0.1211,86.4219,0.0489,143720.8629,moderate loss,0.3096,False,-0.5486,True,True,False,True,False,50-80%,False,Rio Cuiabá-Mirim,Muito Alta,Muito Alta,fomento ao uso sustentavel,MT
162,21361.5563,5427.6886,5231.813,0.2541,0.2444,-0.1548,0.0838,-0.5369,0.2355,1.0819,0.0717,0.0,-109.2305,-0.5113,-0.3416,1.5206,1.2126,0.0392,pasture,0.8026,0.1397,2.4987,0.046,4158.2643,turnover,0.0452,True,-0.6208,True,True,False,False,False,20-50%,False,Ribeirão Barreiro,Muito Alta,Extremamente Alta,CAR - Boas praticas,GO
163,46985.9116,30043.1253,28993.3553,0.6394,0.6171,-0.1306,-0.2844,-0.2583,0.2075,0.6515,0.0893,0.6208,-510.1483,-1.0857,-0.2672,1.0145,0.7457,0.0006,pasture,0.8846,0.1151,0.2587,0.0009,21590.2787,turnover,0.0694,True,0.0261,False,False,False,False,False,50-80%,False,Riacho Sao Felipe,Extremamente Alta,Muito Alta,fomento ao uso sustentavel,MG
164,138458.3822,118458.6246,116779.9174,0.8556,0.8425,-0.1106,-0.2404,0.0052,0.0198,0.2806,0.0402,0.8004,-1702.5405,-1.2296,-0.1191,0.3075,0.1879,0.0672,pasture,0.5434,0.0332,56.9892,0.0481,111927.2575,stable,0.0894,False,0.2456,False,False,False,False,False,>=80%,False,Formosa,Muito Alta,Muito Alta,CAR - Boas praticas,"DF, GO"
165,526069.5617,244976.6317,232569.2268,0.4657,0.442,-0.2993,-0.4359,-0.3596,0.1262,0.511,0.0397,0.1566,-9531.0659,-1.8118,-0.3936,1.4078,1.0137,0.0214,pasture,0.8353,0.1481,120.6502,0.0492,189322.0058,moderate loss,0.0993,False,0.0763,False,False,False,False,False,20-50%,False,Barra do Garças,Muito Alta,Extremamente Alta,recuperacao,"MT, GO"
166,334111.6198,88795.4211,82183.9642,0.2658,0.2459,-0.4741,-0.16,-0.7705,0.1163,0.8436,0.1208,0.7389,-5472.2898,-1.6379,-0.5853,1.7605,1.1811,0.0316,pasture,0.6412,0.1711,92.4753,0.1041,58578.8054,moderate loss,0.2741,False,-0.6105,True,True,False,False,False,20-50%,False,Rio do Cervo,Muito Alta,Extremamente Alta,recuperacao,GO
167,9783.3732,5497.476,5367.3723,0.5619,0.5491,-0.2176,-0.3681,-0.0744,0.104,0.5512,0.0365,0.0,-155.4908,-1.5893,-0.171,0.7117,0.5367,0.0107,pasture,0.9517,0.0821,0.6895,0.0125,4343.2205,moderate loss,0.0176,True,0.2936,False,False,False,False,False,50-80%,False,Verdelandia,Muito Alta,Alta,recuperacao,MG
168,995784.9319,822062.089,774981.0554,0.8255,0.7897,-0.292,-0.1332,-0.4536,0.0247,0.385,0.0551,0.8397,-31205.3019,-3.1337,-0.3051,0.5503,0.268,0.8825,pasture,0.8296,0.0623,1427.0608,0.1736,602195.5154,moderate loss,0.092,False,-0.3204,False,False,False,True,False,50-80%,False,Rio Bento Gomes,Muito Alta,Muito Alta,Criacao UCPI,MT
169,256832.9124,179872.4133,171824.0697,0.7003,0.67,-0.2725,-0.3959,-0.205,0.0456,0.2517,0.032,0.5718,-6371.7278,-2.4809,-0.3279,0.7789,0.4524,0.4399,pasture,0.8527,0.0859,30.7595,0.0171,159977.0863,moderate loss,0.0725,False,0.1909,False,False,False,True,False,50-80%,False,Ribeirão Mutum,Muito Alta,Extremamente Alta,recuperacao,MT
17,36543.3824,9404.2456,8232.6091,0.2573,0.2253,-1.547,-0.9517,-1.4062,1.1031,2.8005,0.349,0.5589,-1891.3064,-5.1755,-0.956,2.7367,1.7798,0.0025,pasture,0.7134,0.2826,0.0,0.0,4974.5691,intense loss,0.453,False,-0.4545,False,False,False,False,False,20-50%,False,Aragominas,Alta,Alta,CAR - Boas praticas,TO
170,123160.3029,85733.9035,73786.6725,0.6961,0.599,-1.0559,-0.9066,-1.3536,0.1252,0.7758,0.1111,0.7123,-11768.8467,-9.5557,-1.074,1.5231,0.449,0.0145,pasture,0.8636,0.1782,10.9392,0.0128,61814.2701,intense loss,0.0559,True,-0.4469,False,False,False,False,False,50-80%,False,Rio Macaubas,Muito Alta,Alta,fomento ao uso sustentavel,MG
172,49643.9106,19405.1238,18909.0154,0.3909,0.3812,-0.2401,-0.1872,-0.354,0.2788,0.7903,0.0852,0.4516,-605.6637,-1.22,-0.1821,1.2217,1.0411,0.087,pasture,0.9257,0.0968,6.1108,0.0315,16932.6638,moderate loss,0.0401,True,-0.1668,False,False,False,False,False,20-50%,False,Rio Aguapei,Alta,Alta,fomento ao uso sustentavel,MT
173,466031.4979,328169.0711,296629.555,0.7042,0.6361,-0.5182,-0.8232,-0.4557,0.1783,0.7467,0.0745,0.3878,-22107.7192,-4.7438,-0.7457,1.5813,0.8355,0.052,pasture,0.8428,0.1764,198.686,0.0605,252222.8327,moderate loss,0.3182,False,0.3675,False,False,False,False,False,50-80%,False,São Romão,Muito Alta,Extremamente Alta,CAR - Boas praticas,MG
174,112671.2104,73063.4441,66970.5843,0.6485,0.5954,-0.6743,-0.3168,-0.8575,0.0758,0.6492,0.0921,0.6415,-6404.9477,-5.6846,-0.6222,1.082,0.4518,0.0204,mosaic of uses,0.4467,0.1213,109.3037,0.1496,59146.0525,moderate loss,0.3257,False,-0.5407,True,True,False,False,False,50-80%,False,Santuario São Miguel,Muito Alta,Muito Alta,Criacao UCPI,MG
175,128596.8998,38775.9438,36315.2998,0.3015,0.2826,-0.2803,-0.2747,-0.3877,0.1323,0.6313,0.0548,0.2626,-1412.7873,-1.0986,-0.469,1.573,1.0884,0.0034,pasture,0.5908,0.1539,16.2551,0.0419,26521.4947,moderate loss,0.0803,False,-0.1131,False,False,False,False,False,20-50%,False,Entorno PE Serra Dourada,Muito Alta,Muito Alta,CAR - Boas praticas,GO
176,271363.5015,123178.9389,112798.6615,0.4539,0.4163,-0.5205,-0.4334,-0.6655,0.0727,0.5018,0.049,0.369,-8335.1071,-3.0716,-0.6246,1.37,0.7291,0.0507,pasture,0.7498,0.1452,200.7133,0.1629,100911.3491,moderate loss,0.3205,False,-0.2321,False,False,False,False,False,20-50%,False,Rio Corumbá,Extremamente Alta,Extremamente Alta,CAR - Boas praticas,"DF, GO"
177,172838.3455,52625.246,47409.9388,0.3045,0.2755,-0.5072,-0.5271,-0.39,0.2675,1.2717,0.0958,0.1274,-3469.5731,-2.0074,-0.6496,2.0564,1.3434,0.0462,pasture,0.6525,0.1995,429.6927,0.8165,34714.7178,moderate loss,0.3072,False,0.1371,False,False,False,False,True,20-50%,False,Rio Caiapó,Extremamente Alta,Muito Alta,recuperacao,GO
178,452349.5102,187079.3223,172860.1033,0.4136,0.3825,-0.4752,-0.0659,-0.8559,0.1628,0.9143,0.1309,0.7254,-11556.1286,-2.5547,-0.5677,1.7853,1.2053,0.0113,pasture,0.7895,0.1821,81.5804,0.0436,122504.7924,moderate loss,0.2752,False,-0.79,True,True,False,False,False,20-50%,False,Montes Claros,Muito Alta,Extremamente Alta,recuperacao,MG
179,240736.2961,86220.5668,76263.8372,0.3582,0.3169,-0.9054,-1.0435,-0.7464,0.1007,0.6381,0.0576,0.2993,-10147.8153,-4.2153,-0.8832,1.9956,1.1102,0.01,pasture,0.7098,0.2132,14.5206,0.0168,58415.5225,moderate loss,0.0946,False,0.2971,False,False,False,False,False,20-50%,False,Piranhas,Muito Alta,Extremamente Alta,recuperacao,GO
18,636640.7647,457445.2436,394742.6672,0.7185,0.6202,-0.9431,-0.8366,-1.093,0.0733,0.4319,0.0419,0.3626,-56086.497,-8.8098,-1.0515,1.5425,0.5003,0.0316,pasture,0.6854,0.1785,996.7078,0.2179,373655.1945,moderate loss,0.0569,False,-0.2564,False,False,False,False,False,50-80%,False,Entorno PN Chapada das Mesas,Alta,Muito Alta,fomento ao uso sustentavel,"TO, MA"
180,229086.1509,221656.1192,214482.8481,0.9676,0.9397,-0.2075,-0.1118,-0.2918,0.024,0.2311,0.0331,0.7318,-5977.9005,-2.6095,-0.2198,0.2696,0.0629,0.9013,pasture,0.7874,0.0326,228.9325,0.1033,208710.4292,moderate loss,0.0075,True,-0.18,False,False,False,True,False,>=80%,False,Rio Piraim,Muito Alta,Muito Alta,fomento ao uso sustentavel,MT
181,49319.6035,40476.0492,40313.5509,0.8207,0.8189,0.2439,-0.8191,0.899,0.2227,1.9426,0.2782,0.8409,1283.3417,2.6021,-0.0135,0.7967,0.7729,0.0067,pasture,0.6035,0.092,21.2436,0.0525,32931.1307,net gain,0.0439,True,1.7181,False,False,False,False,False,>=80%,False,Riacho dos Machados,Muito Alta,Alta,Criacao UCUS,MG
182,230364.2024,228867.8874,207613.2506,0.9935,0.9853,-0.0645,-0.0167,-0.0894,0.0142,0.1069,0.0133,0.5582,-1917.8888,-0.8325,-0.054,0.0495,0.0052,0.9958,pasture,0.9385,0.0076,852.0477,0.3723,114703.5341,stable,0.1355,False,-0.0726,False,False,False,True,False,>=80%,False,Corixo do Guirá,Muito Alta,Muito Alta,corredor_mosaico,MT
183,462255.6679,102270.6132,95601.8649,0.2212,0.2069,-0.4085,-0.2714,-0.5861,0.056,0.4861,0.0696,0.7531,-5431.1163,-1.1749,-0.4833,1.1121,0.6178,0.0711,pasture,0.5015,0.1033,128.0848,0.1252,76785.3331,moderate loss,0.2085,False,-0.3147,False,False,False,False,False,20-50%,False,Rio da Meia Ponte,Extremamente Alta,Muito Alta,CAR - Boas praticas,GO
184,180644.6395,84615.7343,77489.6056,0.4684,0.4297,-0.4598,-0.4409,-0.5116,0.1734,0.7559,0.0501,0.0,-5057.9793,-2.8,-0.6203,1.6372,1.0018,0.0313,pasture,0.7409,0.1617,168.1237,0.1987,60874.6495,moderate loss,0.2598,False,-0.0707,False,False,False,False,False,20-50%,False,Unaí,Muito Alta,Muito Alta,recuperacao,MG
185,266571.2712,248792.2815,242568.0045,0.9333,0.9025,-0.2054,-0.0598,-0.4579,0.0658,0.5352,0.0767,0.8513,-6641.839,-2.4916,-0.259,0.3142,0.0645,0.9502,pasture,0.9414,0.0385,3.0883,0.0012,180511.3738,moderate loss,0.0054,True,-0.3981,False,False,False,True,False,>=80%,False,Vazante do Inhatium,Muito Alta,Extremamente Alta,corredor_mosaico,MT
186,249780.7931,150891.0836,131291.5065,0.6041,0.5257,-0.6179,-0.9985,-0.7868,0.3863,1.5009,0.1909,0.5728,-12119.8881,-4.8522,-0.9976,2.2773,1.2785,0.0024,pasture,0.7156,0.2454,11.8322,0.0078,101842.3895,moderate loss,0.3821,False,0.2117,False,False,False,False,False,50-80%,False,Rio Paracatu 2,Muito Alta,Alta,fomento ao uso sustentavel,MG
187,67904.0405,57418.7804,53651.4687,0.8456,0.7903,-0.22,-0.4227,-0.3827,0.3424,1.1325,0.1622,0.6509,-1641.8992,-2.418,-0.5025,0.9364,0.4338,0.0037,pasture,0.626,0.1044,11.0685,0.0193,46723.1576,moderate loss,0.02,True,0.0399,False,False,False,False,False,50-80%,False,Ribeirão Ticororó,Muito Alta,Alta,Criacao UCPI,MG
188,325525.5518,188421.1209,160582.0458,0.5788,0.4938,-1.0128,-0.8152,-1.4412,0.1002,1.0009,0.1433,0.7242,-24807.7801,-7.6208,-1.123,1.8063,0.6769,0.01,pasture,0.7483,0.1961,69.797,0.037,138323.8055,intense loss,0.0128,True,-0.626,True,True,False,False,False,20-50%,False,Bonfinópolis,Muito Alta,Extremamente Alta,fomento ao uso sustentavel,MG
189,417575.2534,363178.9658,354680.6268,0.8697,0.8538,-0.1043,-0.0653,-0.1667,0.0252,0.163,0.0117,0.0816,-4922.2814,-1.1788,-0.134,0.2758,0.1372,0.8289,pasture,0.8881,0.0291,546.6018,0.1505,341994.3468,stable,0.0957,False,-0.1013,False,False,False,True,False,>=80%,False,Rio São Lourenço,Muito Alta,Muito Alta,fomento ao uso sustentavel,"MT, MS"
19,382539.1947,357473.8115,303952.2041,0.9345,0.7948,-1.1126,-0.4827,-1.7482,0.1423,1.5832,0.2268,0.8637,-51703.5085,-13.5159,-1.1497,1.3593,0.2096,0.0091,pasture,0.51,0.1641,42.3988,0.0119,293809.2313,intense loss,0.1126,True,-1.2656,True,True,False,False,False,50-80%,False,Rio das Balsas,Muito Alta,Extremamente Alta,Criacao UC,MA
190,558919.8926,251972.997,210536.9018,0.4508,0.3765,-1.3014,-1.1387,-1.1431,0.1219,0.5751,0.0731,0.5723,-42629.6432,-7.6271,-1.2717,1.9335,0.6638,0.0089,pasture,0.8033,0.2165,40.6036,0.0161,183383.1944,intense loss,0.3014,False,-0.0043,False,False,False,False,False,20-50%,False,Doverlândia,Muito Alta,Muito Alta,fomento ao uso sustentavel,GO
191,293502.9206,57818.3923,53824.5317,0.197,0.1833,-0.3638,-0.3031,-0.5476,0.155,0.7262,0.104,0.8639,-2734.4624,-0.9317,-0.5413,1.0694,0.5205,0.1162,pasture,0.6123,0.1053,146.4762,0.2533,44662.5617,moderate loss,0.1638,False,-0.2446,False,False,False,False,False,<20%,False,Rio dos Bois,Muito Alta,Extremamente Alta,Criacao UC,GO
192,122268.3678,38934.3133,37626.8059,0.3184,0.3077,-0.2615,-0.1999,-0.2657,0.0427,0.1669,0.0111,0.0,-1323.7057,-1.0826,-0.2576,0.928,0.6693,0.005,pasture,0.5838,0.09,5.4791,0.0141,32598.1616,moderate loss,0.0615,False,-0.0658,False,False,False,False,False,20-50%,False,Ribeirão Ponte de Pedra,Extremamente Alta,Extremamente Alta,recuperacao,MT
193,100913.1858,30752.8692,28086.2777,0.3047,0.2787,-0.6233,-0.5712,-0.6733,0.0543,0.2435,0.0161,0.0,-2491.8752,-2.4693,-0.6286,1.3579,0.7042,0.012,pasture,0.6689,0.1354,20.7583,0.0675,22900.4134,moderate loss,0.3767,False,-0.102,False,False,False,False,False,20-50%,False,Rio Piracanjuba,Muito Alta,Extremamente Alta,CAR - Boas praticas,GO
194,3360.5556,2681.6084,2407.7179,0.798,0.7173,-0.5825,-0.4353,-0.7999,0.235,0.9315,0.1091,0.5145,-203.0645,-6.0426,-0.7741,1.1949,0.4139,0.0056,pasture,0.7278,0.1282,0.0858,0.0032,2124.0094,moderate loss,0.3825,False,-0.3646,False,False,True,False,False,50-80%,False,Cavernas de Unaí,Alta,Alta,CAR - Boas praticas,MG
195,220012.9316,165352.8757,149867.1935,0.7516,0.6791,-0.7207,-1.0166,-0.5732,0.0902,0.6627,0.0919,0.6281,-15493.0603,-7.0419,-0.7515,1.1783,0.4476,0.334,pasture,0.9688,0.1349,0.0,0.0,138550.6485,moderate loss,0.2793,False,0.4434,False,False,False,True,False,50-80%,False,Córrego Pindaival,Muito Alta,Extremamente Alta,Criacao UCUS,MT
196,79294.9063,32960.4462,29376.8139,0.4157,0.371,-0.6549,-0.2119,-1.1692,0.2013,1.5721,0.181,0.5019,-2806.2573,-3.539,-0.8116,1.8561,1.0285,0.0121,pasture,0.8606,0.184,25.7172,0.078,23247.6155,moderate loss,0.3451,False,-0.9572,True,True,False,False,False,20-50%,False,Unaí II,Muito Alta,Muito Alta,Criacao UCPI,MG
197,83586.8642,50475.4573,43678.4471,0.6039,0.5286,-0.8996,-0.9956,-0.8087,0.0415,0.2886,0.0362,0.5635,-5903.1608,-7.0623,-0.8909,1.375,0.4083,0.0454,pasture,0.7476,0.1579,286.2542,0.5671,40431.3781,moderate loss,0.1004,False,0.1869,False,False,False,False,True,50-80%,False,Cristalina,Extremamente Alta,Extremamente Alta,CAR - Boas praticas,GO
198,237597.4806,40138.0918,35688.6943,0.1689,0.1502,-0.8008,-0.6773,-1.007,0.1178,0.5535,0.0708,0.5763,-4178.5196,-1.7587,-0.8582,1.5458,0.681,0.0995,pasture,0.5849,0.1509,93.1102,0.232,29918.2626,moderate loss,0.1992,False,-0.3296,False,False,False,False,False,<20%,False,Rio Turvo - GO,Muito Alta,Extremamente Alta,CAR - Boas praticas,GO
199,351475.9668,158063.3505,142470.3096,0.4497,0.405,-0.6049,-0.6568,-0.6179,0.1463,0.6795,0.0451,0.0,-12430.3745,-3.5366,-0.7749,1.7175,0.944,0.0133,pasture,0.6127,0.1645,45.8677,0.029,117971.7032,moderate loss,0.3951,False,0.0389,False,False,False,False,False,20-50%,False,Alto Araguaia,Muito Alta,Extremamente Alta,Criacao UC,"GO, MT"
2,876744.7346,799328.4148,678249.1453,0.9117,0.774,-1.1151,-0.5157,-1.7607,0.0895,1.3543,0.194,0.8743,-115873.207,-13.2163,-1.1612,1.2788,0.1172,0.0135,mosaic of uses,0.4637,0.1601,160.7431,0.0201,665848.359,intense loss,0.1151,True,-1.2449,True,True,False,False,False,50-80%,False,Chapadinha,Alta,Muito Alta,CAR - Boas praticas,MA
20,480516.1813,402760.7608,317713.6424,0.8382,0.6612,-1.6123,-0.9347,-2.167,0.2408,1.2913,0.1849,0.8089,-84417.4802,-17.5681,-1.6239,1.7223,0.0985,0.0026,soybean,0.5137,0.2193,18.779,0.0047,312960.9909,intense loss,0.3877,False,-1.2323,True,True,False,False,False,50-80%,False,Rio Parnaiba - Balsas,Alta,Muito Alta,CAR - Boas praticas,MA
200,370013.4264,188334.2197,167872.0444,0.509,0.4536,-0.749,-0.6663,-0.8909,0.0683,0.4396,0.04,0.3055,-18337.4953,-4.9559,-0.8398,1.537,0.6987,0.0069,pasture,0.8258,0.1655,24.6474,0.0131,141610.6794,moderate loss,0.251,False,-0.2245,False,False,False,False,False,20-50%,False,Caiapônia,Muito Alta,Muito Alta,Criacao UC,GO
201,96838.957,62571.2833,58612.2492,0.6461,0.606,-0.3761,-0.2014,-0.4876,0.1083,0.6364,0.0628,0.3776,-3059.4824,-3.1594,-0.4719,0.9583,0.5579,0.0915,pasture,0.5668,0.1046,303.5833,0.4852,51827.3694,moderate loss,0.1761,False,-0.2862,False,False,False,False,False,50-80%,False,São Pedro,Alta,Alta,Criacao UCPI,MG
202,65154.5875,41277.7772,33678.7566,0.6335,0.517,-0.9364,-2.1904,-0.1081,0.5745,2.4506,0.351,0.7244,-5024.6815,-7.7119,-1.4135,2.5701,1.1551,0.0008,pasture,0.7994,0.2892,2.913,0.0071,26216.329,moderate loss,0.0636,True,2.0824,False,False,False,False,False,50-80%,False,Riacho do Bano,Muito Alta,Muito Alta,recuperacao,MG
203,286393.3152,132705.6447,119914.6109,0.4634,0.419,-0.6263,-0.7624,-0.6756,0.1104,0.4788,0.0455,0.3463,-10804.0093,-3.7724,-0.7305,1.3641,0.6223,0.0378,pasture,0.8003,0.1514,59.7406,0.045,100514.9661,moderate loss,0.3737,False,0.0868,False,False,False,False,False,20-50%,False,Rio Corumbá II,Muito Alta,Muito Alta,recuperacao,GO
204,297359.3701,65230.4444,60179.6682,0.2194,0.2031,-0.4661,-0.3807,-0.4982,0.0787,0.3383,0.0224,0.0,-3952.7405,-1.3293,-0.479,1.2379,0.71,0.1052,pasture,0.4714,0.1164,585.3012,0.8973,52414.4267,moderate loss,0.2661,False,-0.1175,False,False,False,False,True,20-50%,False,Rio Ponte de Pedra,Extremamente Alta,Extremamente Alta,CAR - Boas praticas,GO
205,211442.6345,161245.5098,151876.6347,0.7626,0.7175,-0.4442,-0.1416,-0.7989,0.1092,0.9418,0.1349,0.6503,-9311.5738,-4.4038,-0.4583,0.8953,0.4447,0.4253,pasture,0.9737,0.0934,80.384,0.0499,139770.1999,moderate loss,0.2442,False,-0.6573,True,True,False,True,False,50-80%,False,Rio Itiquira - Pantanal,Muito Alta,Muito Alta,corredor_mosaico,MT
206,86767.3675,53979.1058,49886.9324,0.6221,0.573,-0.6241,-0.5604,-0.6557,0.0417,0.1665,0.011,0.0,-4379.4208,-5.0473,-0.6252,1.1833,0.5601,0.0515,pasture,0.7868,0.1256,24.3659,0.0451,43487.6587,moderate loss,0.3759,False,-0.0953,False,False,False,False,False,50-80%,False,Rio Itiquira,Extremamente Alta,Muito Alta,recuperacao,MT
207,113049.2537,53266.4571,50155.9632,0.4712,0.4437,-0.2857,-0.1589,-0.5059,0.1169,0.7849,0.1124,0.7304,-1978.4275,-1.7501,-0.4481,1.1007,0.6485,0.0219,pasture,0.8119,0.1127,11.3646,0.0213,42876.4016,moderate loss,0.0857,True,-0.347,False,False,False,False,False,20-50%,False,Santa Cruz de Goiás,Muito Alta,Alta,Criacao UC,GO
208,62429.8616,40683.0902,32606.9398,0.6517,0.5221,-0.9271,-0.9088,-1.1222,0.6008,2.1138,0.2071,0.3717,-4903.3367,-7.8542,-1.532,2.5749,1.043,0.0134,pasture,0.7584,0.2864,7.6979,0.0189,26240.353,moderate loss,0.0729,True,-0.2134,False,False,False,False,False,50-80%,False,João Pinheiro,Alta,Alta,recuperacao,MG
209,180963.5569,92096.6217,83368.2197,0.5089,0.4611,-0.5584,-0.5449,-0.935,0.2526,1.0087,0.1445,0.7685,-6685.8817,-3.6946,-0.7158,1.6403,0.9235,0.0535,pasture,0.569,0.1721,95.5228,0.1037,66314.384,moderate loss,0.3584,False,-0.3901,False,False,False,False,False,20-50%,False,Rio Paracatu,Alta,Alta,recuperacao,MG
21,94178.1612,48047.2807,33694.5702,0.5102,0.3578,-1.9396,-2.0557,-2.0114,0.302,1.4031,0.093,0.0,-12114.9399,-12.8639,-2.295,3.3112,1.0163,0.0031,pasture,0.6059,0.3733,10.4573,0.0218,28437.5361,intense loss,0.0604,True,0.0444,False,False,False,False,False,20-50%,False,Riacho Tucum,Alta,Muito Alta,CAR - Boas praticas,MA
210,247038.443,107968.387,99195.4567,0.4371,0.4017,-0.2494,-0.5314,-0.1531,0.298,1.0916,0.0818,0.1222,-3500.6533,-1.417,-0.6176,2.0354,1.4141,0.0177,pasture,0.8252,0.2012,33.2561,0.0308,69386.6496,moderate loss,0.0494,True,0.3783,False,False,False,False,False,20-50%,False,Jequitaí,Muito Alta,Extremamente Alta,Criacao UCPI,MG
211,326223.4191,152309.0043,132355.2976,0.4669,0.4055,-0.7163,-0.7634,-0.608,0.2944,1.1535,0.0765,0.0,-14183.0266,-4.3476,-1.0162,2.4868,1.4766,0.0278,pasture,0.5925,0.2434,110.5731,0.0726,98462.4939,moderate loss,0.2837,False,0.1554,False,False,False,False,False,20-50%,False,Rio das Velhas,Muito Alta,Extremamente Alta,recuperacao,MG
212,178884.3788,79086.5267,70647.0863,0.4421,0.3885,-1.0704,-1.2631,-0.814,0.1764,0.7444,0.0916,0.5497,-11005.4572,-6.1523,-1.1101,1.6423,0.7687,0.0772,pasture,0.614,0.1817,56.6846,0.0717,59292.5061,intense loss,0.0704,True,0.4491,False,False,False,False,False,20-50%,False,Rio São Marcos,Alta,Muito Alta,recuperacao,"GO, MG"
213,354862.3727,76222.09,72557.1358,0.2148,0.2045,-0.3818,-0.3318,-0.3456,0.1087,0.3648,0.0325,0.2867,-3783.1359,-1.0661,-0.3722,1.115,0.7387,0.0454,pasture,0.4362,0.1003,101.525,0.1332,58531.6796,moderate loss,0.1818,False,-0.0138,False,False,False,False,False,20-50%,False,Jataí,Muito Alta,Extremamente Alta,CAR - Boas praticas,GO
214,350047.7959,141262.1281,127428.8132,0.4036,0.3645,-0.7141,-0.8568,-0.7457,0.0971,0.3829,0.0409,0.4442,-13113.9108,-3.7463,-0.7314,1.4665,0.7281,0.0157,pasture,0.8085,0.1624,212.4154,0.1504,101843.6726,moderate loss,0.2859,False,0.1111,False,False,False,False,False,20-50%,False,Rio Veríssimo,Alta,Muito Alta,Criacao UC,GO
215,57822.6213,44835.6132,42517.9562,0.7754,0.7354,-0.365,0.0971,-0.8275,0.1623,1.1553,0.1655,0.7875,-2127.5864,-3.6795,-0.3963,1.1813,0.783,0.0077,pasture,0.7709,0.127,0.6837,0.0015,36646.781,moderate loss,0.165,True,-0.9246,True,True,False,False,False,50-80%,False,Buritizeiro,Muito Alta,Alta,Criacao UCPI,MG
216,568348.7749,280905.6971,251208.3674,0.4942,0.447,-0.6139,-0.3,-0.8886,0.1013,0.8159,0.1169,0.7589,-22419.363,-3.9446,-0.6401,1.1709,0.5329,0.6657,pasture,0.823,0.1268,224.8253,0.08,225683.905,moderate loss,0.3861,False,-0.5886,True,True,False,True,False,20-50%,False,Rio Correntes,Extremamente Alta,Extremamente Alta,Criacao UCPI,"MS, MT"
217,709613.6144,273864.1352,264864.7705,0.3859,0.3731,-0.3187,0.2044,-0.6298,0.1275,1.0927,0.1565,0.663,-11344.8993,-1.5987,-0.2627,1.4251,1.1637,0.0134,pasture,0.7232,0.1292,18.5476,0.0068,192505.0318,moderate loss,0.1187,True,-0.8342,True,True,False,False,False,20-50%,False,Serranópolis,Muito Alta,Extremamente Alta,Criacao UC,GO
218,554809.9623,460178.98,449976.4437,0.8294,0.8107,-0.0892,-0.1231,-0.1449,0.071,0.3034,0.0361,0.5268,-5336.7817,-0.9619,-0.175,0.3928,0.2194,0.0351,pasture,0.5481,0.0398,102.611,0.0223,428405.9308,stable,0.1108,False,-0.0217,False,False,False,False,False,>=80%,False,Diamantina,Extremamente Alta,Extremamente Alta,fomento ao uso sustentavel,MG
219,246485.1123,198228.1979,184434.7157,0.8042,0.7484,-0.3657,-0.1935,-0.788,0.0998,0.9299,0.1332,0.766,-9424.3693,-3.8235,-0.5332,0.8271,0.2931,0.0022,pasture,0.7068,0.0899,9.3848,0.0047,171278.9886,moderate loss,0.1657,False,-0.5944,True,True,False,False,False,50-80%,False,Serra do Cabral,Extremamente Alta,Extremamente Alta,Criacao UCPI,MG
22,386185.376,330674.4121,285384.958,0.8563,0.739,-0.9437,-0.8339,-1.2856,0.213,0.8761,0.1255,0.7181,-40569.0454,-10.5051,-1.0532,1.1169,0.064,0.0098,soybean,0.5047,0.1419,25.2485,0.0076,282557.4097,moderate loss,0.0563,True,-0.4517,False,False,False,False,False,50-80%,False,Riozinho,Extremamente Alta,Extremamente Alta,Criacao UC,PI
220,554993.5675,243618.4958,222617.9331,0.439,0.401,-0.6703,-0.2185,-1.0213,0.0469,0.8477,0.1214,0.7584,-21227.8827,-3.8249,-0.6703,1.1847,0.5142,0.0216,pasture,0.7679,0.1238,119.1115,0.0489,199727.441,moderate loss,0.3297,False,-0.8028,True,True,False,False,False,20-50%,False,Alto Rio Taquari,Muito Alta,Extremamente Alta,corredor_mosaico,"MT, MS"
221,1234061.656,612416.3873,559848.6406,0.4963,0.4539,-0.4065,-1.1129,-0.1468,0.177,1.2234,0.1752,0.8205,-32362.8144,-2.6225,-0.651,1.5195,0.8601,0.036,pasture,0.6034,0.1614,262.4847,0.0429,450362.1385,moderate loss,0.2065,False,0.9661,False,False,False,False,False,20-50%,False,Rio Borrachudo,Alta,Muito Alta,recuperacao,MG
222,54831.1387,30054.4848,24891.4658,0.5481,0.4541,-1.1867,-1.5852,-1.2116,0.3223,0.9154,0.1003,0.4642,-4636.7044,-8.4563,-1.3176,2.1037,0.7838,0.0042,pasture,0.7925,0.2404,1.3645,0.0045,18289.7861,intense loss,0.1867,False,0.3736,False,False,False,False,False,20-50%,False,São Bartolomeu,Alta,Alta,recuperacao,MG
223,503754.8684,226754.5054,213085.796,0.4501,0.4231,-0.3771,-0.2218,-0.6145,0.0704,0.6045,0.0719,0.5261,-11114.8193,-2.2064,-0.4582,1.2781,0.8174,0.0075,pasture,0.717,0.1289,56.4456,0.0249,168486.7986,moderate loss,0.1771,False,-0.3927,False,False,False,False,False,20-50%,False,Vazante,Alta,Alta,Criacao UCPI,"MG, GO"
224,285326.7179,275944.4428,274604.9203,0.9671,0.9667,0.0247,0.0255,-0.0269,0.0341,0.1391,0.0199,0.7882,884.8372,0.3101,-0.0025,0.0783,0.0762,0.9862,pasture,0.7352,0.0084,1168.3972,0.4234,167156.8125,stable,0.1753,False,-0.0524,False,False,False,True,False,>=80%,False,Rio Paraguai - Corumbá,Alta,Alta,corredor_mosaico,MS
225,115500.3026,111929.4312,106434.4879,0.9691,0.9357,-0.2574,-0.0699,-0.5014,0.0855,0.6048,0.0866,0.7739,-3745.6689,-3.243,-0.2574,0.2966,0.0491,0.9169,pasture,0.9782,0.0376,1.022,0.0009,73102.1439,moderate loss,0.0574,True,-0.4315,False,False,False,True,False,>=80%,False,Vazante Santa Maria,Muito Alta,Extremamente Alta,Criacao UCPI,MS
226,12858.5285,3942.1977,3793.1202,0.3066,0.295,-0.1589,-0.3048,-0.1463,0.1667,0.5343,0.0765,0.7929,-81.4418,-0.6334,-0.2896,0.7803,0.4916,0.0051,mosaic of uses,0.4643,0.0677,1.2784,0.0324,3424.8393,turnover,0.0411,True,0.1586,False,False,False,False,False,20-50%,False,Rio Doce,Muito Alta,Extremamente Alta,CAR - Boas praticas,GO
227,389425.8645,88038.8078,83790.3886,0.2261,0.215,-0.4005,-0.376,-0.3012,0.1067,0.445,0.0508,0.4957,-4583.4608,-1.177,-0.4005,0.995,0.5968,0.0783,pasture,0.5754,0.0942,57.7503,0.0656,69913.7725,moderate loss,0.2005,False,0.0749,False,False,False,False,False,20-50%,False,Jacuba - Corrente,Muito Alta,Muito Alta,recuperacao,GO
228,20410.0753,13386.7659,12412.4866,0.6559,0.6082,-0.2237,-0.4787,-0.0742,0.2771,1.1223,0.0798,0.0696,-389.2866,-1.9073,-0.5591,1.1404,0.5801,0.0087,pasture,0.8468,0.1209,2.4686,0.0184,10647.9652,moderate loss,0.0237,True,0.4044,False,False,False,False,False,50-80%,False,Rio das Tabocas,Alta,Alta,Criacao UCPI,MG
229,493463.1304,376934.9494,359408.1789,0.7639,0.7219,-0.4009,-0.1705,-0.6998,0.0762,0.7045,0.1009,0.8368,-19643.4807,-3.9807,-0.4477,0.6148,0.1719,0.8441,pasture,0.8789,0.0702,692.1701,0.1836,252046.3461,moderate loss,0.2009,False,-0.5293,True,True,False,True,False,50-80%,False,Rio Taquari,Extremamente Alta,Extremamente Alta,recuperacao,MS
23,455197.575,447292.5437,359937.4775,0.9826,0.7908,-1.2913,-0.647,-2.4132,0.2296,2.3268,0.3333,0.857,-75085.3585,-16.4951,-1.5017,1.5664,0.0647,0.0018,mosaic of uses,0.4895,0.201,15.0674,0.0034,354040.9708,intense loss,0.2913,True,-1.7662,True,True,False,False,False,50-80%,False,Bertolinea,Muito Alta,Extremamente Alta,Criacao UC,PI
230,209325.3733,121617.979,104895.4606,0.581,0.5015,-0.9449,-1.3642,-0.8581,0.0846,0.6982,0.1,0.7275,-14939.9174,-7.1372,-1.0479,1.7406,0.6889,0.0136,pasture,0.8486,0.1958,25.6503,0.0211,83187.6005,moderate loss,0.0551,True,0.5061,False,False,False,False,False,50-80%,False,Presidente Olegário,Alta,Alta,Criacao UCPI,MG
231,390564.1709,92337.9216,89190.6153,0.2364,0.2282,-0.277,-0.1992,-0.3463,0.0571,0.3058,0.022,0.0799,-3324.7527,-0.8513,-0.2826,0.8688,0.5906,0.052,pasture,0.4828,0.0806,33.8094,0.0366,76614.7079,moderate loss,0.077,False,-0.1471,False,False,False,False,False,20-50%,False,Rio da Prata,Muito Alta,Extremamente Alta,recuperacao,"MS, GO"
232,33341.0924,20530.4394,20736.1672,0.6158,0.6228,0.258,0.0386,0.2069,0.2593,0.8185,0.1119,0.6191,688.5772,2.0653,0.0937,1.1779,1.2574,0.0033,pasture,0.4113,0.1164,0.0,0.0,14757.2123,net gain,0.058,True,0.1684,False,False,False,False,False,50-80%,False,Corinto,Muito Alta,Muito Alta,compensacao,MG
233,175403.9495,58341.9483,51755.5621,0.3326,0.295,-0.9946,-0.0971,-1.4513,0.3031,1.6483,0.2361,0.7906,-7543.2672,-4.3005,-0.8726,1.4717,0.601,0.0284,pasture,0.8036,0.1545,31.9116,0.0547,44264.7418,moderate loss,0.0054,True,-1.3542,True,True,False,False,False,20-50%,False,Rio Jauru -MS,Muito Alta,Extremamente Alta,Criacao UCPI,MS
234,505930.9124,473448.2112,428511.8994,0.9358,0.8699,-0.5162,-0.1771,-0.8786,0.0873,0.8851,0.1268,0.823,-31772.0692,-6.2799,-0.5138,0.586,0.0723,0.8722,pasture,0.9574,0.0726,94.3637,0.0199,321929.437,moderate loss,0.3162,False,-0.7015,True,True,False,True,False,>=80%,False,Vazante Riozinho,Muito Alta,Extremamente Alta,Criacao UCPI,MS
235,454610.0203,107491.0573,98212.2273,0.2364,0.2159,-0.6944,-0.6602,-0.8012,0.1127,0.4197,0.0449,0.4455,-9703.1195,-2.1344,-0.6874,1.2303,0.54,0.0742,pasture,0.4256,0.1297,195.5957,0.182,83934.7005,moderate loss,0.3056,False,-0.1409,False,False,False,False,False,20-50%,False,Três Lagoas,Extremamente Alta,Extremamente Alta,recuperacao,MS
236,158360.944,89084.6621,86373.1879,0.5625,0.546,0.042,-0.4663,0.0331,0.297,1.1458,0.1641,0.6523,485.9522,0.3069,-0.2205,1.2973,1.0681,0.0801,pasture,0.5134,0.1312,60.5761,0.068,62625.2978,turnover,0.158,True,0.4994,False,False,False,False,False,50-80%,False,Felixlândia,Muito Alta,Alta,Criacao UCUS,MG
237,331603.9331,263264.7554,256156.6283,0.7939,0.7725,-0.2528,-0.0156,-0.3314,0.0635,0.4166,0.0597,0.7481,-8651.6298,-2.609,-0.2076,0.5486,0.3415,0.0086,pasture,0.5796,0.0527,21.4684,0.0082,238188.3038,moderate loss,0.0528,True,-0.3158,False,False,False,False,False,50-80%,False,Mosaico Cipo Intendente,Extremamente Alta,Extremamente Alta,Criacao UCPI,MG
238,555698.9658,239056.0556,239951.0123,0.4302,0.432,0.4121,0.8091,-0.1491,0.2972,1.8093,0.2591,0.7395,12808.1876,2.3049,0.0381,1.4917,1.5268,0.0165,pasture,0.6432,0.1242,41.3284,0.0173,161000.2205,net gain,0.2121,True,-0.9582,True,True,False,False,False,20-50%,False,Carste Lagoa Santa,Extremamente Alta,Extremamente Alta,Criacao UCPI,MG
239,641548.5792,180215.5313,167656.1739,0.2809,0.2609,-0.3426,-0.417,-0.2935,0.1764,0.6917,0.0468,0.0211,-8025.8247,-1.251,-0.5783,1.4834,0.9474,0.1394,pasture,0.4303,0.1363,75.9747,0.0422,142942.5087,moderate loss,0.1426,False,0.1236,False,False,False,False,False,20-50%,False,Rio Araguari,Muito Alta,Extremamente Alta,recuperacao,MG
24,766215.6372,720742.2306,538919.0702,0.9407,0.7035,-1.986,-0.7409,-3.2381,0.1669,2.8864,0.4134,0.8613,-186083.1991,-24.286,-1.9394,1.9965,0.057,0.0033,mosaic of uses,0.5729,0.2562,34.4639,0.0048,533524.7725,intense loss,0.014,True,-2.4972,True,True,False,False,False,50-80%,False,Rio Sucuriiju,Extremamente Alta,Extremamente Alta,Criacao UC,MA
240,239903.9309,85654.7922,78464.1095,0.357,0.3269,-0.6682,-0.2946,-0.7339,0.2145,0.8971,0.0915,0.4061,-7439.9822,-3.1012,-0.6555,1.5092,0.8544,0.0296,pasture,0.7071,0.1496,54.8205,0.064,61570.4372,moderate loss,0.3318,False,-0.4393,False,False,False,False,False,20-50%,False,Rio Coxim,Alta,Muito Alta,recuperacao,MS
241,977880.5637,221322.154,213941.1285,0.2263,0.2188,-0.1697,0.0976,-0.549,0.1053,0.8637,0.1237,0.8129,-4882.2894,-0.4993,-0.2593,1.4184,1.1599,0.0131,mosaic of uses,0.521,0.1218,45.7216,0.0207,156127.998,turnover,0.0303,True,-0.6467,True,True,False,False,False,20-50%,False,Ituiutaba,Muito Alta,Extremamente Alta,Criacao UCPI,MG
242,89569.0209,29923.0092,27946.6136,0.3341,0.312,-0.3707,-0.3571,-0.3832,0.251,0.7525,0.0639,0.2433,-1441.8729,-1.6098,-0.5057,1.4057,0.8976,0.0079,pasture,0.6526,0.1489,6.4381,0.0215,20483.6007,moderate loss,0.1707,False,-0.026,False,False,False,False,False,20-50%,False,Córrego Fundo,Muito Alta,Extremamente Alta,Criacao UCPI,MS
243,328311.9062,319549.1853,309075.0357,0.9733,0.9584,-0.0926,-0.0092,-0.225,0.0352,0.285,0.0408,0.8612,-3847.9773,-1.172,-0.1117,0.1554,0.0447,0.975,pasture,0.9569,0.0181,76.9283,0.0241,204447.9774,stable,0.1074,False,-0.2158,False,False,False,True,False,>=80%,False,Vazante Grande,Muito Alta,Muito Alta,Criacao UCPI,MS
244,47507.4434,15035.5466,15532.8027,0.3165,0.3272,0.5402,0.1403,0.4678,0.327,1.1446,0.0997,0.2659,1055.8894,2.2226,0.2713,2.0156,2.2707,0.0017,pasture,0.5803,0.1831,2.3725,0.0158,7879.4443,net gain,0.3402,False,0.3276,False,False,False,False,False,20-50%,False,Curvelo,Muito Alta,Alta,recuperacao,MG
245,1039477.8219,908018.134,848592.5764,0.8735,0.817,-0.4809,-0.1755,-0.8204,0.04,0.7611,0.109,0.8428,-56762.0049,-5.4606,-0.4968,0.6099,0.1221,0.9021,pasture,0.9035,0.0728,366.1298,0.0403,741315.6076,moderate loss,0.2809,False,-0.6449,True,True,False,True,False,>=80%,False,Rio Negro,Muito Alta,Muito Alta,corredor_mosaico,MS
246,239338.3108,196642.2411,195232.0986,0.8216,0.8038,-0.1685,0.0018,-0.3618,0.038,0.4358,0.0624,0.6956,-4306.3212,-1.7993,-0.194,0.4554,0.2681,0.8681,pasture,0.7136,0.0511,4.9832,0.0025,100187.5075,stable,0.0315,True,-0.3636,False,False,False,True,False,>=80%,False,Corumbá,Extremamente Alta,Extremamente Alta,Criacao UCPI,MS
247,102279.3474,45608.4161,43613.4924,0.4459,0.4265,-0.3573,0.0953,-0.5259,0.1301,0.8243,0.1181,0.7084,-2118.468,-2.0713,-0.3339,1.0345,0.6991,0.0021,pasture,0.6855,0.101,1.8576,0.0041,34923.2598,moderate loss,0.1573,False,-0.6211,True,True,False,False,False,20-50%,False,Rio do Peixe,Muito Alta,Extremamente Alta,Criacao UCPI,MS
248,79973.476,15979.665,13990.6293,0.1998,0.175,-0.8379,-0.2627,-1.3156,0.3688,1.4624,0.1531,0.4273,-1740.6681,-2.1766,-0.9545,1.2831,0.3274,0.0056,pasture,0.9076,0.1557,1.774,0.0111,12508.2505,moderate loss,0.1621,False,-1.0529,True,True,False,False,False,<20%,False,Rio São Domingos,Muito Alta,Extremamente Alta,recuperacao,MS
249,14049.8911,9163.7083,8435.3301,0.6522,0.601,-0.5964,-0.369,-0.7305,0.2199,0.6823,0.0632,0.323,-710.5004,-5.057,-0.5988,0.8379,0.239,0.1479,pasture,0.9361,0.0993,7.5189,0.0821,8193.4667,moderate loss,0.3964,False,-0.3615,False,False,False,False,False,50-80%,False,Rio Negro - Serra Maracaju,Muito Alta,Alta,Criacao UCPI,MS
25,26350.152,20605.0101,18170.295,0.782,0.6897,-0.5489,-0.4693,-1.049,0.3408,1.5912,0.2279,0.7512,-1470.3605,-5.5801,-0.907,1.4525,0.5438,0.0001,pasture,0.8954,0.1638,0.886,0.0043,16803.3732,moderate loss,0.3489,False,-0.5797,False,True,False,False,False,50-80%,False,Ribeirao Arrais,Alta,Alta,CAR - Boas praticas,TO
250,438783.2592,124464.3605,113802.2929,0.2837,0.2593,-0.7293,-0.2538,-0.9272,0.1291,0.8369,0.1199,0.7813,-11800.6084,-2.6894,-0.6654,1.3445,0.6799,0.0179,pasture,0.5573,0.1318,28.4156,0.0228,95979.2365,moderate loss,0.2707,False,-0.6734,True,True,False,False,False,20-50%,False,Ribeirão Aquidauana,Extremamente Alta,Extremamente Alta,recuperacao,MS
251,59624.1652,21517.2935,21049.9208,0.3609,0.3537,0.1729,0.0136,0.2247,0.426,1.1905,0.12,0.3963,483.5124,0.8109,-0.13,1.3716,1.2169,0.0112,pasture,0.5366,0.1186,4.392,0.0204,15447.0828,turnover,0.0271,True,0.211,False,False,False,False,False,20-50%,False,Ibiá,Alta,Alta,recuperacao,MG
252,479082.9135,448522.9903,445274.3366,0.9362,0.9213,-0.1389,-0.246,-0.0532,0.054,0.2733,0.0391,0.7532,-8096.3125,-1.69,-0.1282,0.2379,0.1116,0.9543,pasture,0.6159,0.0282,82.8595,0.0185,307965.8616,stable,0.0611,False,0.1928,False,False,False,True,False,>=80%,False,Rio Miranda,Muito Alta,Muito Alta,corredor_mosaico,MS
253,255314.443,91376.5111,87710.4055,0.3579,0.3438,-0.2386,-0.3047,-0.1933,0.1628,0.4661,0.0505,0.4555,-2834.0639,-1.11,-0.293,1.2785,0.9715,0.0182,pasture,0.5385,0.1293,26.7353,0.0293,60833.6541,moderate loss,0.0386,True,0.1114,False,False,False,False,False,20-50%,False,Rio Paraopeba,Muito Alta,Muito Alta,Criacao UCUS,MG
254,147142.6879,47034.99,45983.0286,0.3197,0.3126,-0.117,-0.0338,-0.1215,0.078,0.3697,0.0245,0.0,-715.5689,-0.4863,-0.1615,1.3509,1.1791,0.0109,pasture,0.4759,0.1217,42.2465,0.0898,34765.9203,turnover,0.083,False,-0.0877,False,False,False,False,False,20-50%,False,Araxá,Muito Alta,Extremamente Alta,CAR - Boas praticas,MG
255,180891.7033,94063.3444,89380.3347,0.52,0.494,-0.2112,0.0685,-0.7389,0.1033,1.1636,0.1667,0.8369,-2582.7983,-1.4278,-0.3849,0.9615,0.5756,0.4033,pasture,0.8181,0.0947,5.3826,0.0057,81313.5264,moderate loss,0.0112,True,-0.8075,True,True,False,True,False,20-50%,False,Rio Taboco,Muito Alta,Extremamente Alta,Criacao UCPI,MS
256,198072.6136,63767.9866,59933.1709,0.3219,0.3027,-0.3697,-0.3697,-0.5476,0.0817,0.4235,0.0519,0.5477,-3064.4254,-1.5471,-0.4549,1.1825,0.7194,0.1034,pasture,0.7446,0.1145,30.8171,0.0483,45988.4958,moderate loss,0.1697,False,-0.1779,False,False,False,False,False,20-50%,False,Divinópolis,Muito Alta,Extremamente Alta,recuperacao,MG
257,145005.4755,110879.2278,110272.1097,0.7647,0.7517,-0.1426,-0.0617,-0.2242,0.0172,0.2029,0.0291,0.6894,-2055.7727,-1.4177,-0.1594,0.2409,0.0814,0.8825,pasture,0.6658,0.0276,80.2981,0.0724,104221.3122,stable,0.0574,False,-0.1625,False,False,False,True,False,50-80%,False,Córrego Agachi,Extremamente Alta,Extremamente Alta,Criacao UCPI,MS
258,187366.4645,127190.7509,124434.1708,0.6788,0.6626,-0.1286,-0.1098,-0.1557,0.0535,0.2577,0.0171,0.0,-2127.0916,-1.1353,-0.1921,0.5864,0.4026,0.4027,pasture,0.7383,0.0613,99.6485,0.0783,117197.5638,turnover,0.0714,False,-0.0459,False,False,False,True,False,50-80%,False,Rio Miranda - Pantanal,Extremamente Alta,Muito Alta,corredor_mosaico,MS
259,164507.1511,86239.8705,74716.4584,0.5242,0.4533,-0.8405,-0.7042,-1.2964,0.1827,1.2366,0.1771,0.713,-9422.5957,-5.7278,-1.0565,2.0735,1.0444,0.0131,pasture,0.5931,0.2062,24.5036,0.0284,61472.3229,moderate loss,0.1595,True,-0.5922,True,True,False,False,False,20-50%,False,Tapira,Alta,Alta,Criacao UCPI,MG
26,34837.4125,34233.8967,29973.4901,0.9827,0.8604,-0.9841,-0.346,-1.6121,0.1463,1.5306,0.2192,0.8286,-4379.4829,-12.5712,-0.9569,1.0999,0.1429,0.0004,pasture,0.5847,0.14,0.0,0.0,28981.9586,moderate loss,0.0159,True,-1.2662,True,True,False,False,False,>=80%,False,Entorno TI Kraolandia,Muito Alta,Alta,fomento ao uso sustentavel,TO
260,193466.3558,149698.3354,146150.8529,0.7738,0.7547,-0.1211,-0.3215,0.0458,0.0681,0.4808,0.0689,0.7773,-2356.0983,-1.2178,-0.1921,0.3982,0.2059,0.824,pasture,0.9004,0.0449,6.4726,0.0043,114350.4023,stable,0.0789,False,0.3672,False,False,False,True,False,50-80%,False,Rio Nabileque,Alta,Alta,corredor_mosaico,MS
261,350478.7255,180540.9094,165946.4285,0.5151,0.4735,-0.6102,-0.2567,-0.9113,0.0488,0.7682,0.11,0.7707,-14320.5517,-4.086,-0.6224,1.1185,0.4966,0.0051,pasture,0.6085,0.1184,15.3526,0.0085,146406.5738,moderate loss,0.3898,False,-0.6546,True,True,False,False,False,20-50%,False,Bodoquena,Alta,Alta,corredor_mosaico,MS
262,88601.0633,6941.4316,7499.2563,0.0783,0.0846,0.6083,-0.0861,1.512,0.1447,1.9409,0.278,0.8597,548.9261,0.6195,0.6217,2.1088,2.7203,0.0314,mosaic of uses,0.6339,0.2042,5.3722,0.0774,3884.4616,net gain,0.4083,False,1.5981,False,False,False,False,False,<20%,False,Rio Preto,Alta,Alta,CAR - Boas praticas,SP
263,21018.5533,6297.3607,5932.0307,0.2996,0.282,-0.418,-0.5994,-0.3418,0.0548,0.3203,0.0376,0.5158,-342.1774,-1.628,-0.4652,1.0386,0.5819,0.01,mosaic of uses,0.5687,0.0974,0.0841,0.0013,5150.4707,moderate loss,0.218,False,0.2576,False,False,False,False,False,20-50%,False,Pedregulho,Muito Alta,Extremamente Alta,CAR - Boas praticas,SP
264,69355.0614,43282.8857,40804.948,0.6241,0.5882,-0.2477,-0.1748,-0.4833,0.1423,0.9347,0.119,0.5733,-1393.7801,-2.0096,-0.4427,1.1471,0.7127,0.0668,mosaic of uses,0.5823,0.107,40.4219,0.0934,34297.7632,moderate loss,0.0477,True,-0.3086,False,False,False,False,False,50-80%,False,Sacramento,Muito Alta,Alta,recuperacao,"MG, SP"
265,307222.5336,50226.1585,46766.331,0.1635,0.1524,-0.4213,-0.5378,-0.3033,0.0634,0.3496,0.0349,0.3877,-2751.0359,-0.8955,-0.4828,1.4209,0.9067,0.0679,mosaic of uses,0.5171,0.1433,49.6613,0.0989,36850.5993,moderate loss,0.2213,False,0.2345,False,False,False,False,False,<20%,False,Rio Sapucaí,Alta,Muito Alta,recuperacao,"SP, MG"
266,340455.6076,61626.0903,57733.4707,0.181,0.1696,-0.3962,-0.4324,-0.3871,0.0751,0.2508,0.0166,0.0,-3174.0523,-0.9323,-0.4688,1.1398,0.664,0.0943,mosaic of uses,0.5605,0.1131,104.5647,0.1697,47625.765,moderate loss,0.1962,False,0.0453,False,False,False,False,False,<20%,False,Rio Pardo,Muito Alta,Muito Alta,CAR - Boas praticas,SP
267,93968.0872,22132.1166,20843.2764,0.2355,0.2219,-0.4455,-0.2964,-0.5521,0.0611,0.3381,0.0484,0.7148,-1281.7112,-1.364,-0.4405,1.0517,0.6072,0.0333,pasture,0.563,0.1007,18.0627,0.0816,16847.3204,moderate loss,0.2455,False,-0.2557,False,False,False,False,False,20-50%,False,Carste Arcos e Pains,Muito Alta,Muito Alta,recuperacao,MG
268,68581.7933,8939.7998,9186.2765,0.1304,0.134,0.2678,-0.0525,0.4588,0.0993,0.7341,0.1051,0.7038,311.2299,0.4538,0.2408,1.0717,1.3256,0.1029,mosaic of uses,0.6567,0.103,8.8043,0.0985,6216.748,stable,0.0678,True,0.5113,False,False,False,False,False,<20%,False,Rio Turvo - SP,Alta,Alta,CAR - Boas praticas,SP
269,68217.7677,9240.7542,10396.0128,0.1355,0.1524,1.0386,0.2219,1.6193,0.1315,1.4508,0.2078,0.83,1247.7229,1.829,0.9687,1.0981,2.0611,0.0131,mosaic of uses,0.7601,0.0992,0.8386,0.0091,6605.9952,net gain,0.8386,False,1.3974,False,False,False,False,False,<20%,False,São José dos Dourados,Alta,Alta,CAR - Boas praticas,SP
27,45747.3135,34872.6251,28335.7673,0.7623,0.6194,-0.6123,-0.4302,-2.2681,0.6334,3.8044,0.5449,0.9017,-2775.7273,-6.0675,-1.4417,1.9009,0.4592,0.0004,pasture,0.5465,0.2198,0.2652,0.0008,25981.062,moderate loss,0.3877,True,-1.8378,True,True,False,False,False,50-80%,False,Guarai,Alta,Muito Alta,CAR - Boas praticas,TO
270,176104.5819,41057.3647,38687.8191,0.2331,0.2194,-0.5161,0.1153,-0.9396,0.0922,1.184,0.1696,0.8123,-2754.7712,-1.5643,-0.4838,1.0438,0.564,0.0652,mosaic of uses,0.3494,0.104,6.0249,0.0147,32099.1523,moderate loss,0.3161,False,-1.0549,True,True,False,False,False,20-50%,False,Rio Verde,Extremamente Alta,Extremamente Alta,fomento ao uso sustentavel,MS
271,36142.2173,9894.1688,9164.5977,0.2738,0.2535,-0.6661,0.573,-1.57,0.4627,2.8888,0.4137,0.7815,-856.7345,-2.3705,-0.5782,1.3472,0.7766,0.0049,forest plantation,0.4589,0.1405,0.2515,0.0025,7936.5699,moderate loss,0.3339,True,-2.143,True,True,False,False,False,20-50%,False,Ribeirão Serrote,Muito Alta,Extremamente Alta,recuperacao,MS
272,79426.418,28079.9364,24281.2369,0.3535,0.3056,-1.0251,-1.095,-0.9064,0.0608,0.3168,0.0303,0.35,-3741.9448,-4.7112,-1.0472,1.3898,0.3471,0.0085,pasture,0.6053,0.1547,3.1806,0.0113,21907.4808,intense loss,0.0251,True,0.1885,False,False,False,False,False,20-50%,False,Córrego Belchior,Extremamente Alta,Extremamente Alta,recuperacao,MS
273,259118.1595,72981.4122,65900.1541,0.2817,0.2543,-0.7642,-0.6436,-0.8774,0.0519,0.3325,0.0476,0.7269,-7250.621,-2.7982,-0.7515,1.1386,0.3904,0.0174,pasture,0.6413,0.1242,10.6175,0.0145,59340.3001,moderate loss,0.2358,False,-0.2339,False,False,False,False,False,20-50%,False,Nioaque,Extremamente Alta,Extremamente Alta,Criacao UC,MS
274,130088.5275,53454.7344,50356.474,0.4109,0.3864,-0.3641,-0.6506,0.0404,0.2539,1.002,0.1284,0.5776,-2529.8345,-1.9447,-0.4777,1.1597,0.7285,0.1462,pasture,0.4831,0.1098,39.6175,0.0741,42383.5021,moderate loss,0.1641,False,0.691,False,False,False,False,False,20-50%,False,Alpinópolis,Muito Alta,Alta,recuperacao,MG
275,251774.7626,50290.2339,47323.6423,0.1997,0.1878,-0.4878,-0.235,-0.6858,0.0628,0.6017,0.0785,0.5899,-3189.1954,-1.2667,-0.477,1.4137,0.9408,0.0335,pasture,0.472,0.1326,9.8458,0.0196,37019.8274,moderate loss,0.2878,False,-0.4508,False,False,False,False,False,<20%,False,Ribeirão Cachoeira,Extremamente Alta,Muito Alta,recuperacao,MS
276,348469.5797,113827.0131,104634.856,0.3266,0.3001,-0.6085,-0.4879,-0.7576,0.0243,0.3312,0.0474,0.7618,-9004.2962,-2.584,-0.6307,0.9936,0.3674,0.0611,pasture,0.6341,0.1045,95.9461,0.0843,95373.7102,moderate loss,0.3915,False,-0.2697,False,False,False,False,False,20-50%,False,Bonito,Alta,Alta,corredor_mosaico,MS
277,317148.4396,190881.8078,187528.7343,0.6019,0.5909,-0.0604,0.1324,-0.3698,0.0807,0.7128,0.1021,0.7372,-1499.1036,-0.4727,-0.1437,1.0216,0.8788,0.1115,pasture,0.8648,0.0999,39.9792,0.0209,165100.9869,turnover,0.1396,False,-0.5022,True,True,False,False,False,50-80%,False,Rio Aquidabã,Muito Alta,Muito Alta,corredor_mosaico,MS
278,256799.5279,46823.9959,44706.0042,0.1823,0.174,-0.4575,-0.0961,-0.5683,0.151,0.7042,0.0985,0.6332,-2784.9613,-1.0845,-0.3599,1.2141,0.8629,0.1033,mosaic of uses,0.4635,0.1087,47.1515,0.1007,36436.9645,moderate loss,0.2575,False,-0.4722,False,False,False,False,False,<20%,False,Córrego Piau,Extremamente Alta,Extremamente Alta,recuperacao,MS
279,292597.3179,55677.9809,52481.056,0.1903,0.1794,-0.2593,-0.3403,-0.2003,0.1252,0.5173,0.0347,0.0107,-1877.0245,-0.6415,-0.4267,0.9455,0.5072,0.0856,mosaic of uses,0.5791,0.0979,57.2826,0.1029,42690.4201,moderate loss,0.0593,False,0.14,False,False,False,False,False,<20%,False,Rio Moji-Guaçu,Alta,Muito Alta,CAR - Boas praticas,SP
28,977248.6772,897913.7435,735587.1256,0.9188,0.7526,-1.3426,-0.7465,-2.1104,0.2169,1.8035,0.2583,0.8419,-156714.7197,-16.0363,-1.3923,1.459,0.0668,0.0053,mosaic of uses,0.6061,0.1858,43.902,0.0049,727701.7788,intense loss,0.3426,False,-1.3639,True,True,False,False,False,50-80%,False,Rio Parnaiba II,Alta,Muito Alta,CAR - Boas praticas,"MA, PI"
280,3474.3985,948.9674,701.8041,0.2731,0.2014,-1.7265,-3.3262,-0.9044,0.4635,3.1613,0.4528,0.6682,-212.9897,-6.1303,-2.0917,2.5743,0.5938,0.256,pasture,0.4393,0.3028,0.0837,0.0088,582.5778,intense loss,0.2735,True,2.4218,False,False,True,True,False,20-50%,False,Cristais,Muito Alta,Alta,recuperacao,MG
281,47929.5933,17969.9983,16495.5573,0.3749,0.3418,-0.625,-0.8514,-0.1981,0.31,1.5255,0.161,0.4339,-1460.1208,-3.0464,-0.7719,1.4248,0.7434,0.2837,pasture,0.3933,0.1437,4.1787,0.0233,13739.8273,moderate loss,0.375,False,0.6532,False,False,False,True,False,20-50%,False,Furnas,Muito Alta,Alta,corredor_mosaico,MG
282,168.6559,7.8678,10.2113,0.0467,0.0605,2.2913,7.0211,-0.9752,1.7096,12.1379,1.5975,0.5952,2.3435,1.3895,2.2913,2.7823,5.0736,0.0,pasture,0.913,0.2979,0.0,0.0,4.2687,stable,2.0913,False,-7.9964,True,True,True,False,False,<20%,False,Cavernas de Candeias,Alta,Alta,CAR - Boas praticas,MG
283,208876.0695,95568.6168,81995.9116,0.4575,0.3924,-1.0012,-1.0285,-1.1432,0.0976,0.4958,0.0552,0.4761,-12438.8043,-5.9551,-1.0994,1.6127,0.515,0.034,pasture,0.8197,0.182,66.8832,0.07,73655.8848,intense loss,0.0012,True,-0.1146,False,False,False,False,False,20-50%,False,Rio Perdido,Muito Alta,Muito Alta,recuperacao,MS
284,7158.5742,1312.1603,1244.4457,0.1833,0.1739,-0.3627,-0.5892,-0.1134,0.1317,0.6793,0.0932,0.6214,-61.8646,-0.8642,-0.3735,1.733,1.336,0.0003,other crops,0.4535,0.1748,0.0,0.0,816.7113,moderate loss,0.1627,False,0.4758,False,False,False,False,False,<20%,False,Campos Gerais,Muito Alta,Alta,recuperacao,MG
285,303425.8503,198570.6581,168734.4557,0.6544,0.5542,-1.2393,-0.1342,-2.1357,0.0907,2.2359,0.3202,0.8595,-31991.9627,-10.5436,-1.1971,1.6471,0.45,0.29,pasture,0.8755,0.1915,3.834,0.0019,157623.5568,intense loss,0.2393,True,-2.0016,True,True,False,True,False,50-80%,False,Rio Tarumã,Alta,Muito Alta,Criacao UCUS,MS
287,149864.7399,34065.8258,30922.5439,0.2273,0.2056,-0.9107,-0.4712,-0.9873,0.1966,0.6869,0.098,0.6451,-4033.1952,-2.6912,-0.8232,1.2907,0.4891,0.1072,pasture,0.5267,0.1399,6.9082,0.0203,26237.0658,moderate loss,0.0893,True,-0.5162,True,True,False,False,False,20-50%,False,Rio Inhanduí,Extremamente Alta,Extremamente Alta,recuperacao,MS
288,161459.6043,40954.2966,36763.6812,0.2537,0.2276,-0.8605,-0.8473,-0.8552,0.0515,0.2122,0.0154,0.0878,-4581.0978,-2.8373,-0.8005,1.3353,0.5447,0.011,pasture,0.3713,0.1436,2.9134,0.0071,30197.1667,moderate loss,0.1395,False,-0.0079,False,False,False,False,False,20-50%,False,Rio Feio,Extremamente Alta,Extremamente Alta,recuperacao,MS
289,83752.3286,26828.7038,22819.7254,0.3203,0.2726,-1.1156,-1.2002,-1.2458,0.0988,0.4703,0.0654,0.6293,-3890.9486,-4.6458,-1.1351,1.4006,0.2659,0.0333,pasture,0.8299,0.167,31.1385,0.1161,21431.914,intense loss,0.1156,False,-0.0456,False,False,False,False,False,20-50%,False,Rio Caracol,Muito Alta,Muito Alta,fomento ao uso sustentavel,MS
29,70178.6044,65242.9137,39228.671,0.9297,0.559,-3.2251,-1.4524,-4.6674,0.3264,3.6079,0.5167,0.7839,-27353.6305,-38.9772,-3.0671,3.1436,0.0765,0.0,soybean,0.5434,0.3999,0.0,0.0,39119.4094,very intense loss,1.2251,False,-3.215,True,True,False,False,False,50-80%,False,Nascente Uruçui,Extremamente Alta,Extremamente Alta,Criacao UCUS,PI
290,117143.2649,34682.0365,27258.3638,0.2961,0.2326,-1.6083,-1.641,-1.6139,0.0934,0.2817,0.0197,0.0528,-7251.1242,-6.19,-1.6579,1.9577,0.3057,0.0077,pasture,0.7974,0.2356,4.6517,0.0134,25438.7375,intense loss,0.3917,False,0.0271,False,False,False,False,False,20-50%,False,Bela Vista,Alta,Muito Alta,recuperacao,MS
291,135978.0633,23808.0675,23520.7897,0.1751,0.173,-0.0159,-0.2812,-0.0524,0.1485,0.556,0.0796,0.7312,-49.1227,-0.0361,-0.0932,0.8893,0.7989,0.0119,mosaic of uses,0.7164,0.0817,4.7188,0.0198,18216.9504,turnover,0.1841,False,0.2289,False,False,False,False,False,<20%,False,Batalha,Alta,Muito Alta,CAR - Boas praticas,SP
292,301172.3104,53797.5915,50606.721,0.1786,0.168,-0.417,-0.5001,-0.4489,0.0696,0.2189,0.026,0.5255,-2916.0973,-0.9682,-0.4724,0.9497,0.4803,0.0456,mosaic of uses,0.5957,0.102,13.2897,0.0247,41269.1457,moderate loss,0.217,False,0.0512,False,False,False,False,False,<20%,False,Rio Jacaré-Pepira,Muito Alta,Extremamente Alta,CAR - Boas praticas,SP
293,37407.2885,7671.9355,6476.0476,0.2051,0.1731,-1.1826,-1.557,-0.8376,0.2154,1.0561,0.1442,0.6182,-1179.4566,-3.153,-1.2072,1.6433,0.4453,0.0026,pasture,0.552,0.184,0.2489,0.0032,5292.3087,intense loss,0.1826,False,0.7194,False,False,False,False,False,<20%,False,Córrego Itá,Alta,Alta,fomento ao uso sustentavel,MS
294,12253.5687,3733.4436,2313.66,0.3047,0.1887,-2.9671,-2.4757,-3.2722,0.4845,1.5545,0.1676,0.4513,-1440.0658,-11.7522,-2.9356,3.1136,0.2015,0.0229,pasture,0.8818,0.3889,0.9121,0.0244,2165.3695,very intense loss,0.9671,False,-0.7965,False,True,False,False,False,<20%,False,Rio Apa,Alta,Alta,fomento ao uso sustentavel,MS
295,52711.4828,13962.1459,13518.0465,0.2649,0.2565,-0.2092,-0.0288,-0.358,0.0624,0.4466,0.0485,0.4572,-379.6651,-0.7203,-0.2352,1.0969,0.8522,0.0022,mosaic of uses,0.4613,0.0989,0.3316,0.0024,10741.9827,moderate loss,0.0092,True,-0.3292,False,False,False,False,False,20-50%,False,Itirapina,Alta,Muito Alta,CAR - Boas praticas,SP
296,240025.5912,39503.1834,39997.8068,0.1646,0.1665,-0.0127,0.4198,0.0561,0.3276,1.2598,0.157,0.5586,-64.9705,-0.0271,0.0458,1.1786,1.2603,0.2517,mosaic of uses,0.5168,0.1086,39.5877,0.1002,28763.2512,turnover,0.1873,False,-0.3637,False,False,False,True,False,<20%,False,Barra Bonita,Muito Alta,Extremamente Alta,CAR - Boas praticas,SP
297,3237.7317,732.0352,877.4479,0.2261,0.2712,1.2338,2.6358,0.7225,0.23,2.3899,0.3423,0.8214,117.4142,3.6264,1.5548,0.8793,2.4168,0.006,pasture,0.4569,0.0598,0.0,0.0,562.8835,net gain,1.0338,False,-1.9134,True,True,True,False,False,20-50%,False,Itapetininga,Extremamente Alta,Muito Alta,CAR - Boas praticas,SP
298,144332.9549,73364.0924,67135.7827,0.5083,0.4651,-0.7045,-0.7218,-0.461,0.0537,0.4279,0.0613,0.8301,-6719.0397,-4.6552,-0.6558,0.8922,0.2367,0.025,forest plantation,0.4815,0.1039,5.2269,0.0071,61903.3438,moderate loss,0.2955,False,0.2609,False,False,False,False,False,20-50%,False,Jaguariaiva,Muito Alta,Alta,Criacao UCPI,PR
299,34693.5904,6723.3968,6635.1975,0.1938,0.1912,-0.1467,-0.1603,-0.0863,0.037,0.1517,0.0152,0.3906,-128.206,-0.3695,-0.1081,0.3745,0.2728,0.0091,mosaic of uses,0.383,0.0296,0.1656,0.0025,5741.2918,stable,0.0533,False,0.074,False,False,False,False,False,<20%,False,Rio Lajeado - MS,Extremamente Alta,Extremamente Alta,Criacao UCPI,MS
3,160334.1638,147740.7383,129791.6631,0.9215,0.8089,-0.8019,-0.8019,-1.0162,0.1713,0.6374,0.0913,0.7301,-15402.3142,-9.6064,-0.9404,1.153,0.2166,0.1593,pasture,0.4954,0.1418,430.2497,0.2912,122909.9757,moderate loss,0.1981,False,-0.2143,False,False,False,False,False,>=80%,False,Rio Parnaiba,Alta,Alta,CAR - Boas praticas,"MA, PI"
30,92702.664,53962.0473,44665.9026,0.5821,0.4819,-1.0269,-1.3071,-1.1443,0.2762,1.014,0.0937,0.3203,-7203.8534,-7.7709,-1.3239,2.1497,0.8269,0.016,pasture,0.7453,0.2375,22.0161,0.0408,38361.585,intense loss,0.0269,True,0.1629,False,False,False,False,False,20-50%,False,Couto de Magalhaes,Muito Alta,Muito Alta,CAR - Boas praticas,TO
300,20697.8554,10668.0971,10407.2832,0.5154,0.5029,-0.1854,-0.0379,-0.1873,0.0838,0.289,0.0296,0.409,-257.0579,-1.242,-0.1854,0.5463,0.3599,0.0039,forest plantation,0.8499,0.065,1.3064,0.0122,8692.6401,turnover,0.0146,True,-0.1494,False,False,False,False,False,50-80%,False,Itararé,Extremamente Alta,Muito Alta,Criacao UCPI,"PR, SP"
31,293139.5095,270563.9519,233388.0882,0.923,0.7962,-0.9961,-0.7644,-1.2555,0.081,0.5919,0.0848,0.7376,-35034.4291,-11.9515,-1.0569,1.3105,0.2536,0.0002,pasture,0.7332,0.1606,0.6187,0.0002,225495.8792,moderate loss,0.0039,True,-0.4911,False,False,False,False,False,50-80%,False,Recursolândia,Muito Alta,Alta,CAR - Boas praticas,TO
32,158561.148,122537.0455,103535.4482,0.7728,0.6519,-1.0302,-1.4975,-0.7934,0.1329,0.9044,0.1295,0.7578,-16411.1731,-10.3501,-1.2093,1.5658,0.3781,0.0691,pasture,0.6606,0.1837,234.9873,0.1918,96748.2255,intense loss,0.0302,True,0.7041,False,False,False,False,False,50-80%,False,Caseara,Muito Alta,Muito Alta,CAR - Boas praticas,"TO, PA"
33,95680.3119,92628.0062,85063.1068,0.9681,0.889,-0.3844,-0.088,-1.1256,0.1753,1.5342,0.2197,0.8605,-4629.356,-4.8384,-0.6288,0.8141,0.1856,0.0012,pasture,0.5126,0.0968,1.0605,0.0011,81739.1557,moderate loss,0.1844,True,-1.0377,True,True,False,False,False,>=80%,False,Entorno PN Serra das Confusões I,Alta,Alta,CAR - Boas praticas,PI
34,573571.3456,424773.1047,323882.1411,0.7406,0.5648,-1.8137,-1.7313,-1.922,0.06,0.3027,0.0201,0.0,-100155.4661,-17.4617,-1.8256,2.3296,0.5037,0.004,pasture,0.7632,0.2774,78.4774,0.0185,290256.3427,intense loss,0.1863,False,-0.1907,False,False,False,False,False,50-80%,False,Rio Lajeado - TO,Alta,Muito Alta,CAR - Boas praticas,TO
35,113437.8531,108215.8726,83572.8264,0.954,0.7367,-1.5089,-1.6275,-1.4806,0.3879,1.2211,0.1078,0.2792,-21226.7607,-18.7122,-1.7517,1.8167,0.0649,0.0001,soybean,0.4448,0.2323,0.0883,0.0001,82790.4979,intense loss,0.4911,False,0.1469,False,False,False,False,False,50-80%,False,Serra do Quilombo,Extremamente Alta,Extremamente Alta,Criacao UC,PI
36,732947.8478,702369.7392,629127.412,0.9583,0.8582,-0.5365,-0.2775,-1.1437,0.2275,1.4707,0.2106,0.8582,-48988.7615,-6.6838,-0.8036,0.9484,0.1447,0.0066,pasture,0.5234,0.1162,9.9715,0.0014,617189.5708,moderate loss,0.3365,False,-0.8662,True,True,False,False,False,>=80%,False,Lizarda,Extremamente Alta,Extremamente Alta,Criacao UC,TO
37,207437.7742,186430.3685,157281.7105,0.8987,0.7585,-1.0254,-0.5383,-1.8604,0.19,1.7468,0.2502,0.8673,-24852.4467,-11.9807,-1.1997,1.3914,0.1913,0.019,pasture,0.6116,0.1714,96.1308,0.0516,152640.3961,intense loss,0.0254,True,-1.3222,True,True,False,False,False,50-80%,False,Entorno TI Xerente,Extremamente Alta,Extremamente Alta,CAR - Boas praticas,TO
38,102164.066,88890.2026,65189.2549,0.8701,0.6379,-1.9908,-1.6706,-2.3987,0.1828,1.0549,0.1511,0.7546,-23005.0836,-22.5178,-2.0535,2.2905,0.237,0.0061,pasture,0.5362,0.286,5.4742,0.0062,62553.4902,intense loss,0.0092,True,-0.7282,True,True,False,False,False,50-80%,False,Rio do Sono,Alta,Muito Alta,fomento ao uso sustentavel,TO
39,391069.7081,351157.1124,323095.4427,0.8979,0.8259,-0.5824,-0.2842,-0.8688,0.1236,0.722,0.1034,0.747,-26588.8254,-6.799,-0.6174,0.7751,0.1585,0.0137,pasture,0.3906,0.091,32.1816,0.0092,315319.6178,moderate loss,0.3824,False,-0.5846,True,True,False,False,False,>=80%,False,Rio Uruçui-Vermelho,Muito Alta,Extremamente Alta,Criacao UC,PI
4,32519.4951,31765.0442,30049.7555,0.9768,0.9378,-0.2348,-0.1646,-0.4506,0.0427,0.4318,0.0618,0.8387,-969.6021,-2.9816,-0.2997,0.3901,0.0929,0.6106,pasture,0.5536,0.0461,260.5427,0.8202,27919.7109,moderate loss,0.0348,True,-0.286,False,False,False,True,True,>=80%,False,Lagoas Marginais,Alta,Alta,fomento ao uso sustentavel,PI
40,110283.9663,110164.4589,93168.8081,0.9989,0.8447,-0.0954,-0.0094,-2.2756,0.8229,6.0109,0.8609,0.8212,-1366.3312,-1.2389,-1.1881,1.2002,0.0121,0.0039,mosaic of uses,0.9552,0.1556,3.6172,0.0033,92725.7797,turnover,0.1046,True,-2.2662,True,True,False,False,False,>=80%,False,Entorno PN Nascentes do Parnaíba,Extremamente Alta,Extremamente Alta,Criacao UC,MA
41,335687.826,207131.2396,159151.8197,0.617,0.4746,-1.826,-1.8338,-1.6721,0.0975,0.4676,0.0507,0.4563,-49167.8675,-14.6469,-1.7693,2.4156,0.6377,0.0164,pasture,0.7689,0.2756,219.903,0.1062,139642.7218,intense loss,0.174,False,0.1617,False,False,False,False,False,20-50%,False,Rio do Coco,Muito Alta,Muito Alta,CAR - Boas praticas,TO
42,56495.3591,56458.6684,56300.1295,0.9994,0.9965,-0.0213,-0.0088,-0.0324,0.0022,0.0282,0.004,0.6809,-156.5812,-0.2772,-0.0216,0.028,0.0064,0.0014,pasture,0.781,0.0035,0.0,0.0,56234.8645,stable,0.1787,False,-0.0236,False,False,False,False,False,>=80%,False,Entorno PN Serra das Confusoes II,Alta,Alta,Criacao UC,"PI, BA"
43,68325.0078,59473.5188,54381.3943,0.8705,0.7946,-0.4368,-0.3673,-0.9645,0.2775,1.214,0.1739,0.8278,-3376.7767,-4.9422,-0.6733,1.1521,0.4843,0.0574,pasture,0.6631,0.1349,59.9069,0.1007,60598.4688,moderate loss,0.2368,False,-0.5972,True,True,False,False,False,50-80%,False,Lajeado,Alta,Alta,fomento ao uso sustentavel,TO
44,287780.6441,278077.2597,265733.8744,0.9663,0.9237,-0.2933,-0.3591,-0.3053,0.0655,0.2782,0.0264,0.3426,-10602.2587,-3.6841,-0.3391,0.427,0.0878,0.0543,pasture,0.6997,0.0528,76.422,0.0275,261245.77,moderate loss,0.0933,False,0.0538,False,False,False,False,False,>=80%,False,Luciara,Muito Alta,Muito Alta,compensacao,MT
45,470126.943,452789.2295,394504.897,0.9631,0.8389,-0.8662,-0.6191,-1.3084,0.1887,1.0635,0.1523,0.8196,-50987.9216,-10.8456,-0.9928,1.1063,0.1136,0.0102,pasture,0.5128,0.1381,36.3571,0.008,388698.9688,moderate loss,0.1338,True,-0.6893,True,True,False,False,False,>=80%,False,Rio Sono,Muito Alta,Muito Alta,ordenamento,TO
46,59000.5682,45567.7723,42748.7602,0.7723,0.7123,-0.4877,-0.4749,-0.4666,0.1533,0.6648,0.0441,0.0,-2888.921,-4.8964,-0.6468,0.7053,0.2071,0.3346,pasture,0.8923,0.0792,244.0701,0.5356,40111.7217,moderate loss,0.2877,False,0.0083,False,False,False,True,True,50-80%,False,Rio Araguaia I,Alta,Alta,CAR - Boas praticas,MT
47,765808.3754,705072.5134,623933.7438,0.9207,0.8144,-0.7525,-0.4521,-1.2516,0.1668,1.1051,0.1583,0.8453,-68971.6621,-9.0064,-0.8884,1.127,0.2389,0.011,pasture,0.6302,0.1363,55.9965,0.0079,600961.33,moderate loss,0.2475,False,-0.7996,True,True,False,False,False,>=80%,False,Ponte Alta,Muito Alta,Extremamente Alta,Criacao UC,TO
48,195630.8349,173570.3854,144575.2513,0.8872,0.7391,-1.2542,-0.7173,-1.7606,0.0868,1.2119,0.1736,0.7619,-28299.8496,-14.4659,-1.2844,1.5837,0.2989,0.0005,pasture,0.7226,0.1931,6.4186,0.0037,138400.3818,intense loss,0.2542,False,-1.0433,True,True,False,False,False,50-80%,False,Lagoa do Tocantins,Muito Alta,Muito Alta,Criacao UC,TO
49,312683.588,229566.4955,183773.2287,0.7342,0.5873,-1.4807,-1.6311,-1.3374,0.0905,0.4571,0.0545,0.5279,-44189.758,-14.1324,-1.5421,1.9426,0.4123,0.0736,pasture,0.5768,0.2359,323.4015,0.1409,167958.2096,intense loss,0.4807,False,0.2937,False,False,False,False,False,50-80%,False,Ipucas,Muito Alta,Muito Alta,CAR - Boas praticas,TO
5,36889.4214,29312.831,25803.2407,0.7946,0.7052,-0.6101,-0.5298,-0.8224,0.1829,0.9248,0.1113,0.5345,-2324.8555,-6.3022,-0.8427,1.2279,0.3864,0.1386,pasture,0.831,0.1403,195.4622,0.6668,23949.1259,moderate loss,0.3899,False,-0.2926,False,False,False,False,True,50-80%,False,Lagoa do Caju,Alta,Alta,fomento ao uso sustentavel,PI
50,320043.9125,230209.5162,175546.2514,0.7193,0.5487,-1.6944,-1.7815,-1.7399,0.1555,0.5116,0.0442,0.2585,-50707.3729,-15.8439,-1.8229,2.4468,0.6226,0.004,pasture,0.77,0.288,72.7984,0.0316,150556.2509,intense loss,0.3056,False,0.0416,False,False,False,False,False,50-80%,False,Pium,Muito Alta,Extremamente Alta,CAR - Boas praticas,TO
51,80022.2719,79868.1987,79895.5915,0.9981,0.9981,-0.0064,0.018,-0.0153,0.007,0.0457,0.0065,0.792,-66.658,-0.0833,0.0004,0.013,0.0132,0.4037,pasture,0.6033,0.0015,7.4742,0.0094,79523.4005,stable,0.1936,False,-0.0333,False,False,False,True,False,>=80%,False,Entorno ESEC Serra Geral do Tocantins,Alta,Alta,fomento ao uso sustentavel,TO
52,123129.9312,107909.8347,85243.5249,0.8764,0.6923,-1.3134,-0.7192,-1.9474,0.4998,1.8132,0.2597,0.6939,-18425.347,-14.9641,-1.6158,1.6853,0.0696,0.0002,mosaic of uses,0.4275,0.212,0.0,0.0,84934.3489,intense loss,0.3134,False,-1.2281,True,True,False,False,False,50-80%,False,Rio Galhão,Alta,Alta,fomento ao uso sustentavel,"TO, BA"
53,766271.3831,689094.2452,537395.9726,0.8993,0.7013,-1.6624,-1.1449,-2.0847,0.3789,1.408,0.1878,0.6038,-148920.8513,-19.4345,-1.6936,1.7527,0.0592,0.001,soybean,0.5084,0.2253,10.7149,0.0016,528849.9462,intense loss,0.3376,False,-0.9398,True,True,False,False,False,50-80%,False,Rio Sapão,Extremamente Alta,Extremamente Alta,Criacao UCPI,BA
54,381645.3291,357782.0881,352914.0611,0.9375,0.925,-0.1019,-0.1017,-0.1418,0.0253,0.1392,0.0147,0.4372,-4740.4459,-1.2421,-0.1025,0.4102,0.3057,0.0042,pasture,0.6712,0.0468,11.684,0.0033,318598.8238,stable,0.0981,False,-0.0401,False,False,False,False,False,>=80%,False,Buritirama,Alta,Muito Alta,Criacao UCPI,BA
55,261400.5295,175198.0519,145271.765,0.6702,0.5547,-1.0845,-1.5877,-0.8979,0.2051,1.0267,0.1406,0.6203,-24699.2246,-9.4488,-1.3361,2.0567,0.7218,0.0283,pasture,0.7886,0.2373,104.4075,0.0596,123810.6056,intense loss,0.0845,True,0.6898,False,False,False,False,False,50-80%,False,Porto Nacional,Alta,Muito Alta,CAR - Boas praticas,TO
56,1086383.8314,1008943.8531,899071.5754,0.9287,0.8273,-0.6553,-0.4642,-1.1801,0.1376,1.1478,0.1644,0.8516,-85947.7419,-7.9114,-0.8404,1.212,0.3762,0.0183,pasture,0.6162,0.1478,411.9578,0.0408,805515.1072,moderate loss,0.3447,False,-0.716,True,True,False,False,False,>=80%,False,Formosa do Rio Preto,Muito Alta,Extremamente Alta,Criacao UCUS,BA
58,110764.6703,98215.5068,83229.4716,0.8867,0.752,-0.9669,-1.2276,-0.9532,0.289,0.9724,0.1247,0.578,-12345.8143,-11.146,-1.1664,1.5493,0.3818,0.0147,pasture,0.6736,0.1844,102.9335,0.1048,78993.8399,moderate loss,0.0331,True,0.2744,False,False,False,False,False,50-80%,False,Almas,Extremamente Alta,Muito Alta,Criacao UC,TO
59,107935.518,98967.6926,89284.3235,0.9169,0.8275,-0.68,-0.5992,-0.7335,0.0906,0.3235,0.0314,0.364,-8749.195,-8.1059,-0.75,1.0184,0.2669,0.0024,pasture,0.7918,0.1237,13.4956,0.0136,85526.167,moderate loss,0.32,False,-0.1343,False,False,False,False,False,>=80%,False,Rio Bagagem,Extremamente Alta,Extremamente Alta,Criacao UC,TO
6,91536.3424,84075.9622,78967.5634,0.9185,0.8629,-0.425,-0.3813,-0.4669,0.0326,0.1872,0.0174,0.3258,-4645.2262,-5.0747,-0.4657,0.64,0.1742,0.0136,pasture,0.6637,0.0768,15.9586,0.019,77198.802,moderate loss,0.225,False,-0.0856,False,False,False,False,False,>=80%,False,Lagoa Alegre,Alta,Alta,Criacao UCUS,PI
60,526809.9414,470838.3682,429877.2658,0.8938,0.8162,-0.5311,-0.3786,-0.9176,0.1315,0.8633,0.1236,0.8991,-32506.8027,-6.1705,-0.667,0.8657,0.1984,0.0082,pasture,0.5686,0.1038,135.9846,0.0289,415470.2866,moderate loss,0.3311,False,-0.539,True,True,False,False,False,>=80%,False,Aurora do Tocantins,Muito Alta,Alta,CAR - Boas praticas,TO
62,19880.8206,15610.8088,12221.8489,0.7852,0.6151,-1.0792,-2.3975,-1.0275,0.7005,2.7459,0.3933,0.7648,-2190.0329,-11.0158,-1.6638,2.0895,0.4254,0.0046,pasture,0.8683,0.2552,10.9604,0.0702,11395.8198,intense loss,0.0792,True,1.3699,False,False,False,False,False,50-80%,False,Córrego São Felipe,Alta,Muito Alta,CAR - Boas praticas,TO
63,354344.9481,287538.1798,234902.7222,0.8115,0.6632,-1.2293,-1.2093,-1.4611,0.2582,0.8098,0.116,0.6513,-45949.6216,-12.9675,-1.4041,1.7715,0.3663,0.0112,pasture,0.8229,0.2149,144.9682,0.0504,220428.8045,intense loss,0.2293,False,-0.2518,False,False,False,False,False,50-80%,False,Rio São Valério,Alta,Muito Alta,CAR - Boas praticas,TO
64,45935.4954,36685.1337,34353.0253,0.7986,0.7406,-0.4912,-0.4048,-0.9174,0.2617,1.3642,0.1865,0.6191,-2342.6683,-5.0999,-0.5839,1.3978,0.887,0.0794,pasture,0.5076,0.1613,47.3982,0.1292,25291.7075,moderate loss,0.2912,False,-0.5126,False,True,False,False,False,50-80%,False,Rio Sao Francisco 2,Alta,Alta,Criacao UCUS,BA
65,249286.4362,216358.1601,160026.1793,0.8679,0.6418,-2.0603,-1.0601,-2.5512,0.4581,1.8132,0.2597,0.7323,-57948.4095,-23.2457,-2.0049,2.2776,0.2741,0.0106,soybean,0.5909,0.283,69.838,0.0323,143562.726,very intense loss,0.0603,True,-1.4911,True,True,False,False,False,50-80%,False,Rio de Janeiro,Extremamente Alta,Muito Alta,Criacao UCPI,BA
66,157479.4849,152326.601,125901.7111,0.9673,0.7994,-1.1318,-0.8723,-1.6782,0.23,1.3124,0.1769,0.6104,-22411.8469,-14.2316,-1.3351,1.6713,0.337,0.0091,pasture,0.5791,0.2027,23.0337,0.0151,117341.4111,intense loss,0.1318,True,-0.8059,True,True,False,False,False,50-80%,False,Cotegipe,Muito Alta,Muito Alta,Criacao UCPI,BA
67,127411.6031,115375.2917,104156.6743,0.9055,0.8165,-0.7826,-0.4422,-1.063,0.0514,0.7107,0.1018,0.778,-11738.0652,-9.2127,-0.7586,1.0349,0.2841,0.1253,pasture,0.6483,0.1183,151.9822,0.1317,97660.0396,moderate loss,0.2174,False,-0.6208,True,True,False,False,False,>=80%,False,Entorno PE Araguaia,Alta,Alta,Criacao UCPI,MT
68,1249133.6739,1026331.0793,964464.0291,0.8216,0.7709,-0.421,-0.575,-0.2956,0.0628,0.3255,0.035,0.4498,-56176.8486,-4.4973,-0.4789,0.81,0.3366,0.067,pasture,0.8308,0.0897,801.2843,0.0781,908246.7773,moderate loss,0.221,False,0.2794,False,False,False,False,False,50-80%,False,Rio Cristalino,Muito Alta,Muito Alta,recuperacao,"MT, GO, TO"
69,338552.2775,271249.6102,234985.1716,0.8012,0.6932,-0.9076,-0.7089,-1.2015,0.1251,0.6838,0.0911,0.6033,-32004.8405,-9.4534,-1.0414,1.4635,0.4237,0.0456,pasture,0.7681,0.1696,256.3205,0.0945,241759.2863,moderate loss,0.0924,False,-0.4926,False,False,False,False,False,50-80%,False,Rio Tocantins,Alta,Alta,CAR - Boas praticas,"TO, GO"
7,33902.5598,32249.0053,25464.2049,0.9512,0.7512,-1.6252,-0.456,-2.8589,0.2826,3.1247,0.4475,0.7965,-6813.413,-20.097,-1.6173,1.7865,0.1691,0.0016,pasture,0.6939,0.2276,1.6933,0.0053,24227.6627,intense loss,0.3748,True,-2.4029,True,True,False,False,False,50-80%,False,Codó,Alta,Alta,CAR - Boas praticas,MA
70,266500.4847,235161.0151,177165.0096,0.8824,0.6645,-1.6693,-1.5856,-2.1786,0.1928,1.1345,0.1625,0.893,-51033.5736,-19.1495,-1.9011,2.2196,0.318,0.0132,pasture,0.7823,0.2755,73.0784,0.0311,167361.8634,intense loss,0.3307,False,-0.593,True,True,False,False,False,50-80%,False,Rio Ponte Alta,Extremamente Alta,Extremamente Alta,Criacao UC,TO
71,272723.7878,113858.4198,93169.9077,0.4175,0.3415,-1.0473,-1.9525,-0.8454,0.3331,1.4873,0.213,0.8121,-15502.3069,-5.6843,-1.4035,2.2905,0.8893,0.0398,pasture,0.6938,0.2569,210.1216,0.1845,74980.7242,intense loss,0.0473,True,1.1072,False,False,False,False,False,20-50%,False,Rio Santa Tereza,Alta,Muito Alta,CAR - Boas praticas,"TO, GO"
72,186120.7899,142778.3079,110255.0706,0.7671,0.5926,-1.7611,-1.6919,-1.8331,0.1078,0.4605,0.0368,0.1843,-32688.5355,-17.5631,-1.7478,2.2045,0.4555,0.0033,pasture,0.7001,0.2637,11.1008,0.0078,101966.8559,intense loss,0.2389,False,-0.1412,False,False,False,False,False,50-80%,False,Rio Murere,Alta,Alta,recuperacao,MT
73,254190.1486,219540.2374,194375.8425,0.8637,0.7648,-0.7434,-0.4415,-1.2603,0.0997,1.0682,0.153,0.8255,-21215.6184,-8.3464,-0.8809,1.1206,0.2391,0.0014,pasture,0.6151,0.1382,3.9389,0.0018,176242.5944,moderate loss,0.2566,False,-0.8187,True,True,False,False,False,50-80%,False,Cristópolis,Muito Alta,Muito Alta,Criacao UCPI,BA
74,287299.9882,268487.7953,257639.7602,0.9345,0.8968,-0.2663,-0.4278,-0.1474,0.0591,0.3566,0.0511,0.7415,-9294.6031,-3.2352,-0.3106,0.4076,0.097,0.0208,pasture,0.6047,0.0502,71.2822,0.0265,249938.6219,moderate loss,0.0663,False,0.2804,False,False,False,False,False,>=80%,False,Rio Papagaio,Muito Alta,Alta,fomento ao uso sustentavel,MT
75,259539.2684,210212.2753,139371.8273,0.8099,0.5372,-2.2987,-1.0014,-4.0982,0.4789,3.9414,0.5645,0.8425,-62817.5973,-24.2035,-2.5891,2.9307,0.3389,0.0009,mosaic of uses,0.4302,0.3592,15.0335,0.0072,128359.1702,very intense loss,0.2987,True,-3.0968,True,True,False,False,False,50-80%,False,Rio de Ondas,Extremamente Alta,Extremamente Alta,Criacao UCPI,BA
76,95890.4244,74589.7727,70264.033,0.7779,0.7328,-0.2721,-0.8142,-0.2129,0.1426,1.0348,0.1482,0.8265,-2638.0492,-2.7511,-0.4454,0.7533,0.3075,0.0012,pasture,0.8477,0.0912,1.5745,0.0021,61030.249,moderate loss,0.0721,True,0.6013,False,False,False,False,False,50-80%,False,Muquem de São Francisco,Alta,Alta,CAR - Boas praticas,BA
77,105488.1097,64332.5132,55103.9881,0.6099,0.5223,-0.9254,-0.6114,-1.6056,0.2186,1.3863,0.1985,0.8175,-7738.9782,-7.3364,-1.1058,1.9253,0.8192,0.0077,pasture,0.8969,0.2095,12.6704,0.0197,46124.8319,moderate loss,0.0746,True,-0.9941,True,True,False,False,False,50-80%,False,Rio do Fogo,Muito Alta,Extremamente Alta,fomento ao uso sustentavel,TO
78,432273.3139,347312.8178,284613.8211,0.8035,0.6582,-1.1999,-1.2145,-1.3296,0.1539,0.697,0.083,0.5268,-54175.8786,-12.5328,-1.3914,1.876,0.4842,0.0065,pasture,0.891,0.2258,51.5469,0.0148,265161.6632,intense loss,0.1999,False,-0.1151,False,False,False,False,False,50-80%,False,Conceição do Tocantins,Extremamente Alta,Extremamente Alta,Criacao UC,TO
79,373066.4368,328537.5731,258376.7323,0.8806,0.6925,-1.689,-0.7081,-2.5463,0.2085,2.2559,0.3231,0.8488,-72136.702,-19.3362,-1.6433,1.85,0.2071,0.0032,mosaic of uses,0.3728,0.2321,17.6399,0.0054,239847.3873,intense loss,0.311,True,-1.8381,True,True,False,False,False,50-80%,False,São Desidério,Muito Alta,Muito Alta,Criacao UCPI,BA
8,153327.9119,142203.8643,131202.7799,0.9274,0.8555,-0.4919,-0.5397,-0.5188,0.1157,0.3323,0.0302,0.3065,-9094.154,-5.9312,-0.5966,0.8257,0.2289,0.0253,pasture,0.4629,0.0988,41.332,0.0291,126732.2394,moderate loss,0.2919,False,0.0208,False,False,False,False,False,>=80%,False,Teresina Timon I,Alta,Alta,CAR - Boas praticas,"PI, MA"
80,170046.3002,113543.8611,106290.9111,0.6677,0.6224,-0.3926,-1.2745,0.0784,0.1318,1.5807,0.2264,0.8372,-5794.4591,-3.4076,-0.541,1.3686,0.8658,0.0556,pasture,0.8094,0.1618,81.053,0.0714,81573.3848,moderate loss,0.1926,True,1.353,False,False,False,False,False,50-80%,False,Rio Sao Francisco 1,Alta,Alta,Criacao UCUS,BA
82,53220.3047,48821.1607,40955.8419,0.9173,0.7691,-1.2705,-0.5971,-1.7795,0.1618,1.4338,0.2054,0.7645,-8063.5391,-15.1512,-1.2445,1.4503,0.207,0.0146,pasture,0.5229,0.1829,1.9222,0.0039,39073.9727,intense loss,0.2705,False,-1.1824,True,True,False,False,False,50-80%,False,Baianópolis,Muito Alta,Alta,Criacao UCPI,BA
83,811918.0028,743913.6406,664925.9119,0.9162,0.8188,-0.6953,-0.613,-0.7841,0.0846,0.4291,0.0285,0.0,-67238.2595,-8.2814,-0.8185,1.0941,0.2752,0.0113,pasture,0.8862,0.1326,107.0561,0.0144,641309.3479,moderate loss,0.3047,False,-0.1711,False,False,False,False,False,>=80%,False,Serra de Caldas,Extremamente Alta,Extremamente Alta,Criacao UC,"TO, GO"
84,265038.3463,98785.6767,82085.2678,0.3727,0.3101,-1.0763,-1.1079,-1.3271,0.1917,0.8597,0.1087,0.5686,-13821.4584,-5.2149,-1.2754,2.412,1.1229,0.0102,pasture,0.7268,0.2552,63.5031,0.0643,64240.011,intense loss,0.0763,True,-0.2193,False,False,False,False,False,20-50%,False,Araguaaçu,Extremamente Alta,Muito Alta,CAR - Boas praticas,"GO, TO"
85,73617.1439,58922.5351,47675.9569,0.8004,0.6476,-1.5106,-1.0498,-1.9538,0.1578,1.021,0.1462,0.7805,-11571.3481,-15.7183,-1.468,1.8917,0.4236,0.001,pasture,0.8358,0.2222,1.9192,0.0033,44348.8393,intense loss,0.4894,False,-0.904,True,True,False,False,False,50-80%,False,Ribeirao Cascalheira,Muito Alta,Extremamente Alta,recuperacao,MT
86,16131.4176,15556.6623,15478.4133,0.9644,0.9597,-0.0414,0.0041,-0.0324,0.0428,0.0953,0.0117,0.5487,-83.7348,-0.5191,-0.0373,0.1061,0.0688,0.0294,soybean,0.468,0.0089,5.9193,0.0381,15237.1071,stable,0.1586,False,-0.0365,False,False,False,False,False,>=80%,False,Rio Cravari,Muito Alta,Alta,recuperacao,MT
87,705292.3071,449195.6255,404195.5731,0.6369,0.5732,-0.739,-0.7531,-0.7479,0.0585,0.2155,0.0154,0.0743,-43153.1103,-6.1185,-0.7691,1.1232,0.3537,0.0201,pasture,0.4488,0.1276,313.1372,0.0697,383953.4243,moderate loss,0.261,False,0.0052,False,False,False,False,False,50-80%,False,Rio Teles Pires,Extremamente Alta,Extremamente Alta,Criacao UC,MT
88,4872.0468,4553.4168,3835.6723,0.9346,0.7868,-0.1241,0.0096,-2.4749,0.6112,6.5289,0.9351,0.8223,-73.4407,-1.5074,-1.218,1.2685,0.0505,0.0056,mosaic of uses,0.8531,0.1619,0.0869,0.0019,3579.6484,turnover,0.0759,True,-2.4844,True,True,True,False,False,50-80%,False,Rio do Sangue,Muito Alta,Alta,recuperacao,MT
89,747915.0297,664415.028,521089.8769,0.8884,0.6966,-1.6247,-0.849,-2.6014,0.2329,2.2089,0.3164,0.8514,-140328.8998,-18.7627,-1.6612,1.7316,0.0718,0.0008,mosaic of uses,0.3397,0.2209,4.7028,0.0007,509741.8674,intense loss,0.3753,False,-1.7524,True,True,False,False,False,50-80%,False,Correntina,Extremamente Alta,Extremamente Alta,Criacao UCPI,BA
9,216338.2788,212843.7851,157986.0299,0.9838,0.7304,-2.1216,-0.6285,-3.3099,0.3014,3.0606,0.4383,0.8446,-58702.8216,-27.1347,-1.9817,2.1527,0.1709,0.0014,pasture,0.5051,0.2731,10.3243,0.0049,154019.1082,very intense loss,0.1216,True,-2.6814,True,True,False,False,False,50-80%,False,Matões,Alta,Muito Alta,CAR - Boas praticas,MA
90,305096.1764,263855.3642,247225.8075,0.8648,0.8098,-0.4382,-0.434,-0.4081,0.0822,0.3678,0.0244,0.0,-15032.3268,-4.9271,-0.4902,0.8959,0.4064,0.0215,pasture,0.6889,0.0982,54.2268,0.0206,233763.4949,moderate loss,0.2382,False,0.0258,False,False,False,False,False,>=80%,False,Serra da Prata,Muito Alta,Alta,Criacao UC,"GO, TO"
91,94611.3347,68295.4735,63733.3866,0.7219,0.6735,-0.4821,-0.4749,-0.5664,0.1039,0.3415,0.0295,0.2599,-4280.5263,-4.5243,-0.5159,1.0464,0.5297,0.0078,pasture,0.7092,0.1141,6.5272,0.0096,58103.7641,moderate loss,0.2821,False,-0.0915,False,False,False,False,False,50-80%,False,São Domingos,Alta,Alta,corredor_mosaico,"GO, BA"
92,36484.5794,35703.5452,35050.5611,0.9786,0.9607,-0.1355,-0.095,-0.2005,0.023,0.155,0.0222,0.7586,-628.9292,-1.7238,-0.1407,0.219,0.0783,0.0,pasture,0.7897,0.0262,0.0,0.0,34168.0996,stable,0.0645,False,-0.1055,False,False,False,False,False,>=80%,False,Rio Mutum,Muito Alta,Alta,Criacao UCPI,BA
94,26869.5153,21482.6488,20267.7256,0.7995,0.7542,-0.3834,-0.0459,-0.8959,0.1392,1.0849,0.1554,0.7677,-1070.8343,-3.9853,-0.4357,1.0136,0.5784,0.0048,pasture,0.7911,0.1182,0.6095,0.0028,14990.1425,moderate loss,0.1834,False,-0.8501,True,True,False,False,False,50-80%,False,Santa Maria da Vitória,Alta,Alta,CAR - Boas praticas,BA
95,388242.7291,308189.963,287203.1849,0.7938,0.7397,-0.3614,-0.3175,-0.5121,0.1347,0.6161,0.085,0.6251,-14478.747,-3.7293,-0.524,0.9387,0.4148,0.0019,pasture,0.605,0.1023,11.4637,0.0037,266840.1114,moderate loss,0.1614,False,-0.1946,False,False,False,False,False,50-80%,False,Rio Ronuro,Muito Alta,Alta,Criacao UC,MT
96,88181.9444,26545.9379,25667.3381,0.301,0.2912,-0.0979,-0.0979,-0.2226,0.1479,0.5122,0.0505,0.377,-337.9431,-0.3832,-0.2464,1.1597,0.9108,0.0198,pasture,0.4586,0.1184,29.2896,0.1103,21797.9535,turnover,0.1021,False,-0.1247,False,False,False,False,False,20-50%,False,Rio Sete de Setembro,Muito Alta,Extremamente Alta,recuperacao,MT
97,508212.8141,363389.4166,337333.2854,0.715,0.6638,-0.529,-0.5252,-0.4769,0.1037,0.2851,0.0247,0.2617,-24989.1635,-4.9171,-0.5512,0.8863,0.3351,0.0181,pasture,0.4996,0.0999,129.0402,0.0355,317562.3879,moderate loss,0.329,False,0.0483,False,False,False,False,False,50-80%,False,Rio Arinos,Muito Alta,Muito Alta,recuperacao,MT
98,71917.2105,63737.2383,56388.4772,0.8863,0.7874,-0.8857,-0.9133,-0.8775,0.1481,0.4439,0.0364,0.2082,-7339.0702,-10.2049,-0.8505,1.0109,0.1458,0.025,pasture,0.4175,0.1259,20.9634,0.0329,52112.6295,moderate loss,0.1143,False,0.0358,False,False,False,False,False,50-80%,False,Rio Claro,Muito Alta,Alta,Criacao UC,MT
99,98089.6228,77561.6932,71028.4438,0.7907,0.7242,-0.6654,-0.9967,-0.3408,0.062,0.8039,0.1151,0.8173,-6708.9186,-6.8396,-0.6463,1.0756,0.4293,0.034,pasture,0.9034,0.1232,18.1445,0.0234,65078.1663,moderate loss,0.3346,False,0.6559,False,False,False,False,False,50-80%,False,Entorno TI Areões I,Muito Alta,Alta,recuperacao,MT
AMZ_CerraPant001,79324.3028,41876.5913,39699.4333,0.5279,0.5,-0.4377,-0.3012,-0.5189,0.1535,0.5132,0.0559,0.4587,-2382.6127,-3.0036,-0.4122,0.8175,0.3934,0.5769,pasture,0.8742,0.0883,133.4127,0.3186,37795.9248,moderate loss,0.2377,False,-0.2177,False,False,False,True,False,50-80%,True,,Muito Alta,Alta,Recuperacao;Recuperação de áreas degradadas,MT
AMZ_CerraPant002,16950.8543,13776.9974,13279.5915,0.8128,0.7833,-0.1757,0.0006,-0.4823,0.192,0.989,0.1417,0.6585,-314.7381,-1.8568,-0.2796,0.4221,0.1418,0.0301,mosaic of uses,0.713,0.0458,2.4446,0.0177,12815.5393,stable,0.0243,True,-0.4829,False,False,False,False,False,50-80%,True,,Extremamente Alta,Extremamente Alta,Recuperacao;Recuperação de áreas degradadas,MT
AMZ_CerraPant004,36002.3734,33742.2206,27880.2852,0.9372,0.7744,-1.3402,-0.5567,-2.1716,0.1022,1.8434,0.264,0.8314,-5878.9617,-16.3294,-1.3364,1.3876,0.0512,0.0002,pasture,0.7154,0.1781,0.0,0.0,27152.2685,intense loss,0.3402,False,-1.6149,True,True,False,False,False,50-80%,True,,Extremamente Alta,Extremamente Alta,Criacao UC ;Fortalecimento das cadeias de valor dos produtos da sociobiodiversidade,MT
AMZ_CerraPant005,17336.1949,16987.6787,15173.4462,0.9799,0.8752,-0.6825,-0.304,-0.9567,0.2094,1.183,0.0784,0.0,-1507.1984,-8.6939,-0.822,0.8669,0.0449,0.0011,mosaic of uses,0.528,0.112,0.434,0.0026,14853.5209,moderate loss,0.3175,False,-0.6527,True,True,False,False,False,>=80%,True,,Extremamente Alta,Extremamente Alta,Criacao UC PI;Fortalecimento das cadeias de valor dos produtos da sociobiodiversidade,MT
AMZ_CerraPant008,10588.5877,8399.635,5271.4464,0.7933,0.4979,-2.8419,-4.7316,-1.2352,0.2905,3.8127,0.5461,0.8366,-3103.254,-29.3075,-2.8634,3.365,0.5008,0.0011,pasture,0.8003,0.4187,0.969,0.0115,4701.8806,very intense loss,0.8419,False,3.4964,False,False,False,False,False,20-50%,True,,Alta,Alta,Ordenamento territorial;Fiscalização e controle de atividades ilegais,TO
AMZ_CerraPant009,17480.7104,15854.4139,15176.6827,0.907,0.8686,-0.34,-0.4486,-0.2144,0.0329,0.2992,0.0407,0.6163,-700.7338,-4.0086,-0.3234,0.4127,0.0842,0.0227,pasture,0.4265,0.0495,1.5625,0.0099,14670.4325,moderate loss,0.14,False,0.2342,False,False,False,False,False,>=80%,True,,Extremamente Alta,Extremamente Alta,Regularização de atividade degradante;Criacao UC,MT
AMZ_CerraPant010,15490.3075,15291.1584,14918.5954,0.9871,0.963,-0.1501,-0.0985,-0.2684,0.0788,0.3077,0.0441,0.7323,-298.3302,-1.9259,-0.1879,0.208,0.0197,0.0099,pasture,0.5413,0.0257,0.0869,0.0006,14791.5247,stable,0.0499,False,-0.1699,False,False,False,False,False,>=80%,True,,Muito Alta,Alta,Regularização ambiental;Regularização de atividade degradante,MT
AMZ_CerraPant011,51772.2614,22141.8386,19927.6534,0.4277,0.3851,-0.8615,-0.368,-0.6502,0.2197,1.1905,0.1571,0.597,-2479.9145,-4.79,-0.7613,1.3408,0.5776,0.0159,pasture,0.583,0.137,17.7499,0.0802,18389.3065,moderate loss,0.1385,True,-0.2822,False,False,False,False,False,20-50%,True,,Alta,Muito Alta,Fomento ao uso sustentável;Regularização de atividade degradante,MT
AMZ_CerraPant012,38935.2908,17363.4382,17408.5252,0.446,0.4473,0.0401,0.1163,-0.1497,0.083,0.4649,0.0666,0.7937,90.5065,0.2325,0.0257,0.3037,0.3283,0.0327,soybean,0.4104,0.0239,2.1752,0.0125,15790.7938,stable,0.1599,False,-0.2659,False,False,False,False,False,20-50%,True,,Extremamente Alta,Extremamente Alta,Regularização ambiental;Regularização de atividade degradante,MT
AMZ_CerraPant013,17464.1346,17208.0606,16666.8294,0.9853,0.9544,-0.2695,-0.0733,-0.0538,0.1485,0.621,0.0613,0.3784,-602.7798,-3.4515,-0.2417,0.2881,0.0464,0.0054,pasture,0.7322,0.0352,0.0871,0.0005,16427.784,moderate loss,0.0695,False,0.0195,False,False,False,False,False,>=80%,True,,Extremamente Alta,Extremamente Alta,Recuperação;Regularização de atividade degradante,MT
AMZ_CerraPant014,23050.7298,20639.8026,15745.9099,0.8954,0.6833,-2.0308,-0.7671,-1.1893,0.9489,2.9115,0.417,0.6723,-5449.0339,-23.6393,-1.821,2.0509,0.2299,0.0053,pasture,0.8223,0.253,2.2818,0.0111,15164.9474,very intense loss,0.0308,True,-0.4222,False,False,False,False,False,50-80%,True,,Extremamente Alta,Extremamente Alta,Regularização de atividade degradante;Fomento ao uso sustentável,MT
AMZ_CerraPant015,21223.7865,20714.0896,20096.4137,0.976,0.9478,-0.1863,-0.377,-0.0197,0.0687,0.4381,0.0627,0.7034,-501.7724,-2.3642,-0.222,0.2943,0.0724,0.1659,pasture,0.8358,0.0361,13.0824,0.0632,19849.3846,stable,0.0137,True,0.3573,False,False,False,False,False,>=80%,True,,Extremamente Alta,Extremamente Alta,Regularização de atividade degradante;Fomento ao uso sustentável,MT
AMZ_CerraPant016,6106.3774,4248.1088,4285.6838,0.6957,0.7013,0.1446,0.0808,0.0095,0.1582,0.5372,0.0769,0.6856,79.8582,1.3078,0.0598,0.2848,0.3431,0.1841,pasture,0.7597,0.0181,0.44,0.0104,3908.5753,stable,0.0554,True,-0.0713,False,False,False,False,False,50-80%,True,,Muito Alta,Muito Alta,Fomento ao uso sustentável;Regularização de atividade degradante,MT
AMZ_CerraPant017,27051.0942,24444.3098,19672.4611,0.9036,0.7272,-1.155,-1.4215,-0.7653,0.3751,1.4675,0.0973,0.0,-3670.2846,-13.568,-1.5014,1.6441,0.1427,0.0007,pasture,0.5252,0.2103,0.3509,0.0014,19181.459,intense loss,0.155,False,0.6561,False,False,False,False,False,50-80%,True,,Extremamente Alta,Extremamente Alta,Fiscalização e controle de atividades ilegais;Fomento ao uso sustentável,MT
AMZ_CerraPant018,1878.3847,1481.1018,1103.9383,0.7885,0.588,-1.4404,-1.1085,-2.1599,0.3522,2.437,0.3439,0.6384,-277.3425,-14.7649,-1.9538,2.2593,0.3055,0.0421,pasture,0.959,0.2737,1.2291,0.083,1039.2321,intense loss,0.4404,False,-1.0514,True,True,True,False,False,50-80%,True,,Alta,Alta,Fiscalização e controle de atividades ilegais;Fomento ao uso sustentável,MT
AMZ_CerraPant019,62092.8348,50914.2636,46349.6783,0.82,0.7505,-0.7049,-0.6102,-0.7576,0.1516,0.5227,0.0458,0.2715,-4665.6203,-7.5139,-0.6341,0.8234,0.1902,0.6681,pasture,0.8535,0.0914,10.2985,0.0202,42412.8119,moderate loss,0.2951,False,-0.1474,False,False,False,True,False,50-80%,True,,Alta,Alta,"Criacao de mosaico, corredor; Gestão integrada e participativa de áreas protegidas, corredores ecológicos e territórios de povos e comunidades tradicionais",MT
AMZ_CerraPant020,23960.8126,20249.1591,17410.157,0.8451,0.7276,-1.3201,-1.0816,-1.1199,0.3905,1.2834,0.1462,0.494,-3474.9078,-14.5025,-1.0664,1.4728,0.406,0.019,pasture,0.5726,0.1742,17.8241,0.088,16100.2195,intense loss,0.3201,False,-0.0382,False,False,False,False,False,50-80%,True,,Alta,Alta,Fiscalização e controle de atividades ilegais;Fomento ao uso sustentável,MT
AMZ_CerraPant022,888.9447,821.9752,867.3761,0.9247,0.9757,0.2494,0.3809,0.174,0.2665,0.9633,0.0894,0.3243,26.6494,2.9979,0.4249,0.197,0.6218,0.0,other crops,0.7727,0.0135,0.0,0.0,648.999,stable,0.0494,True,-0.2069,False,False,True,False,False,>=80%,True,,Muito Alta,Alta,Fiscalização e controle de atividades ilegais;Fomento ao uso sustentável,MT
AMZ_CerraPant023,111770.9941,84265.6986,79188.7027,0.7539,0.7084,-0.4805,-0.2304,-0.6514,0.1277,0.6796,0.0926,0.6169,-5263.7093,-4.7094,-0.4645,1.1027,0.6383,0.0154,pasture,0.5969,0.1169,35.0126,0.0416,70649.1061,moderate loss,0.2805,False,-0.4211,False,False,False,False,False,50-80%,True,,Muito Alta,Alta,Fiscalização e controle de atividades ilegais;Fomento ao uso sustentável,MT
AMZ_CerraPant024,30947.9121,16557.044,14022.3485,0.535,0.4531,-1.3535,-0.7374,-1.7588,0.3359,1.5499,0.222,0.7073,-2913.2144,-9.4133,-1.1772,1.4277,0.2517,0.0063,pasture,0.7792,0.1624,0.4382,0.0026,13629.6641,intense loss,0.3535,False,-1.0214,True,True,False,False,False,20-50%,True,,Extremamente Alta,Extremamente Alta,"Implementacao CAR, boas praticas;Fiscalização e controle de atividades ilegais",MT
AMZ_CerraPant025,17054.669,13713.9958,8163.468,0.8041,0.4787,-3.5028,-2.5036,-4.0339,0.6041,2.2378,0.3205,0.6888,-6244.8861,-36.6169,-3.1119,3.5241,0.4111,0.0009,pasture,0.907,0.442,1.1337,0.0083,6932.6121,very intense loss,1.5028,False,-1.5303,True,True,False,False,False,20-50%,True,,Extremamente Alta,Extremamente Alta,Monitoramento e Manejo;Recuperação,MT
AMZ_CerraPant026,46503.8361,33689.5907,29727.4651,0.7244,0.6395,-0.8829,-1.0934,-0.6958,0.0727,0.4645,0.0574,0.5527,-3866.5992,-8.3146,-0.9003,1.2217,0.3199,0.0137,pasture,0.7269,0.1401,6.3725,0.0189,28139.1616,moderate loss,0.1171,False,0.3975,False,False,False,False,False,50-80%,True,,Extremamente Alta,Extremamente Alta,Monitoramento e Manejo;Fomento ao uso sustentável,MT
AMZ_CerraPant027,19211.9219,16734.2329,15302.7493,0.871,0.7965,-0.7281,-0.1555,-1.1607,0.181,1.2434,0.1781,0.7809,-1584.0116,-8.2449,-0.6583,0.8019,0.1439,0.0046,pasture,0.7927,0.0976,0.6108,0.0037,14641.9228,moderate loss,0.2719,False,-1.0052,True,True,False,False,False,50-80%,True,,Extremamente Alta,Extremamente Alta,Monitoramento e Manejo;Recuperação,MT
AMZ_CerraPant028,16354.5035,16354.5035,16279.1376,1.0,0.9972,-0.0037,-0.0143,0.0015,0.0141,0.0638,0.0043,0.0071,-7.8515,-0.048,-0.0212,0.0264,0.0052,0.8163,pasture,0.8755,0.0031,24.5078,0.1499,16125.9458,stable,0.1963,False,0.0158,False,False,False,True,False,>=80%,True,,Muito Alta,Muito Alta,Monitoramento e Manejo;Fomento ao uso sustentável,MT
AMZ_CerraPant029,53257.01,45699.1786,44728.9061,0.8581,0.8399,-0.1732,-0.0647,-0.1364,0.0516,0.2363,0.032,0.6137,-1029.0333,-1.9322,-0.163,0.2828,0.1197,0.0084,pasture,0.7149,0.0297,3.1268,0.0068,44121.2492,stable,0.0268,True,-0.0717,False,False,False,False,False,>=80%,True,,Muito Alta,Alta,Fomento ao uso sustentável;Criação de UC de Uso Sustentável,MT
AMZ_CerraPant030,34076.9884,28048.8455,24810.6349,0.8231,0.7286,-0.8026,-0.7035,-1.1138,0.2681,1.0177,0.1129,0.474,-2926.414,-8.5877,-0.8816,1.3913,0.5097,0.0209,pasture,0.6654,0.1531,16.6936,0.0595,22904.7468,moderate loss,0.1974,False,-0.4102,False,False,False,False,False,50-80%,True,,Alta,Muito Alta,Fomento ao uso sustentável;Criação de UC de Uso Sustentável,MT
AMZ_CerraPant031,56650.7135,50135.6893,43780.2091,0.885,0.7728,-0.9751,-0.7422,-1.1529,0.1425,0.5848,0.0837,0.6468,-6355.0481,-11.2179,-0.9751,1.0994,0.1243,0.0001,pasture,0.69,0.1384,0.3457,0.0007,41811.6199,moderate loss,0.0249,True,-0.4107,False,False,False,False,False,50-80%,True,,Extremamente Alta,Extremamente Alta,Criacao UC ;Recuperaçao de áreas degradadas,MT
AMZ_CerraPant032,30647.4156,12640.4611,11952.4461,0.4124,0.3902,-0.3284,-0.1327,-0.4494,0.1355,0.6161,0.0551,0.2902,-539.7227,-1.7611,-0.408,1.2492,0.8355,0.0308,pasture,0.4234,0.1188,19.9217,0.1576,10687.6861,moderate loss,0.1284,False,-0.3168,False,False,False,False,False,20-50%,True,,Extremamente Alta,Extremamente Alta,"Fomento ao uso sustentável;Gestão integrada e participativa de áreas protegidas, corredores ecológicos e territórios de povos e comunidades tradicionais",MT
AMZ_CerraPant033,36660.3969,23386.6567,18455.3991,0.6379,0.5036,-1.5291,-1.5428,-1.7305,0.1881,0.907,0.0873,0.3568,-4648.7973,-12.6807,-1.6172,2.2604,0.6417,0.0258,pasture,0.6663,0.2595,9.9013,0.0423,16598.9864,intense loss,0.4709,False,-0.1877,False,False,False,False,False,50-80%,True,,Muito Alta,Muito Alta,Ordenamento territorial;Criação de instrumentos de governança,TO
AMZ_CerraPant034,121026.7055,59658.2948,43458.2904,0.4929,0.3592,-1.874,-2.0859,-1.9256,0.2095,0.7627,0.0758,0.384,-14533.7713,-12.0087,-2.0843,3.1336,1.0469,0.0047,pasture,0.8367,0.3516,7.0726,0.0119,33447.2585,intense loss,0.126,False,0.1603,False,False,False,False,False,20-50%,True,,Extremamente Alta,Extremamente Alta,"Ordenamento territorial; Criação de instrumentos de governança (de bacias, reserva da biosfera, sítios Ramsar, etc.)",TO
AMZ_CerraPant035,14237.956,10915.7255,8026.9179,0.7667,0.5639,-2.1137,-1.9806,-2.0628,0.1843,0.746,0.0637,0.2484,-2999.3832,-21.0661,-2.0332,2.6376,0.6042,0.0048,pasture,0.6798,0.3178,1.9462,0.0178,7037.5572,very intense loss,0.1137,False,-0.0822,False,False,False,False,False,50-80%,True,,Extremamente Alta,Extremamente Alta,Ordenamento territorial; Recuperação de áreas degradadas,TO
AMZ_CerraPant036,23448.0166,15596.5592,10836.3174,0.6652,0.4622,-2.1944,-1.8871,-2.4373,0.3247,1.3587,0.1499,0.4696,-4449.1633,-18.9746,-2.3476,2.8853,0.5376,0.0,pasture,0.9409,0.345,0.0,0.0,9472.1847,very intense loss,0.1944,False,-0.5502,False,True,False,False,False,20-50%,True,,Extremamente Alta,Extremamente Alta,criação de UC,TO
AMZ_CerraPant037,45262.5381,27714.1554,26729.7871,0.6123,0.5933,-0.1858,-0.3062,-0.096,0.1077,0.5229,0.041,0.1666,-669.535,-1.4792,-0.2154,0.6961,0.4772,0.2093,pasture,0.8658,0.0733,43.8845,0.1583,25020.8576,turnover,0.0142,True,0.2102,False,False,False,True,False,50-80%,True,,Muito Alta,Muito Alta,Fomento ao uso sustentável ;Recuperação de áreas degradadas,MT
AMZ_CerraPant038,88021.4159,20368.9356,18053.4868,0.2314,0.2052,-0.9612,-0.6483,-1.6354,0.4244,1.988,0.2537,0.5749,-2545.1712,-2.8915,-0.8616,2.2179,1.3481,0.0034,pasture,0.7864,0.2244,1.0651,0.0052,9188.9017,moderate loss,0.0388,True,-0.987,True,True,False,False,False,20-50%,True,,Extremamente Alta,Extremamente Alta,"Implementacao CAR, boas praticas;Recuperação de áreas degradadas",TO
AMZ_CerraPant039,87217.7071,38190.4326,34740.6416,0.4379,0.3986,-1.1207,0.604,-2.0614,0.6571,3.5486,0.5082,0.8059,-5563.8989,-6.3793,-0.6834,1.873,1.1859,0.0058,pasture,0.6081,0.1751,13.9373,0.0365,24856.3186,intense loss,0.1207,True,-2.6654,True,True,False,False,False,20-50%,True,,Extremamente Alta,Extremamente Alta,"Criação de UC sem categoria definida; Implementacao CAR, boas praticas",TO
AMZ_CerraPant041,78198.1177,57576.8211,50213.1687,0.7363,0.6422,-0.6838,-0.3836,-1.4888,0.371,1.8215,0.2609,0.829,-5118.0878,-6.545,-0.983,1.4039,0.4205,0.0014,pasture,0.7979,0.1572,1.1493,0.002,46704.0266,moderate loss,0.3162,False,-1.1051,True,True,False,False,False,50-80%,True,,Extremamente Alta,Extremamente Alta,Ordenamento territorial; Criação de UC sem categoria definida,TO
AMZ_CerraPant042,189247.301,127301.7392,98025.4445,0.6727,0.518,-1.5144,-1.0038,-2.2918,0.2617,1.8707,0.2679,0.7752,-25062.106,-13.243,-1.7685,2.3264,0.5576,0.0005,pasture,0.7548,0.2698,3.0924,0.0024,88899.0029,intense loss,0.4856,False,-1.288,True,True,False,False,False,50-80%,True,,Extremamente Alta,Extremamente Alta,"Ordenamento territorial;Criação de instrumentos de governança (de bacias, reserva da biosfera, sítios Ramsar, etc.)",TO
AMZ_CerraPant043,2147.4882,2100.2487,2104.8236,0.978,0.9801,0.0796,-0.3853,0.3201,0.102,0.9221,0.1321,0.7992,21.7288,1.0118,0.0168,0.1824,0.1991,0.0,pasture,0.7615,0.0232,0.0,0.0,1993.1009,stable,0.1204,True,0.7054,False,False,True,False,False,>=80%,True,,Extremamente Alta,Extremamente Alta,Fomento ao uso sustentável;Fiscalização e controle de atividades ilegais,MT
AMZ_CerraPant044,20829.8256,17478.4058,13789.4672,0.8391,0.6615,-1.9041,-1.1087,-2.5778,0.506,2.3047,0.3301,0.7117,-4326.5937,-20.7711,-1.6299,1.8716,0.2413,0.03,pasture,0.7493,0.2343,2.64,0.0151,12847.049,intense loss,0.0959,True,-1.4691,True,True,False,False,False,50-80%,True,,Extremamente Alta,Extremamente Alta,Fomento ao uso sustentável;Fiscalização e controle de atividades ilegais,MT
AMZ_CerraPant045,23254.7613,17857.4091,11208.9744,0.7679,0.482,-3.1647,-1.8021,-3.3969,0.844,3.4174,0.3819,0.4792,-7346.6262,-31.5919,-2.8637,3.5571,0.693,0.0002,pasture,0.4813,0.4275,0.2668,0.0015,9802.1926,very intense loss,1.1647,False,-1.5949,False,True,False,False,False,20-50%,True,,Extremamente Alta,Extremamente Alta,Reconhecimento de áreas conservadas por comunidades tradicionais; criação de UC,TO
AMZ_CerraPant046,70691.6228,55502.9538,49743.8939,0.7851,0.7043,-0.7043,-1.3735,-0.4046,0.2235,1.2931,0.1852,0.7997,-5082.0755,-7.1891,-0.7896,0.8876,0.0949,0.0203,soybean,0.5269,0.1101,78.5903,0.1416,48770.3392,moderate loss,0.2957,False,0.9689,False,False,False,False,False,50-80%,True,,Muito Alta,Muito Alta,"Regularização ambiental;Gestão integrada e participativa de áreas protegidas, corredores ecológicos e territórios de povos e comunidades tradicionais",MT
CAA_CerraPa001,10342.1067,10170.0334,9538.3394,0.9834,0.9245,-0.3028,-0.0634,-0.804,0.153,1.228,0.1759,0.8265,-400.2793,-3.8704,-0.4587,0.513,0.0528,0.3038,mosaic of uses,0.6335,0.0656,46.8567,0.4607,9316.7324,moderate loss,0.1028,True,-0.7406,True,True,False,True,False,>=80%,True,,Extremamente Alta,Muito Alta,Criação de UC de Uso Sustentável;Fomento ao uso sustentável,PI
CAA_CerraPa002,3329.2443,3325.8612,3321.5878,0.999,0.9977,-0.0058,-0.0381,0.0033,0.0078,0.0558,0.0076,0.6201,-2.5077,-0.0753,-0.0099,0.0247,0.0148,0.0,other non-vegetated,0.7593,0.0029,0.0,0.0,3309.4804,stable,0.1942,False,0.0414,False,False,True,False,False,>=80%,True,,Muito Alta,Alta,Ordenamento territorial;Criação de UC de categoria indefinida,MA
CAA_CerraPa003,46314.1258,46106.1653,46023.1743,0.9955,0.9937,-0.0066,0.0101,-0.0202,0.0061,0.0405,0.0058,0.687,-39.7469,-0.0858,-0.0138,0.0344,0.0206,0.0,pasture,0.8281,0.0036,0.0,0.0,45895.5608,stable,0.1934,False,-0.0303,False,False,False,False,False,>=80%,True,,Extremamente Alta,Alta,"Criacao UC;Criação de UC de categoria indefinida
",PI
CAA_CerraPa004,7737.7374,4383.7767,4350.4443,0.5665,0.5622,-0.1653,0.059,-0.4524,0.2637,0.8308,0.0855,0.4137,-94.2206,-1.2177,-0.0602,1.045,0.9844,0.0015,pasture,0.9661,0.1171,0.0,0.0,3105.0689,turnover,0.0347,True,-0.5113,False,True,False,False,False,50-80%,True,,Extremamente Alta,Extremamente Alta,"Fomento a atividades sustentaveis;Recuperação de Áreas Degradadas
",MG
CAA_CerraPa005,13689.3784,13334.91,12008.9773,0.9741,0.8773,-0.6226,-0.2311,-1.1553,0.1081,1.2443,0.1782,0.7733,-1079.3491,-7.8846,-0.7648,0.8682,0.1034,0.0041,pasture,0.5382,0.107,0.3563,0.0027,11860.5638,moderate loss,0.3774,False,-0.9241,True,True,False,False,False,>=80%,True,,Extremamente Alta,Alta,"Ordenamento territorial;Criação de UC de Uso Sustentável
",PI
CAA_CerraPa006,7413.8812,7302.3137,6746.4167,0.985,0.9485,-0.176,-0.0972,-0.3234,0.0659,0.4598,0.0605,0.5953,-167.0839,-2.2537,-0.2685,0.3265,0.048,0.8565,mosaic of uses,0.5031,0.041,111.7487,1.5303,5887.43,stable,0.024,True,-0.2262,False,False,False,True,True,>=80%,True,,Extremamente Alta,Muito Alta,Fomento a atividades sustentaveis;Recuperação de Áreas Degradadas,PI
CAA_CerraPa007,19449.9694,17592.0276,15798.4877,0.9045,0.8111,-1.1271,-1.2029,-0.3686,0.3838,1.8275,0.2617,0.8474,-2577.6453,-13.2527,-0.7987,1.3365,0.5509,0.0122,pasture,0.4894,0.1698,0.8784,0.005,14097.9998,intense loss,0.1271,True,0.8343,False,False,False,False,False,>=80%,True,,Muito Alta,Extremamente Alta,"Implementacao CAR, boas praticas; Criação de UC de Proteção Integral",BA
CAA_CerraPa008,11878.3254,11714.1166,11183.2672,0.9862,0.9416,-0.3351,-0.1866,-0.5355,0.0514,0.4625,0.0662,0.7878,-510.2313,-4.2955,-0.348,0.4197,0.0713,0.0023,pasture,0.8432,0.0506,0.1781,0.0015,11073.7348,moderate loss,0.1351,False,-0.3489,False,False,False,False,False,>=80%,True,,Muito Alta,Alta,"Ordenamento territorial;Criação de UC de categoria indefinida
",PI
CerraPa_MA001,10884.9988,2457.6303,2086.6599,0.2258,0.192,-0.8593,-0.7576,-1.1256,0.2193,1.2953,0.1074,0.22,-274.5472,-2.5223,-1.1149,1.8323,0.7085,0.0788,mosaic of uses,0.651,0.1942,2.2509,0.0916,1757.8864,moderate loss,0.1407,False,-0.368,False,False,False,False,False,<20%,True,,Muito Alta,Muito Alta,Recuperação;Regularização ambiental de imóveis rurais (CAR e PRA) - Adequação,SP
CerraPa_MA002,13845.4867,3463.0516,3411.8277,0.2501,0.2461,-0.0158,-0.6482,0.3513,0.2212,1.2777,0.183,0.8191,-7.0919,-0.0512,-0.1535,1.1285,1.0151,0.0058,mosaic of uses,0.7514,0.1091,0.331,0.0096,2578.1893,turnover,0.1842,False,0.9996,False,False,False,False,False,20-50%,True,,Extremamente Alta,Muito Alta,"Recuperacao APP, RL;Limitação/Regularização de atividades degradantes-- Regularização ambiental de imóveis rurais (CAR e PRA) - Adequação",SP
CerraPa_MA003,9719.4104,1171.4955,1213.4146,0.1205,0.1245,-0.277,1.3336,-0.5932,0.4343,2.5112,0.3597,0.8232,-42.1808,-0.434,0.082,1.9339,2.0529,0.197,mosaic of uses,0.5625,0.1746,1.0744,0.0917,649.6522,moderate loss,0.077,True,-1.9269,True,True,False,False,False,<20%,True,,Extremamente Alta,Extremamente Alta,Recuperacao;Recuperação de áreas degradadas,SP
CerraPa_MA004,44715.6279,36899.9638,34152.0892,0.8252,0.7643,-0.5096,0.2408,-1.3318,0.1276,1.7818,0.2552,0.8557,-2444.7268,-5.4673,-0.5664,1.2308,0.6642,0.0078,pasture,0.5733,0.1297,18.8163,0.051,29993.1446,moderate loss,0.3096,False,-1.5725,True,True,False,False,False,50-80%,True,,Muito Alta,Alta,Criacao UC US;Regularização ambiental de imóveis rurais (CAR e PRA) - Adequação,MG
CerraPa_MA005,12407.9249,2735.8568,2518.8353,0.2205,0.2028,-0.5833,-0.5941,-0.6435,0.136,0.4309,0.0365,0.2395,-207.4491,-1.6719,-0.642,1.1665,0.5395,0.1523,mosaic of uses,0.6119,0.125,2.912,0.1064,2138.9996,moderate loss,0.3833,False,-0.0494,False,False,False,False,False,20-50%,True,,Extremamente Alta,Muito Alta,Recuperacao; Regularização ambiental de imóveis rurais (CAR e PRA) - Adequação,SP
