unit,open_ha,above,below,forest_ha,forest_affected,flag_below50,flag_above20,flag_above50,flag_forest50,variant
1,228192.3371,0.1177,0.6163,218590.3087,0.3551,True,False,False,False,base
10,4965.3312,0.078,0.5612,25738.1435,0.3929,True,False,False,False,base
100,3568.5251,0.0,0.9177,17761.169,0.0063,True,False,False,False,base
101,195344.8147,0.0631,0.6746,35111.9948,0.1265,True,False,False,False,base
102,188999.5917,0.256,0.4307,65810.675,0.4484,False,True,False,False,base
103,6641.6513,0.2955,0.2784,1921.2568,0.1372,False,True,False,False,base
104,45430.6131,0.0004,0.9316,9532.4324,0.1749,True,False,False,False,base
105,24958.9498,0.0004,0.9654,7721.9852,0.1309,True,False,False,False,base
106,504932.359,0.0203,0.3454,5276.881,0.5426,False,False,False,True,base
107,35037.0561,0.0032,0.9621,6970.677,0.1292,True,False,False,False,base
108,205843.4103,0.0308,0.4873,39512.2791,0.3732,False,False,False,False,base
109,83087.9199,0.2777,0.339,77420.6363,0.5919,False,True,False,True,base
11,219.1937,0.4866,0.1905,5047.1531,0.8526,False,False,False,True,base
110,124721.9434,0.4229,0.2399,38167.0589,0.5936,False,True,False,True,base
111,99646.2172,0.026,0.3352,3166.0802,0.5377,False,False,False,True,base
112,47362.7113,0.0284,0.4264,32321.4355,0.0724,False,False,False,False,base
113,56583.5097,0.0069,0.868,138813.2705,0.0458,True,False,False,False,base
114,113651.4022,0.4392,0.255,42560.7635,0.4305,False,True,False,False,base
115,183196.8763,0.257,0.3359,68986.1409,0.6465,False,True,False,True,base
116,28385.1932,0.05,0.8165,3164.3606,0.1199,True,False,False,False,base
117,3071.7711,0.1992,0.3707,424.8697,0.1188,False,False,False,False,base
118,61028.41,0.0069,0.7379,1064.8372,0.0445,True,False,False,False,base
119,51770.5419,0.1493,0.5109,28986.0157,0.3699,True,False,False,False,base
12,1670.5344,0.0362,0.6368,9944.5481,0.3835,True,False,False,False,base
120,84248.1132,0.1873,0.522,37084.2398,0.4767,True,False,False,False,base
121,25479.4148,0.0,0.9238,463.9664,0.0589,True,False,False,False,base
122,6542.969,0.0001,0.9619,457.3898,0.0152,True,False,False,False,base
123,20196.7191,0.6113,0.1339,11209.811,0.637,False,True,True,True,base
124,72374.0157,0.0753,0.1719,1164.1204,0.662,False,False,False,True,base
125,7421.5982,0.0003,0.9285,132.0147,0.0,True,False,False,False,base
126,221959.1534,0.1487,0.3418,41943.8394,0.282,False,False,False,False,base
127,33127.8796,0.0385,0.574,40240.6849,0.1564,True,False,False,False,base
128,75118.6789,0.159,0.5579,41666.4071,0.4312,True,False,False,False,base
129,251289.0755,0.0847,0.134,35619.3559,0.234,False,False,False,False,base
13,16521.7854,0.2468,0.4198,12454.4611,0.1666,False,True,False,False,base
130,263102.5031,0.0503,0.4429,5650.3938,0.3571,False,False,False,False,base
131,12321.477,0.8513,0.02,3563.0553,0.5639,False,True,True,True,base
132,24891.7226,0.1355,0.3509,1486.9605,0.4062,False,False,False,False,base
133,29542.1354,0.1447,0.4581,15582.1573,0.0964,False,False,False,False,base
134,297471.8806,0.0517,0.5112,163845.267,0.2083,True,False,False,False,base
135,31794.761,0.0,0.9685,299.4467,0.0055,True,False,False,False,base
136,48618.1353,0.1509,0.387,31509.7447,0.3494,False,False,False,False,base
137,50136.0248,0.0306,0.5952,29814.708,0.1125,True,False,False,False,base
138,103421.6021,0.0852,0.5245,79902.8339,0.111,True,False,False,False,base
139,297353.3308,0.1061,0.6196,40715.9349,0.3549,True,False,False,False,base
14,39926.0564,0.679,0.0398,86260.054,0.6018,False,True,True,True,base
140,38467.3063,0.2861,0.4832,37835.1777,0.1815,False,True,False,False,base
141,87724.0583,0.0002,0.9658,6140.7177,0.1745,True,False,False,False,base
142,41687.9942,0.5206,0.1511,24108.5896,0.6955,False,True,True,True,base
143,15170.8495,0.0,0.9936,328.3006,0.0024,True,False,False,False,base
144,51393.9497,0.1105,0.5648,41902.8299,0.3988,True,False,False,False,base
145,62957.8244,0.0,0.8465,995.0039,0.3018,True,False,False,False,base
146,163577.6753,0.237,0.3518,141057.8368,0.6174,False,True,False,True,base
147,519538.5146,0.0109,0.7411,27107.1914,0.1906,True,False,False,False,base
148,4403.6918,0.0,0.9679,152.9969,0.2316,True,False,False,False,base
149,20326.4849,0.0162,0.5252,27998.2155,0.2497,True,False,False,False,base
15,37282.1544,0.8113,0.0259,8262.8882,0.6889,False,True,True,True,base
150,116178.6886,0.0968,0.4566,31001.7991,0.2814,False,False,False,False,base
151,23962.3007,0.0655,0.6665,7296.7954,0.1583,True,False,False,False,base
152,120303.4089,0.0002,0.9653,6465.4135,0.0519,True,False,False,False,base
153,223906.8505,0.0482,0.5491,140906.3646,0.3578,True,False,False,False,base
154,535.9429,0.0,0.3901,1718.044,0.4192,False,False,False,False,base
155,24359.6484,0.0148,0.5411,36796.4048,0.2119,True,False,False,False,base
156,73762.9904,0.0274,0.475,113702.5943,0.3445,False,False,False,False,base
157,38770.4673,0.0035,0.6817,59393.8259,0.2185,True,False,False,False,base
158,40395.0103,0.2456,0.4979,43817.9146,0.2473,False,True,False,False,base
159,144810.1523,0.1311,0.5421,78498.341,0.1765,True,False,False,False,base
16,113749.706,0.586,0.1011,33984.9222,0.5795,False,True,True,True,base
160,8027.2447,0.0785,0.5471,1878.3385,0.2822,True,False,False,False,base
161,54971.7799,0.1027,0.4993,66657.703,0.2677,False,False,False,False,base
162,1349.7624,0.0684,0.6878,2640.6538,0.1257,True,False,False,False,base
163,19619.3231,0.0,0.926,1748.0298,0.0036,True,False,False,False,base
164,93154.0588,0.4941,0.1043,16730.2697,0.2697,False,True,False,False,base
165,133929.117,0.0241,0.7842,46987.4814,0.2185,True,False,False,False,base
166,23048.158,0.0045,0.8943,32657.0516,0.1182,True,False,False,False,base
167,3955.923,0.0,0.9926,377.471,0.0023,True,False,False,False,base
168,322658.3927,0.0202,0.6074,137171.2334,0.3537,True,False,False,False,base
169,81662.5989,0.0991,0.4957,63151.0338,0.3119,False,False,False,False,base
17,1709.4068,0.3463,0.3422,2064.1125,0.7303,False,True,False,True,base
170,55993.317,0.0006,0.9178,5707.4522,0.1239,True,False,False,False,base
172,12181.7948,0.0604,0.8736,4097.306,0.4876,True,False,False,False,base
173,221919.931,0.0043,0.9197,22348.2054,0.1668,True,False,False,False,base
174,41102.968,0.0054,0.8186,13594.2749,0.1293,True,False,False,False,base
175,7238.4153,0.1436,0.5703,18826.374,0.1197,True,False,False,False,base
176,47009.9715,0.012,0.8011,45036.1642,0.0711,True,False,False,False,base
177,17002.2864,0.0073,0.8863,16231.4262,0.087,True,False,False,False,base
178,86834.1692,0.0004,0.9728,34915.0793,0.076,True,False,False,False,base
179,26856.1532,0.0094,0.8275,30345.0035,0.1185,True,False,False,False,base
18,235933.5085,0.2064,0.3895,112812.5028,0.2679,False,True,False,False,base
180,115589.45,0.1378,0.2824,43083.55,0.2833,False,False,False,False,base
181,32124.2175,0.0,0.9415,790.5714,0.1013,True,False,False,False,base
182,63148.8278,0.0668,0.6714,11746.9956,0.2663,True,False,False,False,base
183,792.0313,0.0216,0.8129,74373.9153,0.0535,False,False,False,False,base
184,27279.3431,0.0316,0.786,32197.8327,0.135,True,False,False,False,base
185,101655.5132,0.0997,0.6107,19594.7635,0.5017,True,False,False,True,base
186,92661.0937,0.0002,0.9118,9110.0176,0.0282,True,False,False,False,base
187,42488.1341,0.0001,0.8763,3115.2676,0.1166,True,False,False,False,base
188,109087.0827,0.0151,0.8318,23730.1585,0.1283,True,False,False,False,base
189,120597.7741,0.05,0.3155,165641.3136,0.5801,False,False,False,True,base
19,252587.966,0.4047,0.1747,39932.05,0.5883,False,True,False,True,base
190,107190.209,0.0026,0.9266,58404.763,0.0691,True,False,False,False,base
191,872.8404,0.0019,0.2372,37905.6348,0.0429,False,False,False,False,base
192,13672.8158,0.0001,0.8568,12826.5447,0.1263,True,False,False,False,base
193,4433.3382,0.0,0.9063,18274.5122,0.0275,True,False,False,False,base
194,825.4338,0.037,0.6962,1292.6526,0.1121,False,False,False,False,base
195,119902.5316,0.0313,0.8876,9326.3369,0.1031,True,False,False,False,base
196,13027.9529,0.0007,0.9143,9797.3326,0.1254,True,False,False,False,base
197,25486.9953,0.145,0.4404,13369.1522,0.2143,False,False,False,False,base
198,409.2157,0.0094,0.9307,21103.4602,0.0199,False,False,False,False,base
199,75252.0642,0.0082,0.7247,23948.5566,0.0771,True,False,False,False,base
2,28783.059,0.2769,0.3802,627008.4835,0.4314,False,True,False,False,base
20,207139.7292,0.4213,0.1735,105570.2608,0.5683,False,True,False,True,base
200,79032.165,0.0003,0.8072,38117.5609,0.0478,True,False,False,False,base
201,24853.2864,0.0179,0.6863,25862.2877,0.1216,True,False,False,False,base
202,22257.1846,0.0001,0.9284,3941.8457,0.0161,True,False,False,False,base
203,39101.5982,0.0134,0.7574,58210.4271,0.068,True,False,False,False,base
204,3001.484,0.0515,0.905,29427.7971,0.0515,True,False,False,False,base
205,91698.4367,0.0503,0.5282,38021.9818,0.3914,True,False,False,False,base
206,19324.3981,0.0065,0.8339,19456.3274,0.108,True,False,False,False,base
207,11383.3996,0.0011,0.7447,31403.969,0.0672,True,False,False,False,base
208,20799.8314,0.0019,0.835,4910.3467,0.1116,True,False,False,False,base
209,27800.2376,0.0124,0.6167,33698.2001,0.1279,True,False,False,False,base
21,18688.5558,0.5203,0.1907,9026.0179,0.607,False,True,True,True,base
210,46628.7968,0.0004,0.9519,21599.0118,0.0898,True,False,False,False,base
211,64265.7861,0.0168,0.7744,27560.3618,0.1267,True,False,False,False,base
212,31274.6645,0.015,0.7231,21834.9025,0.0923,True,False,False,False,base
213,2931.5619,0.021,0.7341,43929.023,0.0557,True,False,False,False,base
214,43911.8074,0.0032,0.8599,54901.842,0.0431,True,False,False,False,base
215,32373.264,0.0001,0.8318,2926.3959,0.2584,True,False,False,False,base
216,130692.7163,0.0679,0.8058,48092.2658,0.293,True,False,False,False,base
217,60843.9395,0.0002,0.9514,110698.4766,0.0968,True,False,False,False,base
218,138395.1865,0.0318,0.6701,90859.9427,0.2051,True,False,False,False,base
219,109470.6854,0.0603,0.4655,16345.8777,0.3028,False,False,False,False,base
22,236616.5521,0.5245,0.1163,44516.0284,0.6862,False,True,True,True,base
220,50546.9766,0.0382,0.5221,135257.5832,0.1363,True,False,False,False,base
221,228802.2593,0.0046,0.8232,197842.3042,0.0705,True,False,False,False,base
222,11636.2434,0.0,0.9449,5383.6208,0.0474,True,False,False,False,base
223,99364.1987,0.0359,0.6353,65030.4569,0.1083,True,False,False,False,base
224,50316.2572,0.1422,0.1411,58927.7772,0.598,False,False,False,True,base
225,46954.5229,0.005,0.8786,18115.1438,0.1755,True,False,False,False,base
226,21.5652,0.0,1.0,2784.0476,0.0468,False,False,False,False,base
227,11679.1222,0.0002,0.7526,40932.2276,0.0591,True,False,False,False,base
228,6550.4446,0.0003,0.8981,3863.4379,0.0486,True,False,False,False,base
229,76985.0835,0.0477,0.7436,118349.3112,0.3489,True,False,False,False,base
23,307048.6879,0.2273,0.261,39551.8476,0.5546,False,True,False,True,base
230,46313.5165,0.0013,0.9151,34379.7997,0.0427,True,False,False,False,base
231,10404.0382,0.2405,0.5681,38470.0101,0.0588,True,True,False,False,base
232,10727.1464,0.0136,0.7427,3460.4122,0.0748,True,False,False,False,base
233,6507.4541,0.0,0.9966,33576.9294,0.0265,True,False,False,False,base
234,183468.4319,0.0124,0.877,78139.7951,0.1957,True,False,False,False,base
235,15782.5253,0.0,0.952,49642.7132,0.0667,True,False,False,False,base
236,43434.9161,0.004,0.8488,16265.0354,0.0371,True,False,False,False,base
237,52638.8,0.0383,0.6255,57702.313,0.1662,True,False,False,False,base
238,41691.6601,0.0028,0.9068,116640.6621,0.0408,True,False,False,False,base
239,54139.7845,0.2126,0.4743,73060.3015,0.0547,False,True,False,False,base
24,417215.9756,0.6543,0.0698,109223.1611,0.5565,False,True,True,True,base
240,10252.8027,0.0,0.9993,47694.7514,0.023,True,False,False,False,base
241,16275.9785,0.0007,0.948,113490.5722,0.029,True,False,False,False,base
242,7862.277,0.0,0.9792,11990.7639,0.0293,True,False,False,False,base
243,94991.911,0.0071,0.8959,69353.7871,0.0675,True,False,False,False,base
244,3084.8249,0.0,0.9693,4452.8881,0.018,True,False,False,False,base
245,286470.0768,0.094,0.6107,212057.293,0.3342,True,False,False,False,base
246,29459.5526,0.0589,0.5649,54124.0108,0.3428,True,False,False,False,base
247,4856.2773,0.0003,0.8756,28443.6542,0.1222,True,False,False,False,base
248,8822.4129,0.0,0.994,1582.1568,0.0305,True,False,False,False,base
249,595.2503,0.0,0.7243,7418.5344,0.5095,False,False,False,True,base
25,14317.1906,0.5687,0.1791,2352.5546,0.4379,False,True,True,False,base
250,2012.3151,0.0,0.9877,87497.2364,0.0954,True,False,False,False,base
251,8309.4355,0.1246,0.4135,6696.428,0.1077,False,False,False,False,base
252,136079.452,0.2648,0.1685,44137.1588,0.3041,False,True,False,False,base
253,12796.199,0.0103,0.9102,47574.3952,0.0295,True,False,False,False,base
254,7569.837,0.0229,0.6589,26322.9165,0.0726,True,False,False,False,base
255,11134.1983,0.0142,0.7612,63584.0785,0.2071,True,False,False,False,base
256,1332.7571,0.0178,0.9385,43600.2227,0.0331,True,False,False,False,base
257,65550.88,0.0596,0.0718,24164.903,0.3366,False,False,False,False,base
258,48381.0417,0.0565,0.1951,64094.0622,0.1829,False,False,False,False,base
259,39460.7517,0.1227,0.5344,21042.2872,0.2258,True,False,False,False,base
26,18537.6119,0.5314,0.1422,9366.9815,0.4203,False,True,True,False,base
260,65665.1164,0.4003,0.1611,23116.7612,0.1665,False,True,False,False,base
261,3551.0764,0.0015,0.9448,142063.7965,0.0703,True,False,False,False,base
262,,,,3265.5185,0.0899,False,False,False,False,base
263,27.9909,0.0,0.6935,4980.0034,0.1154,False,False,False,False,base
264,15410.1832,0.198,0.4493,16865.1702,0.174,False,False,False,False,base
265,1712.3784,0.0005,0.3873,31631.0016,0.1492,False,False,False,False,base
266,622.0873,0.0009,0.9376,37735.8883,0.1613,False,False,False,False,base
267,243.131,0.0,0.9724,15865.2299,0.0118,False,False,False,False,base
268,,,,5561.2116,0.2209,False,False,False,False,base
269,,,,6414.028,0.0231,False,False,False,False,base
27,8995.0409,0.2918,0.333,16657.8975,0.5525,False,True,False,True,base
270,1978.016,0.0,0.9465,20397.8746,0.0472,True,False,False,False,base
271,5551.2025,0.0,0.9276,1272.6628,0.0838,True,False,False,False,base
272,53.5366,0.0,0.9703,20460.3352,0.1293,False,False,False,False,base
273,513.5728,0.0,0.9848,56032.7303,0.1033,False,False,False,False,base
274,12718.5168,0.0698,0.3791,26474.5244,0.1326,False,False,False,False,base
275,4841.3614,0.0,0.9308,26047.236,0.0268,True,False,False,False,base
276,6115.8118,0.001,0.8676,78586.0498,0.0491,True,False,False,False,base
277,82336.8583,0.0663,0.7727,76620.7346,0.2113,True,False,False,False,base
278,2288.054,0.0079,0.8775,23946.3518,0.0305,True,False,False,False,base
279,271.0185,0.0,0.8934,33906.9061,0.1542,False,False,False,False,base
28,601193.1768,0.4419,0.1186,122309.3091,0.6561,False,True,False,True,base
280,29.3879,0.0,0.9259,522.2951,0.0109,False,False,False,False,base
281,2783.0719,0.0697,0.4771,10580.7607,0.1684,False,False,False,False,base
282,,,,4.2687,0.0,False,False,False,False,base
283,13385.3895,0.0001,0.9843,54770.3154,0.0618,True,False,False,False,base
284,6.9319,0.0,1.0,801.2599,0.0349,False,False,False,False,base
285,79351.4071,0.122,0.7463,65868.4219,0.2624,True,False,False,False,base
287,1858.791,0.0,0.9699,16387.6883,0.0451,True,False,False,False,base
288,12.9906,0.0,1.0,29447.0735,0.0421,False,False,False,False,base
289,1046.6596,0.0,0.8492,14589.4231,0.0251,True,False,False,False,base
29,36281.1525,0.627,0.0838,2198.7013,0.6515,False,True,True,True,base
290,78.3598,0.0,0.9968,20425.9638,0.093,False,False,False,False,base
291,,,,17061.2261,0.0176,False,False,False,False,base
292,5.1497,0.0,0.0,34054.8275,0.0794,False,False,False,False,base
293,23.3108,0.0,1.0,4565.4835,0.0773,False,False,False,False,base
294,4.6439,0.0,1.0,1659.429,0.0377,False,False,False,False,base
295,43.4244,0.0,0.624,10527.2974,0.0318,False,False,False,False,base
296,,,,26518.0905,0.0195,False,False,False,False,base
297,,,,527.1653,0.0,False,False,False,False,base
298,23180.5865,0.0438,0.8064,34771.3077,0.0405,True,False,False,False,base
299,23.1397,0.0,0.9821,5485.7787,0.015,False,False,False,False,base
3,16991.7187,0.0131,0.8035,101817.1706,0.3667,True,False,False,False,base
30,18179.3016,0.3352,0.4862,19851.5172,0.1381,False,True,False,False,base
300,301.8338,0.0,0.9811,8342.8741,0.0096,False,False,False,False,base
31,134957.7875,0.4594,0.1789,80405.36,0.5803,False,True,False,True,base
32,32347.9073,0.2002,0.4805,58585.7058,0.1118,False,True,False,False,base
33,77129.3618,0.0091,0.5237,2081.6807,0.3647,True,False,False,False,base
34,201240.1201,0.3065,0.4694,87904.8347,0.2459,False,True,False,False,base
35,76155.2551,0.2505,0.238,3200.5463,0.5164,False,True,False,True,base
36,455041.9007,0.4478,0.1557,125083.9191,0.6145,False,True,False,True,base
37,89186.0307,0.5715,0.1679,59549.3844,0.6535,False,True,True,True,base
38,28940.3436,0.4526,0.2046,32030.9212,0.5688,False,True,False,True,base
39,283736.6654,0.1256,0.427,22472.6219,0.3896,False,False,False,False,base
4,5474.2001,0.0076,0.923,16525.0694,0.2066,True,False,False,False,base
40,82308.5869,0.4166,0.1001,9755.3723,0.6345,False,True,False,True,base
41,71518.0732,0.1345,0.6915,55637.4329,0.1501,True,False,False,False,base
42,15564.8697,0.0059,0.2923,40206.4889,0.1027,False,False,False,False,base
43,31981.0254,0.2515,0.3762,16840.764,0.5102,False,True,False,True,base
44,31243.8916,0.5073,0.1069,72093.5737,0.4027,False,True,True,False,base
45,317925.0545,0.4105,0.1394,48194.4484,0.7714,False,True,False,True,base
46,2735.2052,0.1309,0.404,13236.1716,0.1846,False,False,False,False,base
47,342089.5395,0.5683,0.1182,242540.376,0.7306,False,True,True,True,base
48,83296.9992,0.608,0.1019,50624.3489,0.845,False,True,True,True,base
49,51038.0383,0.0679,0.6276,74431.2877,0.2397,True,False,False,False,base
5,2683.5889,0.0029,0.9497,20691.5772,0.2629,True,False,False,False,base
50,104108.5451,0.1126,0.675,41981.7589,0.2068,True,False,False,False,base
51,66620.03,0.3958,0.0508,2580.7169,0.518,False,True,False,True,base
52,79812.3839,0.2198,0.0581,2551.9699,0.4986,False,True,False,False,base
53,493700.8779,0.1405,0.124,15307.9874,0.6366,False,False,False,True,base
54,289034.6151,0.0026,0.8331,29521.9553,0.0283,True,False,False,False,base
55,65897.5942,0.2858,0.42,49526.8295,0.3942,False,True,False,False,base
56,764612.4848,0.0609,0.4649,38423.417,0.2983,False,False,False,False,base
58,54711.1532,0.4098,0.1992,21057.0532,0.4274,False,True,False,False,base
59,59930.4171,0.5044,0.1771,21481.4359,0.6113,False,True,True,True,base
6,2006.1234,0.0031,0.9704,75041.1146,0.2506,True,False,False,False,base
60,292594.9006,0.2069,0.24,91143.4362,0.6281,False,True,False,True,base
62,5889.4389,0.0571,0.6142,4619.5775,0.2265,True,False,False,False,base
63,148280.0601,0.1545,0.4614,67726.7947,0.3497,False,False,False,False,base
64,24716.6786,0.0306,0.62,263.2876,0.002,True,False,False,False,base
65,131603.2519,0.0897,0.3248,6338.9817,0.5529,False,False,False,True,base
66,117006.7009,0.0673,0.2031,141.7817,0.0395,False,False,False,False,base
67,30747.791,0.2477,0.2502,21694.7532,0.4525,False,True,False,False,base
68,199661.9499,0.2045,0.4412,205871.5492,0.1689,False,True,False,False,base
69,129151.1062,0.2143,0.3957,82536.1821,0.5513,False,True,False,True,base
7,6.7732,0.0,0.7763,24193.8836,0.4594,False,False,False,False,base
70,120581.5784,0.0226,0.6259,41880.4577,0.3445,True,False,False,False,base
71,32473.5421,0.0098,0.8619,38187.7618,0.1683,True,False,False,False,base
72,37963.0849,0.2386,0.2133,32979.0434,0.582,False,True,False,True,base
73,155220.0495,0.0129,0.5634,20889.0286,0.0851,True,False,False,False,base
74,95902.5032,0.0007,0.8985,151274.9288,0.0089,True,False,False,False,base
75,116604.0578,0.1311,0.3322,6480.221,0.2871,False,False,False,False,base
76,59188.0131,0.0016,0.6443,1840.3114,0.1283,True,False,False,False,base
77,27625.2222,0.0256,0.7694,9309.3337,0.2075,True,False,False,False,base
78,210705.5831,0.0837,0.5225,54014.1864,0.3464,True,False,False,False,base
79,225610.7993,0.0559,0.4826,6035.3562,0.2607,False,False,False,False,base
8,8601.5342,0.0221,0.7265,117920.0394,0.3057,True,False,False,False,base
80,80813.6751,0.008,0.8794,388.2529,0.0081,True,False,False,False,base
82,38542.9436,0.0536,0.2992,319.0343,0.1073,False,False,False,False,base
83,479527.7112,0.2134,0.3674,144417.2042,0.4772,False,True,False,False,base
84,39400.0963,0.0152,0.8831,24221.8503,0.1658,True,False,False,False,base
85,17942.3523,0.334,0.4277,6656.8009,0.1957,False,True,False,False,base
86,3235.7752,0.0,0.9994,11698.6964,0.0019,True,False,False,False,base
87,213607.5834,0.0784,0.6414,159788.8473,0.0493,True,False,False,False,base
88,1484.7786,0.0,0.9306,1846.2908,0.0016,True,False,False,False,base
89,480551.2038,0.014,0.4303,7961.8329,0.359,False,False,False,False,base
9,3223.6122,0.3452,0.1367,150710.044,0.7683,False,True,False,True,base
90,152445.6619,0.1962,0.3455,74393.9893,0.6258,False,False,False,True,base
91,41632.5248,0.093,0.4864,12552.7982,0.2643,False,False,False,False,base
92,27598.3152,0.0,0.5466,6569.7845,0.6324,True,False,False,True,base
94,11910.2175,0.0012,0.9877,1385.7225,0.0025,True,False,False,False,base
95,154807.9057,0.0816,0.4266,107122.4349,0.257,False,False,False,False,base
96,13848.8073,0.0027,0.9577,7105.5752,0.0443,True,False,False,False,base
97,73425.9495,0.0217,0.8052,240335.7593,0.0394,True,False,False,False,base
98,3087.0277,0.0172,0.7884,48638.735,0.1426,True,False,False,False,base
99,28681.3565,0.1041,0.5676,17379.5596,0.107,True,False,False,False,base
AMZ_CerraPant001,15418.3175,0.0269,0.7228,18958.001,0.2659,True,False,False,False,base
AMZ_CerraPant002,1914.0207,0.0,0.9928,10609.0122,0.0041,True,False,False,False,base
AMZ_CerraPant004,22379.2265,0.0487,0.1872,4748.8677,0.1475,False,False,False,False,base
AMZ_CerraPant005,11446.6213,0.0044,0.6491,3385.9786,0.001,True,False,False,False,base
AMZ_CerraPant008,3651.1872,0.2401,0.6067,1047.7865,0.3605,True,True,False,False,base
AMZ_CerraPant009,4346.5973,0.0005,0.9847,9660.0086,0.0118,True,False,False,False,base
AMZ_CerraPant010,10072.1247,0.0037,0.8711,4581.0365,0.007,True,False,False,False,base
AMZ_CerraPant011,7120.4163,0.0,0.9946,9925.2984,0.0292,True,False,False,False,base
AMZ_CerraPant012,2625.7609,0.0,0.9874,13026.3277,0.0567,True,False,False,False,base
AMZ_CerraPant013,693.9166,0.0,0.9996,15637.5001,0.0132,False,False,False,False,base
AMZ_CerraPant014,4949.9382,0.6586,0.0681,4084.1855,0.4857,False,True,True,False,base
AMZ_CerraPant015,2329.7571,0.5168,0.09,2712.2169,0.4524,False,True,True,False,base
AMZ_CerraPant016,1.496,0.0,0.0,3852.954,0.726,False,False,False,True,base
AMZ_CerraPant017,6128.3831,0.5141,0.114,5017.3861,0.2022,False,True,True,False,base
AMZ_CerraPant018,379.3608,0.19,0.395,410.1849,0.1141,False,False,False,False,base
AMZ_CerraPant019,19167.9019,0.0396,0.4226,17280.9787,0.8661,False,False,False,True,base
AMZ_CerraPant020,11383.7636,0.0426,0.6544,4334.785,0.2489,True,False,False,False,base
AMZ_CerraPant022,13.2191,0.0,0.5329,635.7799,0.1707,False,False,False,False,base
AMZ_CerraPant023,61087.0572,0.541,0.2106,6675.3837,0.2317,False,True,True,False,base
AMZ_CerraPant024,50.5764,0.0555,0.825,13534.4757,0.0416,False,False,False,False,base
AMZ_CerraPant025,5132.4239,0.3461,0.2917,1132.5329,0.3875,False,True,False,False,base
AMZ_CerraPant026,4468.9917,0.0538,0.2289,20198.9542,0.4299,False,False,False,False,base
AMZ_CerraPant027,5743.1805,0.0779,0.1446,6472.1313,0.1968,False,False,False,False,base
AMZ_CerraPant028,1067.6122,0.7862,0.0273,3583.009,0.2688,False,True,True,False,base
AMZ_CerraPant029,12123.4775,0.0004,0.3749,31591.3319,0.1814,False,False,False,False,base
AMZ_CerraPant030,14103.3797,0.0479,0.4496,7889.6076,0.424,False,False,False,False,base
AMZ_CerraPant031,32076.5999,0.0,0.4676,9599.1121,0.1815,False,False,False,False,base
AMZ_CerraPant032,6588.3243,0.0009,0.994,3321.6381,0.0701,True,False,False,False,base
AMZ_CerraPant033,8826.4849,0.4211,0.3687,7615.8361,0.2232,False,True,False,False,base
AMZ_CerraPant034,21232.1951,0.1581,0.6501,11881.1439,0.2706,True,False,False,False,base
AMZ_CerraPant035,4899.9687,0.351,0.4653,2041.2386,0.249,False,True,False,False,base
AMZ_CerraPant036,3490.8223,0.2469,0.3124,5956.5449,0.1581,False,True,False,False,base
AMZ_CerraPant037,3237.1709,0.008,0.8355,17952.5394,0.3695,True,False,False,False,base
AMZ_CerraPant038,1872.1776,0.06,0.6925,5962.3924,0.4724,True,False,False,False,base
AMZ_CerraPant039,1124.4862,0.1594,0.484,23613.9203,0.3043,False,False,False,False,base
AMZ_CerraPant041,17646.1017,0.4272,0.2195,28586.073,0.7248,False,True,False,True,base
AMZ_CerraPant042,64926.4266,0.5494,0.1902,21314.6429,0.4498,False,True,True,False,base
AMZ_CerraPant043,459.7171,0.0471,0.324,1533.3838,0.194,False,False,False,False,base
AMZ_CerraPant044,57.9926,0.6692,0.0774,12685.8325,0.7401,False,False,False,True,base
AMZ_CerraPant045,5985.5973,0.1443,0.6978,3807.3456,0.1479,True,False,False,False,base
AMZ_CerraPant046,11623.0871,0.0,0.9952,36563.1396,0.0173,True,False,False,False,base
CAA_CerraPa001,713.3638,0.0,0.8989,7997.9744,0.2243,False,False,False,False,base
CAA_CerraPa002,762.8732,0.0028,0.6713,2546.073,0.408,False,False,False,False,base
CAA_CerraPa003,17616.3323,0.0164,0.307,27768.5565,0.0827,False,False,False,False,base
CAA_CerraPa004,2861.8903,0.0,0.9827,107.923,0.0,True,False,False,False,base
CAA_CerraPa005,569.96,0.0,0.9828,11273.9454,0.434,False,False,False,False,base
CAA_CerraPa006,3282.2351,0.0005,0.8275,1377.8446,0.3768,True,False,False,False,base
CAA_CerraPa007,14096.2429,0.0,0.9356,,,True,False,False,False,base
CAA_CerraPa008,334.9914,0.0,0.8091,10737.7639,0.2273,False,False,False,False,base
CerraPa_MA001,0.0833,0.0,0.0,1532.0761,0.3194,False,False,False,False,base
CerraPa_MA002,,,,2445.9311,0.0472,False,False,False,False,base
CerraPa_MA003,,,,516.1596,0.0066,False,False,False,False,base
CerraPa_MA004,29512.865,0.0002,0.9565,364.4599,0.0554,True,False,False,False,base
CerraPa_MA005,,,,1208.9328,0.0334,False,False,False,False,base
1,228192.3371,0.1102,0.6858,218590.3087,0.3551,True,False,False,False,N10
10,4965.3312,0.0754,0.6533,25738.1435,0.3929,True,False,False,False,N10
100,3568.5251,0.0,0.9182,17761.169,0.0063,True,False,False,False,N10
101,195344.8147,0.0414,0.8378,35111.9948,0.1265,True,False,False,False,N10
102,188999.5917,0.2144,0.6086,65810.675,0.4484,True,True,False,False,N10
103,6641.6513,0.1812,0.5523,1921.2568,0.1372,True,False,False,False,N10
104,45430.6131,0.0,0.9809,9532.4324,0.1749,True,False,False,False,N10
105,24958.9498,0.0,0.9944,7721.9852,0.1309,True,False,False,False,N10
106,504932.359,0.0153,0.5638,5276.881,0.5426,True,False,False,True,N10
107,35037.0561,0.0024,0.9929,6970.677,0.1292,True,False,False,False,N10
108,205843.4103,0.0215,0.6571,39512.2791,0.3732,True,False,False,False,N10
109,83087.9199,0.2227,0.5369,77420.6363,0.5919,True,True,False,True,N10
11,219.1937,0.4541,0.3237,5047.1531,0.8526,False,False,False,True,N10
110,124721.9434,0.3113,0.5271,38167.0589,0.5936,True,True,False,True,N10
111,99646.2172,0.0165,0.5951,3166.0802,0.5377,True,False,False,True,N10
112,47362.7113,0.0255,0.698,32321.4355,0.0724,True,False,False,False,N10
113,56583.5097,0.0027,0.9293,138813.2705,0.0458,True,False,False,False,N10
114,113651.4022,0.3371,0.4878,42560.7635,0.4305,False,True,False,False,N10
115,183196.8763,0.1899,0.5687,68986.1409,0.6465,True,False,False,True,N10
116,28385.1932,0.043,0.8989,3164.3606,0.1199,True,False,False,False,N10
117,3071.7711,0.1477,0.6676,424.8697,0.1188,True,False,False,False,N10
118,61028.41,0.0003,0.9678,1064.8372,0.0445,True,False,False,False,N10
119,51770.5419,0.1112,0.6996,28986.0157,0.3699,True,False,False,False,N10
12,1670.5344,0.0362,0.7243,9944.5481,0.3835,True,False,False,False,N10
120,84248.1132,0.1129,0.7793,37084.2398,0.4767,True,False,False,False,N10
121,25479.4148,0.0,0.9842,463.9664,0.0589,True,False,False,False,N10
122,6542.969,0.0,0.9975,457.3898,0.0152,True,False,False,False,N10
123,20196.7191,0.6065,0.16,11209.811,0.637,False,True,True,True,N10
124,72374.0157,0.0599,0.4565,1164.1204,0.662,False,False,False,True,N10
125,7421.5982,0.0,0.979,132.0147,0.0,True,False,False,False,N10
126,221959.1534,0.1386,0.4207,41943.8394,0.282,False,False,False,False,N10
127,33127.8796,0.0285,0.6875,40240.6849,0.1564,True,False,False,False,N10
128,75118.6789,0.116,0.7567,41666.4071,0.4312,True,False,False,False,N10
129,251289.0755,0.0751,0.3445,35619.3559,0.234,False,False,False,False,N10
13,16521.7854,0.2164,0.6146,12454.4611,0.1666,True,True,False,False,N10
130,263102.5031,0.0434,0.6139,5650.3938,0.3571,True,False,False,False,N10
131,12321.477,0.8471,0.0474,3563.0553,0.5639,False,True,True,True,N10
132,24891.7226,0.0387,0.7592,1486.9605,0.4062,True,False,False,False,N10
133,29542.1354,0.1355,0.5377,15582.1573,0.0964,True,False,False,False,N10
134,297471.8806,0.0447,0.6076,163845.267,0.2083,True,False,False,False,N10
135,31794.761,0.0,0.9845,299.4467,0.0055,True,False,False,False,N10
136,48618.1353,0.1429,0.5879,31509.7447,0.3494,True,False,False,False,N10
137,50136.0248,0.0276,0.6776,29814.708,0.1125,True,False,False,False,N10
138,103421.6021,0.0657,0.6555,79902.8339,0.111,True,False,False,False,N10
139,297353.3308,0.0506,0.8384,40715.9349,0.3549,True,False,False,False,N10
14,39926.0564,0.6427,0.153,86260.054,0.6018,False,True,True,True,N10
140,38467.3063,0.1903,0.6928,37835.1777,0.1815,True,False,False,False,N10
141,87724.0583,0.0001,0.9936,6140.7177,0.1745,True,False,False,False,N10
142,41687.9942,0.4124,0.4002,24108.5896,0.6955,False,True,False,True,N10
143,15170.8495,0.0,0.9982,328.3006,0.0024,True,False,False,False,N10
144,51393.9497,0.071,0.7596,41902.8299,0.3988,True,False,False,False,N10
145,62957.8244,0.0,0.9833,995.0039,0.3018,True,False,False,False,N10
146,163577.6753,0.1955,0.5653,141057.8368,0.6174,True,False,False,True,N10
147,519538.5146,0.0058,0.8989,27107.1914,0.1906,True,False,False,False,N10
148,4403.6918,0.0,0.9912,152.9969,0.2316,True,False,False,False,N10
149,20326.4849,0.015,0.6147,27998.2155,0.2497,True,False,False,False,N10
15,37282.1544,0.784,0.0876,8262.8882,0.6889,False,True,True,True,N10
150,116178.6886,0.0937,0.5427,31001.7991,0.2814,True,False,False,False,N10
151,23962.3007,0.0621,0.7811,7296.7954,0.1583,True,False,False,False,N10
152,120303.4089,0.0,0.9941,6465.4135,0.0519,True,False,False,False,N10
153,223906.8505,0.0264,0.6392,140906.3646,0.3578,True,False,False,False,N10
154,535.9429,0.0,0.3901,1718.044,0.4192,False,False,False,False,N10
155,24359.6484,0.0145,0.5855,36796.4048,0.2119,True,False,False,False,N10
156,73762.9904,0.0157,0.6343,113702.5943,0.3445,True,False,False,False,N10
157,38770.4673,0.003,0.7726,59393.8259,0.2185,True,False,False,False,N10
158,40395.0103,0.1755,0.6931,43817.9146,0.2473,True,False,False,False,N10
159,144810.1523,0.0963,0.7836,78498.341,0.1765,True,False,False,False,N10
16,113749.706,0.5656,0.1758,33984.9222,0.5795,False,True,True,True,N10
160,8027.2447,0.0447,0.7655,1878.3385,0.2822,True,False,False,False,N10
161,54971.7799,0.0922,0.5952,66657.703,0.2677,True,False,False,False,N10
162,1349.7624,0.0375,0.957,2640.6538,0.1257,True,False,False,False,N10
163,19619.3231,0.0,0.9355,1748.0298,0.0036,True,False,False,False,N10
164,93154.0588,0.4338,0.3055,16730.2697,0.2697,False,True,False,False,N10
165,133929.117,0.0211,0.8386,46987.4814,0.2185,True,False,False,False,N10
166,23048.158,0.0017,0.9518,32657.0516,0.1182,True,False,False,False,N10
167,3955.923,0.0,1.0,377.471,0.0023,True,False,False,False,N10
168,322658.3927,0.0158,0.6536,137171.2334,0.3537,True,False,False,False,N10
169,81662.5989,0.0842,0.5928,63151.0338,0.3119,True,False,False,False,N10
17,1709.4068,0.2704,0.4571,2064.1125,0.7303,False,True,False,True,N10
170,55993.317,0.0005,0.9484,5707.4522,0.1239,True,False,False,False,N10
172,12181.7948,0.0096,0.9817,4097.306,0.4876,True,False,False,False,N10
173,221919.931,0.0029,0.9619,22348.2054,0.1668,True,False,False,False,N10
174,41102.968,0.0025,0.9813,13594.2749,0.1293,True,False,False,False,N10
175,7238.4153,0.1199,0.7323,18826.374,0.1197,True,False,False,False,N10
176,47009.9715,0.0067,0.9525,45036.1642,0.0711,True,False,False,False,N10
177,17002.2864,0.0026,0.9575,16231.4262,0.087,True,False,False,False,N10
178,86834.1692,0.0004,0.9962,34915.0793,0.076,True,False,False,False,N10
179,26856.1532,0.0088,0.882,30345.0035,0.1185,True,False,False,False,N10
18,235933.5085,0.1573,0.5984,112812.5028,0.2679,True,False,False,False,N10
180,115589.45,0.1353,0.319,43083.55,0.2833,False,False,False,False,N10
181,32124.2175,0.0,0.991,790.5714,0.1013,True,False,False,False,N10
182,63148.8278,0.0646,0.6944,11746.9956,0.2663,True,False,False,False,N10
183,792.0313,0.0127,0.8849,74373.9153,0.0535,False,False,False,False,N10
184,27279.3431,0.0104,0.9684,32197.8327,0.135,True,False,False,False,N10
185,101655.5132,0.0656,0.6948,19594.7635,0.5017,True,False,False,True,N10
186,92661.0937,0.0001,0.9644,9110.0176,0.0282,True,False,False,False,N10
187,42488.1341,0.0001,0.9844,3115.2676,0.1166,True,False,False,False,N10
188,109087.0827,0.0105,0.9143,23730.1585,0.1283,True,False,False,False,N10
189,120597.7741,0.0468,0.342,165641.3136,0.5801,False,False,False,True,N10
19,252587.966,0.3579,0.3558,39932.05,0.5883,False,True,False,True,N10
190,107190.209,0.0004,0.9906,58404.763,0.0691,True,False,False,False,N10
191,872.8404,0.0017,0.5705,37905.6348,0.0429,False,False,False,False,N10
192,13672.8158,0.0001,0.8805,12826.5447,0.1263,True,False,False,False,N10
193,4433.3382,0.0,0.9883,18274.5122,0.0275,True,False,False,False,N10
194,825.4338,0.0238,0.8247,1292.6526,0.1121,False,False,False,False,N10
195,119902.5316,0.0114,0.9694,9326.3369,0.1031,True,False,False,False,N10
196,13027.9529,0.0007,0.9768,9797.3326,0.1254,True,False,False,False,N10
197,25486.9953,0.0918,0.8019,13369.1522,0.2143,True,False,False,False,N10
198,409.2157,0.0033,0.9638,21103.4602,0.0199,False,False,False,False,N10
199,75252.0642,0.0065,0.8337,23948.5566,0.0771,True,False,False,False,N10
2,28783.059,0.2451,0.5055,627008.4835,0.4314,True,True,False,False,N10
20,207139.7292,0.3413,0.4041,105570.2608,0.5683,False,True,False,True,N10
200,79032.165,0.0002,0.977,38117.5609,0.0478,True,False,False,False,N10
201,24853.2864,0.0048,0.9538,25862.2877,0.1216,True,False,False,False,N10
202,22257.1846,0.0001,0.9434,3941.8457,0.0161,True,False,False,False,N10
203,39101.5982,0.0061,0.9539,58210.4271,0.068,True,False,False,False,N10
204,3001.484,0.0011,0.9721,29427.7971,0.0515,True,False,False,False,N10
205,91698.4367,0.0265,0.7817,38021.9818,0.3914,True,False,False,False,N10
206,19324.3981,0.0053,0.9045,19456.3274,0.108,True,False,False,False,N10
207,11383.3996,0.0001,0.9813,31403.969,0.0672,True,False,False,False,N10
208,20799.8314,0.0014,0.9516,4910.3467,0.1116,True,False,False,False,N10
209,27800.2376,0.0089,0.7178,33698.2001,0.1279,True,False,False,False,N10
21,18688.5558,0.4678,0.369,9026.0179,0.607,False,True,False,True,N10
210,46628.7968,0.0001,0.9776,21599.0118,0.0898,True,False,False,False,N10
211,64265.7861,0.0107,0.8886,27560.3618,0.1267,True,False,False,False,N10
212,31274.6645,0.0057,0.9224,21834.9025,0.0923,True,False,False,False,N10
213,2931.5619,0.0164,0.8095,43929.023,0.0557,True,False,False,False,N10
214,43911.8074,0.0007,0.979,54901.842,0.0431,True,False,False,False,N10
215,32373.264,0.0,0.8806,2926.3959,0.2584,True,False,False,False,N10
216,130692.7163,0.032,0.9314,48092.2658,0.293,True,False,False,False,N10
217,60843.9395,0.0001,0.9906,110698.4766,0.0968,True,False,False,False,N10
218,138395.1865,0.0282,0.8231,90859.9427,0.2051,True,False,False,False,N10
219,109470.6854,0.0495,0.7036,16345.8777,0.3028,True,False,False,False,N10
22,236616.5521,0.4859,0.2393,44516.0284,0.6862,False,True,False,True,N10
220,50546.9766,0.0364,0.5825,135257.5832,0.1363,True,False,False,False,N10
221,228802.2593,0.0019,0.9359,197842.3042,0.0705,True,False,False,False,N10
222,11636.2434,0.0,0.9554,5383.6208,0.0474,True,False,False,False,N10
223,99364.1987,0.02,0.8775,65030.4569,0.1083,True,False,False,False,N10
224,50316.2572,0.141,0.1637,58927.7772,0.598,False,False,False,True,N10
225,46954.5229,0.0001,0.9854,18115.1438,0.1755,True,False,False,False,N10
226,21.5652,0.0,1.0,2784.0476,0.0468,False,False,False,False,N10
227,11679.1222,0.0002,0.8234,40932.2276,0.0591,True,False,False,False,N10
228,6550.4446,0.0,0.9712,3863.4379,0.0486,True,False,False,False,N10
229,76985.0835,0.0314,0.8673,118349.3112,0.3489,True,False,False,False,N10
23,307048.6879,0.2078,0.4321,39551.8476,0.5546,False,True,False,True,N10
230,46313.5165,0.0005,0.98,34379.7997,0.0427,True,False,False,False,N10
231,10404.0382,0.2375,0.6155,38470.0101,0.0588,True,True,False,False,N10
232,10727.1464,0.0077,0.9202,3460.4122,0.0748,True,False,False,False,N10
233,6507.4541,0.0,0.9995,33576.9294,0.0265,True,False,False,False,N10
234,183468.4319,0.0084,0.9219,78139.7951,0.1957,True,False,False,False,N10
235,15782.5253,0.0,0.9879,49642.7132,0.0667,True,False,False,False,N10
236,43434.9161,0.0018,0.9395,16265.0354,0.0371,True,False,False,False,N10
237,52638.8,0.0319,0.7788,57702.313,0.1662,True,False,False,False,N10
238,41691.6601,0.0026,0.9649,116640.6621,0.0408,True,False,False,False,N10
239,54139.7845,0.1765,0.6137,73060.3015,0.0547,True,False,False,False,N10
24,417215.9756,0.588,0.2114,109223.1611,0.5565,False,True,True,True,N10
240,10252.8027,0.0,0.9994,47694.7514,0.023,True,False,False,False,N10
241,16275.9785,0.0005,0.9767,113490.5722,0.029,True,False,False,False,N10
242,7862.277,0.0,1.0,11990.7639,0.0293,True,False,False,False,N10
243,94991.911,0.006,0.9237,69353.7871,0.0675,True,False,False,False,N10
244,3084.8249,0.0,0.9957,4452.8881,0.018,True,False,False,False,N10
245,286470.0768,0.0752,0.7034,212057.293,0.3342,True,False,False,False,N10
246,29459.5526,0.0511,0.6225,54124.0108,0.3428,True,False,False,False,N10
247,4856.2773,0.0003,0.9171,28443.6542,0.1222,True,False,False,False,N10
248,8822.4129,0.0,0.994,1582.1568,0.0305,True,False,False,False,N10
249,595.2503,0.0,0.7266,7418.5344,0.5095,False,False,False,True,N10
25,14317.1906,0.4423,0.4069,2352.5546,0.4379,False,True,False,False,N10
250,2012.3151,0.0,0.9997,87497.2364,0.0954,True,False,False,False,N10
251,8309.4355,0.0555,0.7117,6696.428,0.1077,True,False,False,False,N10
252,136079.452,0.2504,0.2462,44137.1588,0.3041,False,True,False,False,N10
253,12796.199,0.0087,0.9445,47574.3952,0.0295,True,False,False,False,N10
254,7569.837,0.0108,0.8305,26322.9165,0.0726,True,False,False,False,N10
255,11134.1983,0.0111,0.8215,63584.0785,0.2071,True,False,False,False,N10
256,1332.7571,0.0131,0.9572,43600.2227,0.0331,True,False,False,False,N10
257,65550.88,0.0593,0.1479,24164.903,0.3366,False,False,False,False,N10
258,48381.0417,0.048,0.3797,64094.0622,0.1829,False,False,False,False,N10
259,39460.7517,0.0673,0.7881,21042.2872,0.2258,True,False,False,False,N10
26,18537.6119,0.4916,0.2536,9366.9815,0.4203,False,True,False,False,N10
260,65665.1164,0.3832,0.2337,23116.7612,0.1665,False,True,False,False,N10
261,3551.0764,0.0015,0.9602,142063.7965,0.0703,True,False,False,False,N10
262,,,,3265.5185,0.0899,False,False,False,False,N10
263,27.9909,0.0,0.6935,4980.0034,0.1154,False,False,False,False,N10
264,15410.1832,0.145,0.6706,16865.1702,0.174,True,False,False,False,N10
265,1712.3784,0.0002,0.3912,31631.0016,0.1492,False,False,False,False,N10
266,622.0873,0.0003,0.9549,37735.8883,0.1613,False,False,False,False,N10
267,243.131,0.0,0.9883,15865.2299,0.0118,False,False,False,False,N10
268,,,,5561.2116,0.2209,False,False,False,False,N10
269,,,,6414.028,0.0231,False,False,False,False,N10
27,8995.0409,0.1836,0.6535,16657.8975,0.5525,True,False,False,True,N10
270,1978.016,0.0,0.9999,20397.8746,0.0472,True,False,False,False,N10
271,5551.2025,0.0,0.9951,1272.6628,0.0838,True,False,False,False,N10
272,53.5366,0.0,0.9703,20460.3352,0.1293,False,False,False,False,N10
273,513.5728,0.0,0.9987,56032.7303,0.1033,False,False,False,False,N10
274,12718.5168,0.0625,0.5339,26474.5244,0.1326,True,False,False,False,N10
275,4841.3614,0.0,0.993,26047.236,0.0268,True,False,False,False,N10
276,6115.8118,0.0009,0.8941,78586.0498,0.0491,True,False,False,False,N10
277,82336.8583,0.0645,0.7921,76620.7346,0.2113,True,False,False,False,N10
278,2288.054,0.0006,0.9253,23946.3518,0.0305,True,False,False,False,N10
279,271.0185,0.0,0.8953,33906.9061,0.1542,False,False,False,False,N10
28,601193.1768,0.3857,0.2936,122309.3091,0.6561,False,True,False,True,N10
280,29.3879,0.0,1.0,522.2951,0.0109,False,False,False,False,N10
281,2783.0719,0.0215,0.7995,10580.7607,0.1684,True,False,False,False,N10
282,,,,4.2687,0.0,False,False,False,False,N10
283,13385.3895,0.0,0.9858,54770.3154,0.0618,True,False,False,False,N10
284,6.9319,0.0,1.0,801.2599,0.0349,False,False,False,False,N10
285,79351.4071,0.0432,0.8607,65868.4219,0.2624,True,False,False,False,N10
287,1858.791,0.0,0.9956,16387.6883,0.0451,True,False,False,False,N10
288,12.9906,0.0,1.0,29447.0735,0.0421,False,False,False,False,N10
289,1046.6596,0.0,0.918,14589.4231,0.0251,True,False,False,False,N10
29,36281.1525,0.6093,0.1382,2198.7013,0.6515,False,True,True,True,N10
290,78.3598,0.0,1.0,20425.9638,0.093,False,False,False,False,N10
291,,,,17061.2261,0.0176,False,False,False,False,N10
292,5.1497,0.0,0.0,34054.8275,0.0794,False,False,False,False,N10
293,23.3108,0.0,1.0,4565.4835,0.0773,False,False,False,False,N10
294,4.6439,0.0,1.0,1659.429,0.0377,False,False,False,False,N10
295,43.4244,0.0,0.9618,10527.2974,0.0318,False,False,False,False,N10
296,,,,26518.0905,0.0195,False,False,False,False,N10
297,,,,527.1653,0.0,False,False,False,False,N10
298,23180.5865,0.0274,0.8918,34771.3077,0.0405,True,False,False,False,N10
299,23.1397,0.0,0.9821,5485.7787,0.015,False,False,False,False,N10
3,16991.7187,0.0119,0.8803,101817.1706,0.3667,True,False,False,False,N10
30,18179.3016,0.1617,0.7597,19851.5172,0.1381,True,False,False,False,N10
300,301.8338,0.0,0.9997,8342.8741,0.0096,False,False,False,False,N10
31,134957.7875,0.4047,0.343,80405.36,0.5803,False,True,False,True,N10
32,32347.9073,0.1291,0.7322,58585.7058,0.1118,True,False,False,False,N10
33,77129.3618,0.0049,0.7463,2081.6807,0.3647,True,False,False,False,N10
34,201240.1201,0.1837,0.7283,87904.8347,0.2459,True,False,False,False,N10
35,76155.2551,0.2292,0.4183,3200.5463,0.5164,False,True,False,True,N10
36,455041.9007,0.4168,0.2808,125083.9191,0.6145,False,True,False,True,N10
37,89186.0307,0.463,0.3899,59549.3844,0.6535,False,True,False,True,N10
38,28940.3436,0.3129,0.5187,32030.9212,0.5688,True,True,False,True,N10
39,283736.6654,0.1108,0.6333,22472.6219,0.3896,True,False,False,False,N10
4,5474.2001,0.0011,0.9705,16525.0694,0.2066,True,False,False,False,N10
40,82308.5869,0.3814,0.2781,9755.3723,0.6345,False,True,False,True,N10
41,71518.0732,0.0856,0.8376,55637.4329,0.1501,True,False,False,False,N10
42,15564.8697,0.0037,0.7414,40206.4889,0.1027,True,False,False,False,N10
43,31981.0254,0.1984,0.5392,16840.764,0.5102,True,False,False,True,N10
44,31243.8916,0.4847,0.2006,72093.5737,0.4027,False,True,False,False,N10
45,317925.0545,0.3558,0.2914,48194.4484,0.7714,False,True,False,True,N10
46,2735.2052,0.1285,0.4501,13236.1716,0.1846,False,False,False,False,N10
47,342089.5395,0.4694,0.313,242540.376,0.7306,False,True,False,True,N10
48,83296.9992,0.4949,0.3326,50624.3489,0.845,False,True,False,True,N10
49,51038.0383,0.0453,0.8119,74431.2877,0.2397,True,False,False,False,N10
5,2683.5889,0.0,0.9895,20691.5772,0.2629,True,False,False,False,N10
50,104108.5451,0.0398,0.9015,41981.7589,0.2068,True,False,False,False,N10
51,66620.03,0.3678,0.1482,2580.7169,0.518,False,True,False,True,N10
52,79812.3839,0.2087,0.1293,2551.9699,0.4986,False,True,False,False,N10
53,493700.8779,0.1277,0.324,15307.9874,0.6366,False,False,False,True,N10
54,289034.6151,0.0023,0.8939,29521.9553,0.0283,True,False,False,False,N10
55,65897.5942,0.1854,0.6734,49526.8295,0.3942,True,False,False,False,N10
56,764612.4848,0.0454,0.7255,38423.417,0.2983,True,False,False,False,N10
58,54711.1532,0.3444,0.421,21057.0532,0.4274,False,True,False,False,N10
59,59930.4171,0.4703,0.2999,21481.4359,0.6113,False,True,False,True,N10
6,2006.1234,0.0026,0.9845,75041.1146,0.2506,True,False,False,False,N10
60,292594.9006,0.1986,0.3102,91143.4362,0.6281,False,False,False,True,N10
62,5889.4389,0.0234,0.8069,4619.5775,0.2265,True,False,False,False,N10
63,148280.0601,0.1174,0.7054,67726.7947,0.3497,True,False,False,False,N10
64,24716.6786,0.0246,0.7672,263.2876,0.002,True,False,False,False,N10
65,131603.2519,0.0642,0.623,6338.9817,0.5529,True,False,False,True,N10
66,117006.7009,0.0113,0.8339,141.7817,0.0395,True,False,False,False,N10
67,30747.791,0.2199,0.4233,21694.7532,0.4525,False,True,False,False,N10
68,199661.9499,0.1849,0.5446,205871.5492,0.1689,True,False,False,False,N10
69,129151.1062,0.196,0.5778,82536.1821,0.5513,True,False,False,True,N10
7,6.7732,0.0,0.7763,24193.8836,0.4594,False,False,False,False,N10
70,120581.5784,0.013,0.8648,41880.4577,0.3445,True,False,False,False,N10
71,32473.5421,0.0035,0.9543,38187.7618,0.1683,True,False,False,False,N10
72,37963.0849,0.2051,0.5462,32979.0434,0.582,True,True,False,True,N10
73,155220.0495,0.0054,0.8786,20889.0286,0.0851,True,False,False,False,N10
74,95902.5032,0.0004,0.9488,151274.9288,0.0089,True,False,False,False,N10
75,116604.0578,0.0616,0.7118,6480.221,0.2871,True,False,False,False,N10
76,59188.0131,0.0009,0.8052,1840.3114,0.1283,True,False,False,False,N10
77,27625.2222,0.0166,0.9579,9309.3337,0.2075,True,False,False,False,N10
78,210705.5831,0.0653,0.7071,54014.1864,0.3464,True,False,False,False,N10
79,225610.7993,0.0347,0.7335,6035.3562,0.2607,True,False,False,False,N10
8,8601.5342,0.0203,0.7727,117920.0394,0.3057,True,False,False,False,N10
80,80813.6751,0.0076,0.9291,388.2529,0.0081,True,False,False,False,N10
82,38542.9436,0.0191,0.7048,319.0343,0.1073,True,False,False,False,N10
83,479527.7112,0.1942,0.515,144417.2042,0.4772,True,False,False,False,N10
84,39400.0963,0.0139,0.9302,24221.8503,0.1658,True,False,False,False,N10
85,17942.3523,0.3268,0.5633,6656.8009,0.1957,True,True,False,False,N10
86,3235.7752,0.0,0.9994,11698.6964,0.0019,True,False,False,False,N10
87,213607.5834,0.0468,0.8586,159788.8473,0.0493,True,False,False,False,N10
88,1484.7786,0.0,0.9306,1846.2908,0.0016,True,False,False,False,N10
89,480551.2038,0.0064,0.776,7961.8329,0.359,True,False,False,False,N10
9,3223.6122,0.319,0.3099,150710.044,0.7683,False,True,False,True,N10
90,152445.6619,0.1719,0.5036,74393.9893,0.6258,True,False,False,True,N10
91,41632.5248,0.0857,0.5363,12552.7982,0.2643,True,False,False,False,N10
92,27598.3152,0.0,0.9408,6569.7845,0.6324,True,False,False,True,N10
94,11910.2175,0.0,1.0,1385.7225,0.0025,True,False,False,False,N10
95,154807.9057,0.0609,0.6724,107122.4349,0.257,True,False,False,False,N10
96,13848.8073,0.0025,0.9716,7105.5752,0.0443,True,False,False,False,N10
97,73425.9495,0.0051,0.9309,240335.7593,0.0394,True,False,False,False,N10
98,3087.0277,0.0165,0.7929,48638.735,0.1426,True,False,False,False,N10
99,28681.3565,0.0895,0.6715,17379.5596,0.107,True,False,False,False,N10
AMZ_CerraPant001,15418.3175,0.0045,0.8021,18958.001,0.2659,True,False,False,False,N10
AMZ_CerraPant002,1914.0207,0.0,0.9969,10609.0122,0.0041,True,False,False,False,N10
AMZ_CerraPant004,22379.2265,0.029,0.5804,4748.8677,0.1475,True,False,False,False,N10
AMZ_CerraPant005,11446.6213,0.0001,0.8778,3385.9786,0.001,True,False,False,False,N10
AMZ_CerraPant008,3651.1872,0.0798,0.8824,1047.7865,0.3605,True,False,False,False,N10
AMZ_CerraPant009,4346.5973,0.0003,0.9962,9660.0086,0.0118,True,False,False,False,N10
AMZ_CerraPant010,10072.1247,0.0,1.0,4581.0365,0.007,True,False,False,False,N10
AMZ_CerraPant011,7120.4163,0.0,0.9974,9925.2984,0.0292,True,False,False,False,N10
AMZ_CerraPant012,2625.7609,0.0,1.0,13026.3277,0.0567,True,False,False,False,N10
AMZ_CerraPant013,693.9166,0.0,1.0,15637.5001,0.0132,False,False,False,False,N10
AMZ_CerraPant014,4949.9382,0.6566,0.0958,4084.1855,0.4857,False,True,True,False,N10
AMZ_CerraPant015,2329.7571,0.4989,0.1557,2712.2169,0.4524,False,True,False,False,N10
AMZ_CerraPant016,1.496,0.0,0.0588,3852.954,0.726,False,False,False,True,N10
AMZ_CerraPant017,6128.3831,0.4951,0.2291,5017.3861,0.2022,False,True,False,False,N10
AMZ_CerraPant018,379.3608,0.1814,0.5543,410.1849,0.1141,False,False,False,False,N10
AMZ_CerraPant019,19167.9019,0.0103,0.5538,17280.9787,0.8661,True,False,False,True,N10
AMZ_CerraPant020,11383.7636,0.0001,0.9721,4334.785,0.2489,True,False,False,False,N10
AMZ_CerraPant022,13.2191,0.0,1.0,635.7799,0.1707,False,False,False,False,N10
AMZ_CerraPant023,61087.0572,0.529,0.274,6675.3837,0.2317,False,True,True,False,N10
AMZ_CerraPant024,50.5764,0.0,0.9705,13534.4757,0.0416,False,False,False,False,N10
AMZ_CerraPant025,5132.4239,0.3405,0.4232,1132.5329,0.3875,False,True,False,False,N10
AMZ_CerraPant026,4468.9917,0.0377,0.7553,20198.9542,0.4299,True,False,False,False,N10
AMZ_CerraPant027,5743.1805,0.0761,0.6902,6472.1313,0.1968,True,False,False,False,N10
AMZ_CerraPant028,1067.6122,0.7848,0.0378,3583.009,0.2688,False,True,True,False,N10
AMZ_CerraPant029,12123.4775,0.0004,0.9928,31591.3319,0.1814,True,False,False,False,N10
AMZ_CerraPant030,14103.3797,0.0197,0.6742,7889.6076,0.424,True,False,False,False,N10
AMZ_CerraPant031,32076.5999,0.0,0.7802,9599.1121,0.1815,True,False,False,False,N10
AMZ_CerraPant032,6588.3243,0.0004,0.9977,3321.6381,0.0701,True,False,False,False,N10
AMZ_CerraPant033,8826.4849,0.1943,0.7791,7615.8361,0.2232,True,False,False,False,N10
AMZ_CerraPant034,21232.1951,0.0852,0.8343,11881.1439,0.2706,True,False,False,False,N10
AMZ_CerraPant035,4899.9687,0.2361,0.6542,2041.2386,0.249,True,True,False,False,N10
AMZ_CerraPant036,3490.8223,0.1981,0.5005,5956.5449,0.1581,True,False,False,False,N10
AMZ_CerraPant037,3237.1709,0.0074,0.8416,17952.5394,0.3695,True,False,False,False,N10
AMZ_CerraPant038,1872.1776,0.0273,0.7995,5962.3924,0.4724,True,False,False,False,N10
AMZ_CerraPant039,1124.4862,0.1151,0.6022,23613.9203,0.3043,True,False,False,False,N10
AMZ_CerraPant041,17646.1017,0.376,0.3632,28586.073,0.7248,False,True,False,True,N10
AMZ_CerraPant042,64926.4266,0.4465,0.3721,21314.6429,0.4498,False,True,False,False,N10
AMZ_CerraPant043,459.7171,0.0471,0.3308,1533.3838,0.194,False,False,False,False,N10
AMZ_CerraPant044,57.9926,0.6692,0.179,12685.8325,0.7401,False,False,False,True,N10
AMZ_CerraPant045,5985.5973,0.1271,0.7505,3807.3456,0.1479,True,False,False,False,N10
AMZ_CerraPant046,11623.0871,0.0,0.9974,36563.1396,0.0173,True,False,False,False,N10
CAA_CerraPa001,713.3638,0.0,0.9212,7997.9744,0.2243,False,False,False,False,N10
CAA_CerraPa002,762.8732,0.0004,0.7463,2546.073,0.408,False,False,False,False,N10
CAA_CerraPa003,17616.3323,0.0081,0.7381,27768.5565,0.0827,True,False,False,False,N10
CAA_CerraPa004,2861.8903,0.0,0.983,107.923,0.0,True,False,False,False,N10
CAA_CerraPa005,569.96,0.0,0.9878,11273.9454,0.434,False,False,False,False,N10
CAA_CerraPa006,3282.2351,0.0004,0.9241,1377.8446,0.3768,True,False,False,False,N10
CAA_CerraPa007,14096.2429,0.0,0.971,,,True,False,False,False,N10
CAA_CerraPa008,334.9914,0.0,0.8097,10737.7639,0.2273,False,False,False,False,N10
CerraPa_MA001,0.0833,0.0,0.0,1532.0761,0.3194,False,False,False,False,N10
CerraPa_MA002,,,,2445.9311,0.0472,False,False,False,False,N10
CerraPa_MA003,,,,516.1596,0.0066,False,False,False,False,N10
CerraPa_MA004,29512.865,0.0,0.9908,364.4599,0.0554,True,False,False,False,N10
CerraPa_MA005,,,,1208.9328,0.0334,False,False,False,False,N10
1,228192.3371,0.1144,0.6365,218590.3087,0.3551,True,False,False,False,N15
10,4965.3312,0.078,0.5849,25738.1435,0.3929,True,False,False,False,N15
100,3568.5251,0.0,0.9182,17761.169,0.0063,True,False,False,False,N15
101,195344.8147,0.0451,0.7959,35111.9948,0.1265,True,False,False,False,N15
102,188999.5917,0.2427,0.5134,65810.675,0.4484,True,True,False,False,N15
103,6641.6513,0.2303,0.476,1921.2568,0.1372,False,True,False,False,N15
104,45430.6131,0.0004,0.9669,9532.4324,0.1749,True,False,False,False,N15
105,24958.9498,0.0001,0.9862,7721.9852,0.1309,True,False,False,False,N15
106,504932.359,0.0187,0.405,5276.881,0.5426,False,False,False,True,N15
107,35037.0561,0.0031,0.9763,6970.677,0.1292,True,False,False,False,N15
108,205843.4103,0.0268,0.572,39512.2791,0.3732,True,False,False,False,N15
109,83087.9199,0.2563,0.4352,77420.6363,0.5919,False,True,False,True,N15
11,219.1937,0.4756,0.2201,5047.1531,0.8526,False,False,False,True,N15
110,124721.9434,0.4025,0.3116,38167.0589,0.5936,False,True,False,True,N15
111,99646.2172,0.024,0.4021,3166.0802,0.5377,False,False,False,True,N15
112,47362.7113,0.0274,0.617,32321.4355,0.0724,True,False,False,False,N15
113,56583.5097,0.0047,0.9111,138813.2705,0.0458,True,False,False,False,N15
114,113651.4022,0.4001,0.3795,42560.7635,0.4305,False,True,False,False,N15
115,183196.8763,0.2265,0.468,68986.1409,0.6465,False,True,False,True,N15
116,28385.1932,0.0448,0.8888,3164.3606,0.1199,True,False,False,False,N15
117,3071.7711,0.1928,0.4489,424.8697,0.1188,False,False,False,False,N15
118,61028.41,0.0029,0.7603,1064.8372,0.0445,True,False,False,False,N15
119,51770.5419,0.1297,0.6225,28986.0157,0.3699,True,False,False,False,N15
12,1670.5344,0.0362,0.6385,9944.5481,0.3835,True,False,False,False,N15
120,84248.1132,0.1562,0.6436,37084.2398,0.4767,True,False,False,False,N15
121,25479.4148,0.0,0.939,463.9664,0.0589,True,False,False,False,N15
122,6542.969,0.0,0.9916,457.3898,0.0152,True,False,False,False,N15
123,20196.7191,0.6093,0.1435,11209.811,0.637,False,True,True,True,N15
124,72374.0157,0.0702,0.234,1164.1204,0.662,False,False,False,True,N15
125,7421.5982,0.0,0.974,132.0147,0.0,True,False,False,False,N15
126,221959.1534,0.142,0.3845,41943.8394,0.282,False,False,False,False,N15
127,33127.8796,0.0319,0.6593,40240.6849,0.1564,True,False,False,False,N15
128,75118.6789,0.1396,0.6708,41666.4071,0.4312,True,False,False,False,N15
129,251289.0755,0.0801,0.2947,35619.3559,0.234,False,False,False,False,N15
13,16521.7854,0.2369,0.5052,12454.4611,0.1666,True,True,False,False,N15
130,263102.5031,0.048,0.4969,5650.3938,0.3571,False,False,False,False,N15
131,12321.477,0.8512,0.0249,3563.0553,0.5639,False,True,True,True,N15
132,24891.7226,0.1091,0.5706,1486.9605,0.4062,True,False,False,False,N15
133,29542.1354,0.1382,0.4968,15582.1573,0.0964,False,False,False,False,N15
134,297471.8806,0.0485,0.5706,163845.267,0.2083,True,False,False,False,N15
135,31794.761,0.0,0.9794,299.4467,0.0055,True,False,False,False,N15
136,48618.1353,0.1466,0.5431,31509.7447,0.3494,True,False,False,False,N15
137,50136.0248,0.0296,0.6591,29814.708,0.1125,True,False,False,False,N15
138,103421.6021,0.07,0.6069,79902.8339,0.111,True,False,False,False,N15
139,297353.3308,0.0757,0.7381,40715.9349,0.3549,True,False,False,False,N15
14,39926.0564,0.6742,0.0582,86260.054,0.6018,False,True,True,True,N15
140,38467.3063,0.2112,0.6446,37835.1777,0.1815,True,True,False,False,N15
141,87724.0583,0.0001,0.9808,6140.7177,0.1745,True,False,False,False,N15
142,41687.9942,0.495,0.2434,24108.5896,0.6955,False,True,False,True,N15
143,15170.8495,0.0,0.9937,328.3006,0.0024,True,False,False,False,N15
144,51393.9497,0.0912,0.6803,41902.8299,0.3988,True,False,False,False,N15
145,62957.8244,0.0,0.9768,995.0039,0.3018,True,False,False,False,N15
146,163577.6753,0.2154,0.4756,141057.8368,0.6174,False,True,False,True,N15
147,519538.5146,0.0092,0.8031,27107.1914,0.1906,True,False,False,False,N15
148,4403.6918,0.0,0.9912,152.9969,0.2316,True,False,False,False,N15
149,20326.4849,0.0159,0.5625,27998.2155,0.2497,True,False,False,False,N15
15,37282.1544,0.8073,0.0378,8262.8882,0.6889,False,True,True,True,N15
150,116178.6886,0.0955,0.5068,31001.7991,0.2814,True,False,False,False,N15
151,23962.3007,0.0626,0.7336,7296.7954,0.1583,True,False,False,False,N15
152,120303.4089,0.0002,0.9849,6465.4135,0.0519,True,False,False,False,N15
153,223906.8505,0.0394,0.5882,140906.3646,0.3578,True,False,False,False,N15
154,535.9429,0.0,0.3901,1718.044,0.4192,False,False,False,False,N15
155,24359.6484,0.0145,0.5724,36796.4048,0.2119,True,False,False,False,N15
156,73762.9904,0.0249,0.578,113702.5943,0.3445,True,False,False,False,N15
157,38770.4673,0.0031,0.7323,59393.8259,0.2185,True,False,False,False,N15
158,40395.0103,0.2082,0.5966,43817.9146,0.2473,True,True,False,False,N15
159,144810.1523,0.1172,0.6619,78498.341,0.1765,True,False,False,False,N15
16,113749.706,0.5815,0.118,33984.9222,0.5795,False,True,True,True,N15
160,8027.2447,0.0695,0.6414,1878.3385,0.2822,True,False,False,False,N15
161,54971.7799,0.097,0.5582,66657.703,0.2677,True,False,False,False,N15
162,1349.7624,0.0583,0.8785,2640.6538,0.1257,True,False,False,False,N15
163,19619.3231,0.0,0.9334,1748.0298,0.0036,True,False,False,False,N15
164,93154.0588,0.4726,0.2204,16730.2697,0.2697,False,True,False,False,N15
165,133929.117,0.0222,0.8236,46987.4814,0.2185,True,False,False,False,N15
166,23048.158,0.0038,0.9214,32657.0516,0.1182,True,False,False,False,N15
167,3955.923,0.0,0.993,377.471,0.0023,True,False,False,False,N15
168,322658.3927,0.0172,0.6354,137171.2334,0.3537,True,False,False,False,N15
169,81662.5989,0.0915,0.5683,63151.0338,0.3119,True,False,False,False,N15
17,1709.4068,0.2744,0.4479,2064.1125,0.7303,False,True,False,True,N15
170,55993.317,0.0006,0.9381,5707.4522,0.1239,True,False,False,False,N15
172,12181.7948,0.0249,0.9548,4097.306,0.4876,True,False,False,False,N15
173,221919.931,0.0037,0.9427,22348.2054,0.1668,True,False,False,False,N15
174,41102.968,0.0037,0.8877,13594.2749,0.1293,True,False,False,False,N15
175,7238.4153,0.135,0.6769,18826.374,0.1197,True,False,False,False,N15
176,47009.9715,0.0092,0.8946,45036.1642,0.0711,True,False,False,False,N15
177,17002.2864,0.0054,0.9378,16231.4262,0.087,True,False,False,False,N15
178,86834.1692,0.0004,0.9788,34915.0793,0.076,True,False,False,False,N15
179,26856.1532,0.0089,0.8645,30345.0035,0.1185,True,False,False,False,N15
18,235933.5085,0.1888,0.4848,112812.5028,0.2679,False,False,False,False,N15
180,115589.45,0.1368,0.311,43083.55,0.2833,False,False,False,False,N15
181,32124.2175,0.0,0.9672,790.5714,0.1013,True,False,False,False,N15
182,63148.8278,0.0652,0.6806,11746.9956,0.2663,True,False,False,False,N15
183,792.0313,0.0176,0.8581,74373.9153,0.0535,False,False,False,False,N15
184,27279.3431,0.0289,0.8671,32197.8327,0.135,True,False,False,False,N15
185,101655.5132,0.07,0.6844,19594.7635,0.5017,True,False,False,True,N15
186,92661.0937,0.0002,0.9442,9110.0176,0.0282,True,False,False,False,N15
187,42488.1341,0.0001,0.9377,3115.2676,0.1166,True,False,False,False,N15
188,109087.0827,0.0117,0.8715,23730.1585,0.1283,True,False,False,False,N15
189,120597.7741,0.0489,0.3295,165641.3136,0.5801,False,False,False,True,N15
19,252587.966,0.3966,0.2278,39932.05,0.5883,False,True,False,True,N15
190,107190.209,0.0013,0.9831,58404.763,0.0691,True,False,False,False,N15
191,872.8404,0.0017,0.5542,37905.6348,0.0429,False,False,False,False,N15
192,13672.8158,0.0001,0.8785,12826.5447,0.1263,True,False,False,False,N15
193,4433.3382,0.0,0.9441,18274.5122,0.0275,True,False,False,False,N15
194,825.4338,0.0238,0.8148,1292.6526,0.1121,False,False,False,False,N15
195,119902.5316,0.0208,0.9087,9326.3369,0.1031,True,False,False,False,N15
196,13027.9529,0.0007,0.9411,9797.3326,0.1254,True,False,False,False,N15
197,25486.9953,0.1135,0.7029,13369.1522,0.2143,True,False,False,False,N15
198,409.2157,0.0094,0.9307,21103.4602,0.0199,False,False,False,False,N15
199,75252.0642,0.0069,0.7785,23948.5566,0.0771,True,False,False,False,N15
2,28783.059,0.2591,0.4282,627008.4835,0.4314,False,True,False,False,N15
20,207139.7292,0.4069,0.2269,105570.2608,0.5683,False,True,False,True,N15
200,79032.165,0.0003,0.9753,38117.5609,0.0478,True,False,False,False,N15
201,24853.2864,0.0135,0.7871,25862.2877,0.1216,True,False,False,False,N15
202,22257.1846,0.0001,0.934,3941.8457,0.0161,True,False,False,False,N15
203,39101.5982,0.0096,0.8847,58210.4271,0.068,True,False,False,False,N15
204,3001.484,0.0078,0.9588,29427.7971,0.0515,True,False,False,False,N15
205,91698.4367,0.0324,0.7269,38021.9818,0.3914,True,False,False,False,N15
206,19324.3981,0.0059,0.8831,19456.3274,0.108,True,False,False,False,N15
207,11383.3996,0.0007,0.8711,31403.969,0.0672,True,False,False,False,N15
208,20799.8314,0.0016,0.8697,4910.3467,0.1116,True,False,False,False,N15
209,27800.2376,0.011,0.6693,33698.2001,0.1279,True,False,False,False,N15
21,18688.5558,0.4944,0.2931,9026.0179,0.607,False,True,False,True,N15
210,46628.7968,0.0002,0.968,21599.0118,0.0898,True,False,False,False,N15
211,64265.7861,0.0138,0.8429,27560.3618,0.1267,True,False,False,False,N15
212,31274.6645,0.0102,0.8597,21834.9025,0.0923,True,False,False,False,N15
213,2931.5619,0.021,0.7766,43929.023,0.0557,True,False,False,False,N15
214,43911.8074,0.0017,0.9309,54901.842,0.0431,True,False,False,False,N15
215,32373.264,0.0001,0.8539,2926.3959,0.2584,True,False,False,False,N15
216,130692.7163,0.0421,0.9097,48092.2658,0.293,True,False,False,False,N15
217,60843.9395,0.0001,0.9869,110698.4766,0.0968,True,False,False,False,N15
218,138395.1865,0.0305,0.7199,90859.9427,0.2051,True,False,False,False,N15
219,109470.6854,0.0565,0.5965,16345.8777,0.3028,True,False,False,False,N15
22,236616.5521,0.5176,0.1519,44516.0284,0.6862,False,True,True,True,N15
220,50546.9766,0.037,0.5669,135257.5832,0.1363,True,False,False,False,N15
221,228802.2593,0.0033,0.8819,197842.3042,0.0705,True,False,False,False,N15
222,11636.2434,0.0,0.9484,5383.6208,0.0474,True,False,False,False,N15
223,99364.1987,0.0287,0.7725,65030.4569,0.1083,True,False,False,False,N15
224,50316.2572,0.1414,0.1518,58927.7772,0.598,False,False,False,True,N15
225,46954.5229,0.0003,0.981,18115.1438,0.1755,True,False,False,False,N15
226,21.5652,0.0,1.0,2784.0476,0.0468,False,False,False,False,N15
227,11679.1222,0.0002,0.8233,40932.2276,0.0591,True,False,False,False,N15
228,6550.4446,0.0003,0.9135,3863.4379,0.0486,True,False,False,False,N15
229,76985.0835,0.0417,0.7958,118349.3112,0.3489,True,False,False,False,N15
23,307048.6879,0.2254,0.3036,39551.8476,0.5546,False,True,False,True,N15
230,46313.5165,0.0009,0.9451,34379.7997,0.0427,True,False,False,False,N15
231,10404.0382,0.2396,0.6036,38470.0101,0.0588,True,True,False,False,N15
232,10727.1464,0.0118,0.8112,3460.4122,0.0748,True,False,False,False,N15
233,6507.4541,0.0,0.9995,33576.9294,0.0265,True,False,False,False,N15
234,183468.4319,0.0094,0.9101,78139.7951,0.1957,True,False,False,False,N15
235,15782.5253,0.0,0.9875,49642.7132,0.0667,True,False,False,False,N15
236,43434.9161,0.0033,0.8939,16265.0354,0.0371,True,False,False,False,N15
237,52638.8,0.0366,0.6849,57702.313,0.1662,True,False,False,False,N15
238,41691.6601,0.0027,0.935,116640.6621,0.0408,True,False,False,False,N15
239,54139.7845,0.1966,0.5357,73060.3015,0.0547,True,False,False,False,N15
24,417215.9756,0.6425,0.1048,109223.1611,0.5565,False,True,True,True,N15
240,10252.8027,0.0,0.9994,47694.7514,0.023,True,False,False,False,N15
241,16275.9785,0.0006,0.969,113490.5722,0.029,True,False,False,False,N15
242,7862.277,0.0,0.9987,11990.7639,0.0293,True,False,False,False,N15
243,94991.911,0.0064,0.9116,69353.7871,0.0675,True,False,False,False,N15
244,3084.8249,0.0,0.9834,4452.8881,0.018,True,False,False,False,N15
245,286470.0768,0.0813,0.6794,212057.293,0.3342,True,False,False,False,N15
246,29459.5526,0.0542,0.6057,54124.0108,0.3428,True,False,False,False,N15
247,4856.2773,0.0003,0.9121,28443.6542,0.1222,True,False,False,False,N15
248,8822.4129,0.0,0.994,1582.1568,0.0305,True,False,False,False,N15
249,595.2503,0.0,0.7246,7418.5344,0.5095,False,False,False,True,N15
25,14317.1906,0.5282,0.2677,2352.5546,0.4379,False,True,True,False,N15
250,2012.3151,0.0,0.9883,87497.2364,0.0954,True,False,False,False,N15
251,8309.4355,0.0869,0.6082,6696.428,0.1077,True,False,False,False,N15
252,136079.452,0.2559,0.2224,44137.1588,0.3041,False,True,False,False,N15
253,12796.199,0.0097,0.9257,47574.3952,0.0295,True,False,False,False,N15
254,7569.837,0.0164,0.7473,26322.9165,0.0726,True,False,False,False,N15
255,11134.1983,0.0111,0.8125,63584.0785,0.2071,True,False,False,False,N15
256,1332.7571,0.014,0.9485,43600.2227,0.0331,True,False,False,False,N15
257,65550.88,0.0593,0.1479,24164.903,0.3366,False,False,False,False,N15
258,48381.0417,0.0486,0.3787,64094.0622,0.1829,False,False,False,False,N15
259,39460.7517,0.0915,0.6845,21042.2872,0.2258,True,False,False,False,N15
26,18537.6119,0.5246,0.1675,9366.9815,0.4203,False,True,True,False,N15
260,65665.1164,0.3916,0.2028,23116.7612,0.1665,False,True,False,False,N15
261,3551.0764,0.0015,0.9553,142063.7965,0.0703,True,False,False,False,N15
262,,,,3265.5185,0.0899,False,False,False,False,N15
263,27.9909,0.0,0.6935,4980.0034,0.1154,False,False,False,False,N15
264,15410.1832,0.168,0.5903,16865.1702,0.174,True,False,False,False,N15
265,1712.3784,0.0002,0.3882,31631.0016,0.1492,False,False,False,False,N15
266,622.0873,0.0009,0.9412,37735.8883,0.1613,False,False,False,False,N15
267,243.131,0.0,0.982,15865.2299,0.0118,False,False,False,False,N15
268,,,,5561.2116,0.2209,False,False,False,False,N15
269,,,,6414.028,0.0231,False,False,False,False,N15
27,8995.0409,0.2503,0.4567,16657.8975,0.5525,False,True,False,True,N15
270,1978.016,0.0,0.9999,20397.8746,0.0472,True,False,False,False,N15
271,5551.2025,0.0,0.9951,1272.6628,0.0838,True,False,False,False,N15
272,53.5366,0.0,0.9703,20460.3352,0.1293,False,False,False,False,N15
273,513.5728,0.0,0.9883,56032.7303,0.1033,False,False,False,False,N15
274,12718.5168,0.0656,0.4776,26474.5244,0.1326,False,False,False,False,N15
275,4841.3614,0.0,0.9764,26047.236,0.0268,True,False,False,False,N15
276,6115.8118,0.0009,0.8899,78586.0498,0.0491,True,False,False,False,N15
277,82336.8583,0.0646,0.7914,76620.7346,0.2113,True,False,False,False,N15
278,2288.054,0.0038,0.9096,23946.3518,0.0305,True,False,False,False,N15
279,271.0185,0.0,0.8947,33906.9061,0.1542,False,False,False,False,N15
28,601193.1768,0.4322,0.1637,122309.3091,0.6561,False,True,False,True,N15
280,29.3879,0.0,0.9259,522.2951,0.0109,False,False,False,False,N15
281,2783.0719,0.0515,0.7042,10580.7607,0.1684,True,False,False,False,N15
282,,,,4.2687,0.0,False,False,False,False,N15
283,13385.3895,0.0,0.9853,54770.3154,0.0618,True,False,False,False,N15
284,6.9319,0.0,1.0,801.2599,0.0349,False,False,False,False,N15
285,79351.4071,0.0532,0.8472,65868.4219,0.2624,True,False,False,False,N15
287,1858.791,0.0,0.9881,16387.6883,0.0451,True,False,False,False,N15
288,12.9906,0.0,1.0,29447.0735,0.0421,False,False,False,False,N15
289,1046.6596,0.0,0.9158,14589.4231,0.0251,True,False,False,False,N15
29,36281.1525,0.6238,0.1012,2198.7013,0.6515,False,True,True,True,N15
290,78.3598,0.0,1.0,20425.9638,0.093,False,False,False,False,N15
291,,,,17061.2261,0.0176,False,False,False,False,N15
292,5.1497,0.0,0.0,34054.8275,0.0794,False,False,False,False,N15
293,23.3108,0.0,1.0,4565.4835,0.0773,False,False,False,False,N15
294,4.6439,0.0,1.0,1659.429,0.0377,False,False,False,False,N15
295,43.4244,0.0,0.811,10527.2974,0.0318,False,False,False,False,N15
296,,,,26518.0905,0.0195,False,False,False,False,N15
297,,,,527.1653,0.0,False,False,False,False,N15
298,23180.5865,0.0347,0.8689,34771.3077,0.0405,True,False,False,False,N15
299,23.1397,0.0,0.9821,5485.7787,0.015,False,False,False,False,N15
3,16991.7187,0.0128,0.8111,101817.1706,0.3667,True,False,False,False,N15
30,18179.3016,0.2303,0.6649,19851.5172,0.1381,True,True,False,False,N15
300,301.8338,0.0,0.9865,8342.8741,0.0096,False,False,False,False,N15
31,134957.7875,0.4435,0.2407,80405.36,0.5803,False,True,False,True,N15
32,32347.9073,0.1611,0.6616,58585.7058,0.1118,True,False,False,False,N15
33,77129.3618,0.0068,0.6229,2081.6807,0.3647,True,False,False,False,N15
34,201240.1201,0.2374,0.638,87904.8347,0.2459,True,True,False,False,N15
35,76155.2551,0.2467,0.2947,3200.5463,0.5164,False,True,False,True,N15
36,455041.9007,0.4378,0.2037,125083.9191,0.6145,False,True,False,True,N15
37,89186.0307,0.54,0.2541,59549.3844,0.6535,False,True,True,True,N15
38,28940.3436,0.4153,0.3314,32030.9212,0.5688,False,True,False,True,N15
39,283736.6654,0.1238,0.4837,22472.6219,0.3896,False,False,False,False,N15
4,5474.2001,0.0071,0.9368,16525.0694,0.2066,True,False,False,False,N15
40,82308.5869,0.414,0.1384,9755.3723,0.6345,False,True,False,True,N15
41,71518.0732,0.1051,0.7929,55637.4329,0.1501,True,False,False,False,N15
42,15564.8697,0.0045,0.6885,40206.4889,0.1027,True,False,False,False,N15
43,31981.0254,0.2356,0.4518,16840.764,0.5102,False,True,False,True,N15
44,31243.8916,0.4984,0.1627,72093.5737,0.4027,False,True,False,False,N15
45,317925.0545,0.4009,0.1826,48194.4484,0.7714,False,True,False,True,N15
46,2735.2052,0.1286,0.4451,13236.1716,0.1846,False,False,False,False,N15
47,342089.5395,0.5383,0.1945,242540.376,0.7306,False,True,True,True,N15
48,83296.9992,0.5832,0.174,50624.3489,0.845,False,True,True,True,N15
49,51038.0383,0.0498,0.7788,74431.2877,0.2397,True,False,False,False,N15
5,2683.5889,0.0018,0.9537,20691.5772,0.2629,True,False,False,False,N15
50,104108.5451,0.0633,0.8455,41981.7589,0.2068,True,False,False,False,N15
51,66620.03,0.392,0.0747,2580.7169,0.518,False,True,False,True,N15
52,79812.3839,0.2153,0.082,2551.9699,0.4986,False,True,False,False,N15
53,493700.8779,0.1392,0.1631,15307.9874,0.6366,False,False,False,True,N15
54,289034.6151,0.0024,0.8746,29521.9553,0.0283,True,False,False,False,N15
55,65897.5942,0.2577,0.5436,49526.8295,0.3942,True,True,False,False,N15
56,764612.4848,0.0568,0.5816,38423.417,0.2983,True,False,False,False,N15
58,54711.1532,0.385,0.298,21057.0532,0.4274,False,True,False,False,N15
59,59930.4171,0.4967,0.2335,21481.4359,0.6113,False,True,False,True,N15
6,2006.1234,0.0031,0.9764,75041.1146,0.2506,True,False,False,False,N15
60,292594.9006,0.2048,0.27,91143.4362,0.6281,False,True,False,True,N15
62,5889.4389,0.0418,0.7495,4619.5775,0.2265,True,False,False,False,N15
63,148280.0601,0.1418,0.5832,67726.7947,0.3497,True,False,False,False,N15
64,24716.6786,0.0278,0.6848,263.2876,0.002,True,False,False,False,N15
65,131603.2519,0.082,0.4036,6338.9817,0.5529,False,False,False,True,N15
66,117006.7009,0.0599,0.3475,141.7817,0.0395,False,False,False,False,N15
67,30747.791,0.2342,0.3636,21694.7532,0.4525,False,True,False,False,N15
68,199661.9499,0.193,0.5118,205871.5492,0.1689,True,False,False,False,N15
69,129151.1062,0.2096,0.5089,82536.1821,0.5513,True,True,False,True,N15
7,6.7732,0.0,0.7763,24193.8836,0.4594,False,False,False,False,N15
70,120581.5784,0.0206,0.7372,41880.4577,0.3445,True,False,False,False,N15
71,32473.5421,0.0088,0.8917,38187.7618,0.1683,True,False,False,False,N15
72,37963.0849,0.2259,0.4704,32979.0434,0.582,False,True,False,True,N15
73,155220.0495,0.0118,0.6724,20889.0286,0.0851,True,False,False,False,N15
74,95902.5032,0.0006,0.9387,151274.9288,0.0089,True,False,False,False,N15
75,116604.0578,0.1177,0.4737,6480.221,0.2871,False,False,False,False,N15
76,59188.0131,0.0009,0.702,1840.3114,0.1283,True,False,False,False,N15
77,27625.2222,0.0176,0.9532,9309.3337,0.2075,True,False,False,False,N15
78,210705.5831,0.0811,0.5948,54014.1864,0.3464,True,False,False,False,N15
79,225610.7993,0.0515,0.5715,6035.3562,0.2607,True,False,False,False,N15
8,8601.5342,0.0217,0.7385,117920.0394,0.3057,True,False,False,False,N15
80,80813.6751,0.0078,0.9047,388.2529,0.0081,True,False,False,False,N15
82,38542.9436,0.0471,0.4202,319.0343,0.1073,False,False,False,False,N15
83,479527.7112,0.2078,0.4375,144417.2042,0.4772,False,True,False,False,N15
84,39400.0963,0.0146,0.908,24221.8503,0.1658,True,False,False,False,N15
85,17942.3523,0.3286,0.5469,6656.8009,0.1957,True,True,False,False,N15
86,3235.7752,0.0,0.9994,11698.6964,0.0019,True,False,False,False,N15
87,213607.5834,0.0705,0.7296,159788.8473,0.0493,True,False,False,False,N15
88,1484.7786,0.0,0.9306,1846.2908,0.0016,True,False,False,False,N15
89,480551.2038,0.0085,0.5732,7961.8329,0.359,True,False,False,False,N15
9,3223.6122,0.3411,0.1753,150710.044,0.7683,False,True,False,True,N15
90,152445.6619,0.1919,0.3951,74393.9893,0.6258,False,False,False,True,N15
91,41632.5248,0.0911,0.5051,12552.7982,0.2643,True,False,False,False,N15
92,27598.3152,0.0,0.6984,6569.7845,0.6324,True,False,False,True,N15
94,11910.2175,0.0012,0.9946,1385.7225,0.0025,True,False,False,False,N15
95,154807.9057,0.0727,0.6122,107122.4349,0.257,True,False,False,False,N15
96,13848.8073,0.0026,0.9639,7105.5752,0.0443,True,False,False,False,N15
97,73425.9495,0.0111,0.8928,240335.7593,0.0394,True,False,False,False,N15
98,3087.0277,0.0171,0.7891,48638.735,0.1426,True,False,False,False,N15
99,28681.3565,0.092,0.6597,17379.5596,0.107,True,False,False,False,N15
AMZ_CerraPant001,15418.3175,0.0134,0.7755,18958.001,0.2659,True,False,False,False,N15
AMZ_CerraPant002,1914.0207,0.0,0.9969,10609.0122,0.0041,True,False,False,False,N15
AMZ_CerraPant004,22379.2265,0.0361,0.4395,4748.8677,0.1475,False,False,False,False,N15
AMZ_CerraPant005,11446.6213,0.0001,0.8671,3385.9786,0.001,True,False,False,False,N15
AMZ_CerraPant008,3651.1872,0.1674,0.7642,1047.7865,0.3605,True,False,False,False,N15
AMZ_CerraPant009,4346.5973,0.0004,0.9956,9660.0086,0.0118,True,False,False,False,N15
AMZ_CerraPant010,10072.1247,0.0037,0.8711,4581.0365,0.007,True,False,False,False,N15
AMZ_CerraPant011,7120.4163,0.0,0.9973,9925.2984,0.0292,True,False,False,False,N15
AMZ_CerraPant012,2625.7609,0.0,0.9999,13026.3277,0.0567,True,False,False,False,N15
AMZ_CerraPant013,693.9166,0.0,1.0,15637.5001,0.0132,False,False,False,False,N15
AMZ_CerraPant014,4949.9382,0.6584,0.0784,4084.1855,0.4857,False,True,True,False,N15
AMZ_CerraPant015,2329.7571,0.5112,0.125,2712.2169,0.4524,False,True,True,False,N15
AMZ_CerraPant016,1.496,0.0,0.0,3852.954,0.726,False,False,False,True,N15
AMZ_CerraPant017,6128.3831,0.503,0.1879,5017.3861,0.2022,False,True,True,False,N15
AMZ_CerraPant018,379.3608,0.1898,0.4251,410.1849,0.1141,False,False,False,False,N15
AMZ_CerraPant019,19167.9019,0.0142,0.5377,17280.9787,0.8661,True,False,False,True,N15
AMZ_CerraPant020,11383.7636,0.0291,0.7817,4334.785,0.2489,True,False,False,False,N15
AMZ_CerraPant022,13.2191,0.0,1.0,635.7799,0.1707,False,False,False,False,N15
AMZ_CerraPant023,61087.0572,0.5367,0.2479,6675.3837,0.2317,False,True,True,False,N15
AMZ_CerraPant024,50.5764,0.0,0.9705,13534.4757,0.0416,False,False,False,False,N15
AMZ_CerraPant025,5132.4239,0.3456,0.3711,1132.5329,0.3875,False,True,False,False,N15
AMZ_CerraPant026,4468.9917,0.0465,0.6714,20198.9542,0.4299,True,False,False,False,N15
AMZ_CerraPant027,5743.1805,0.0771,0.6814,6472.1313,0.1968,True,False,False,False,N15
AMZ_CerraPant028,1067.6122,0.7852,0.0336,3583.009,0.2688,False,True,True,False,N15
AMZ_CerraPant029,12123.4775,0.0004,0.9081,31591.3319,0.1814,True,False,False,False,N15
AMZ_CerraPant030,14103.3797,0.0435,0.5154,7889.6076,0.424,True,False,False,False,N15
AMZ_CerraPant031,32076.5999,0.0,0.7798,9599.1121,0.1815,True,False,False,False,N15
AMZ_CerraPant032,6588.3243,0.0005,0.997,3321.6381,0.0701,True,False,False,False,N15
AMZ_CerraPant033,8826.4849,0.2641,0.6761,7615.8361,0.2232,True,True,False,False,N15
AMZ_CerraPant034,21232.1951,0.116,0.7752,11881.1439,0.2706,True,False,False,False,N15
AMZ_CerraPant035,4899.9687,0.294,0.5644,2041.2386,0.249,True,True,False,False,N15
AMZ_CerraPant036,3490.8223,0.2291,0.4103,5956.5449,0.1581,False,True,False,False,N15
AMZ_CerraPant037,3237.1709,0.008,0.8378,17952.5394,0.3695,True,False,False,False,N15
AMZ_CerraPant038,1872.1776,0.0317,0.7664,5962.3924,0.4724,True,False,False,False,N15
AMZ_CerraPant039,1124.4862,0.1186,0.568,23613.9203,0.3043,True,False,False,False,N15
AMZ_CerraPant041,17646.1017,0.4012,0.2848,28586.073,0.7248,False,True,False,True,N15
AMZ_CerraPant042,64926.4266,0.5083,0.2756,21314.6429,0.4498,False,True,True,False,N15
AMZ_CerraPant043,459.7171,0.0471,0.3308,1533.3838,0.194,False,False,False,False,N15
AMZ_CerraPant044,57.9926,0.6692,0.1775,12685.8325,0.7401,False,False,False,True,N15
AMZ_CerraPant045,5985.5973,0.1385,0.7261,3807.3456,0.1479,True,False,False,False,N15
AMZ_CerraPant046,11623.0871,0.0,0.997,36563.1396,0.0173,True,False,False,False,N15
CAA_CerraPa001,713.3638,0.0,0.903,7997.9744,0.2243,False,False,False,False,N15
CAA_CerraPa002,762.8732,0.0027,0.6753,2546.073,0.408,False,False,False,False,N15
CAA_CerraPa003,17616.3323,0.0126,0.4946,27768.5565,0.0827,False,False,False,False,N15
CAA_CerraPa004,2861.8903,0.0,0.983,107.923,0.0,True,False,False,False,N15
CAA_CerraPa005,569.96,0.0,0.9855,11273.9454,0.434,False,False,False,False,N15
CAA_CerraPa006,3282.2351,0.0004,0.8401,1377.8446,0.3768,True,False,False,False,N15
CAA_CerraPa007,14096.2429,0.0,0.9568,,,True,False,False,False,N15
CAA_CerraPa008,334.9914,0.0,0.8091,10737.7639,0.2273,False,False,False,False,N15
CerraPa_MA001,0.0833,0.0,0.0,1532.0761,0.3194,False,False,False,False,N15
CerraPa_MA002,,,,2445.9311,0.0472,False,False,False,False,N15
CerraPa_MA003,,,,516.1596,0.0066,False,False,False,False,N15
CerraPa_MA004,29512.865,0.0002,0.9723,364.4599,0.0554,True,False,False,False,N15
CerraPa_MA005,,,,1208.9328,0.0334,False,False,False,False,N15
1,228192.3371,0.1187,0.5953,218590.3087,0.3551,True,False,False,False,N25
10,4965.3312,0.0781,0.5514,25738.1435,0.3929,True,False,False,False,N25
100,3568.5251,0.0,0.9131,17761.169,0.0063,True,False,False,False,N25
101,195344.8147,0.0695,0.6342,35111.9948,0.1265,True,False,False,False,N25
102,188999.5917,0.2612,0.3828,65810.675,0.4484,False,True,False,False,N25
103,6641.6513,0.3052,0.2459,1921.2568,0.1372,False,True,False,False,N25
104,45430.6131,0.0008,0.8928,9532.4324,0.1749,True,False,False,False,N25
105,24958.9498,0.0008,0.9273,7721.9852,0.1309,True,False,False,False,N25
106,504932.359,0.0207,0.3226,5276.881,0.5426,False,False,False,True,N25
107,35037.0561,0.0033,0.9481,6970.677,0.1292,True,False,False,False,N25
108,205843.4103,0.0321,0.4578,39512.2791,0.3732,False,False,False,False,N25
109,83087.9199,0.2928,0.2823,77420.6363,0.5919,False,True,False,True,N25
11,219.1937,0.4866,0.1548,5047.1531,0.8526,False,False,False,True,N25
110,124721.9434,0.4285,0.2034,38167.0589,0.5936,False,True,False,True,N25
111,99646.2172,0.027,0.3059,3166.0802,0.5377,False,False,False,True,N25
112,47362.7113,0.0284,0.4158,32321.4355,0.0724,False,False,False,False,N25
113,56583.5097,0.0089,0.8412,138813.2705,0.0458,True,False,False,False,N25
114,113651.4022,0.451,0.2223,42560.7635,0.4305,False,True,False,False,N25
115,183196.8763,0.2694,0.2848,68986.1409,0.6465,False,True,False,True,N25
116,28385.1932,0.0796,0.701,3164.3606,0.1199,True,False,False,False,N25
117,3071.7711,0.2002,0.3447,424.8697,0.1188,False,True,False,False,N25
118,61028.41,0.0076,0.721,1064.8372,0.0445,True,False,False,False,N25
119,51770.5419,0.1586,0.445,28986.0157,0.3699,False,False,False,False,N25
12,1670.5344,0.0362,0.6294,9944.5481,0.3835,True,False,False,False,N25
120,84248.1132,0.1943,0.477,37084.2398,0.4767,False,False,False,False,N25
121,25479.4148,0.0002,0.919,463.9664,0.0589,True,False,False,False,N25
122,6542.969,0.0001,0.925,457.3898,0.0152,True,False,False,False,N25
123,20196.7191,0.6133,0.0768,11209.811,0.637,False,True,True,True,N25
124,72374.0157,0.0779,0.1452,1164.1204,0.662,False,False,False,True,N25
125,7421.5982,0.0003,0.9212,132.0147,0.0,True,False,False,False,N25
126,221959.1534,0.1528,0.2996,41943.8394,0.282,False,False,False,False,N25
127,33127.8796,0.041,0.5316,40240.6849,0.1564,True,False,False,False,N25
128,75118.6789,0.1808,0.4598,41666.4071,0.4312,False,False,False,False,N25
129,251289.0755,0.0851,0.1251,35619.3559,0.234,False,False,False,False,N25
13,16521.7854,0.2733,0.3244,12454.4611,0.1666,False,True,False,False,N25
130,263102.5031,0.0522,0.393,5650.3938,0.3571,False,False,False,False,N25
131,12321.477,0.8514,0.0189,3563.0553,0.5639,False,True,True,True,N25
132,24891.7226,0.1545,0.3199,1486.9605,0.4062,False,False,False,False,N25
133,29542.1354,0.149,0.4307,15582.1573,0.0964,False,False,False,False,N25
134,297471.8806,0.0543,0.4771,163845.267,0.2083,False,False,False,False,N25
135,31794.761,0.0,0.9545,299.4467,0.0055,True,False,False,False,N25
136,48618.1353,0.1514,0.3696,31509.7447,0.3494,False,False,False,False,N25
137,50136.0248,0.0319,0.5795,29814.708,0.1125,True,False,False,False,N25
138,103421.6021,0.1016,0.4841,79902.8339,0.111,False,False,False,False,N25
139,297353.3308,0.1222,0.5134,40715.9349,0.3549,True,False,False,False,N25
14,39926.0564,0.6801,0.0277,86260.054,0.6018,False,True,True,True,N25
140,38467.3063,0.3089,0.4039,37835.1777,0.1815,False,True,False,False,N25
141,87724.0583,0.0003,0.9397,6140.7177,0.1745,True,False,False,False,N25
142,41687.9942,0.5234,0.1357,24108.5896,0.6955,False,True,True,True,N25
143,15170.8495,0.0,0.9934,328.3006,0.0024,True,False,False,False,N25
144,51393.9497,0.1207,0.4992,41902.8299,0.3988,False,False,False,False,N25
145,62957.8244,0.0,0.8062,995.0039,0.3018,True,False,False,False,N25
146,163577.6753,0.2439,0.3064,141057.8368,0.6174,False,True,False,True,N25
147,519538.5146,0.0124,0.698,27107.1914,0.1906,True,False,False,False,N25
148,4403.6918,0.0,0.712,152.9969,0.2316,True,False,False,False,N25
149,20326.4849,0.0176,0.5025,27998.2155,0.2497,True,False,False,False,N25
15,37282.1544,0.8143,0.0178,8262.8882,0.6889,False,True,True,True,N25
150,116178.6886,0.0974,0.4341,31001.7991,0.2814,False,False,False,False,N25
151,23962.3007,0.0694,0.6001,7296.7954,0.1583,True,False,False,False,N25
152,120303.4089,0.0004,0.9497,6465.4135,0.0519,True,False,False,False,N25
153,223906.8505,0.0698,0.456,140906.3646,0.3578,False,False,False,False,N25
154,535.9429,0.0,0.389,1718.044,0.4192,False,False,False,False,N25
155,24359.6484,0.0148,0.5377,36796.4048,0.2119,True,False,False,False,N25
156,73762.9904,0.0323,0.4234,113702.5943,0.3445,False,False,False,False,N25
157,38770.4673,0.0048,0.6445,59393.8259,0.2185,True,False,False,False,N25
158,40395.0103,0.2663,0.418,43817.9146,0.2473,False,True,False,False,N25
159,144810.1523,0.1365,0.4801,78498.341,0.1765,False,False,False,False,N25
16,113749.706,0.5875,0.0918,33984.9222,0.5795,False,True,True,True,N25
160,8027.2447,0.0821,0.4786,1878.3385,0.2822,False,False,False,False,N25
161,54971.7799,0.1092,0.4597,66657.703,0.2677,False,False,False,False,N25
162,1349.7624,0.0702,0.6855,2640.6538,0.1257,True,False,False,False,N25
163,19619.3231,0.0,0.9236,1748.0298,0.0036,True,False,False,False,N25
164,93154.0588,0.4963,0.0931,16730.2697,0.2697,False,True,False,False,N25
165,133929.117,0.0259,0.7351,46987.4814,0.2185,True,False,False,False,N25
166,23048.158,0.0063,0.8642,32657.0516,0.1182,True,False,False,False,N25
167,3955.923,0.0,0.9783,377.471,0.0023,True,False,False,False,N25
168,322658.3927,0.0214,0.5928,137171.2334,0.3537,True,False,False,False,N25
169,81662.5989,0.1081,0.4389,63151.0338,0.3119,False,False,False,False,N25
17,1709.4068,0.3826,0.2864,2064.1125,0.7303,False,True,False,True,N25
170,55993.317,0.0006,0.9119,5707.4522,0.1239,True,False,False,False,N25
172,12181.7948,0.0943,0.7586,4097.306,0.4876,True,False,False,False,N25
173,221919.931,0.0063,0.8829,22348.2054,0.1668,True,False,False,False,N25
174,41102.968,0.007,0.7831,13594.2749,0.1293,True,False,False,False,N25
175,7238.4153,0.1465,0.5329,18826.374,0.1197,True,False,False,False,N25
176,47009.9715,0.0161,0.7165,45036.1642,0.0711,True,False,False,False,N25
177,17002.2864,0.0083,0.833,16231.4262,0.087,True,False,False,False,N25
178,86834.1692,0.0005,0.9633,34915.0793,0.076,True,False,False,False,N25
179,26856.1532,0.0106,0.7984,30345.0035,0.1185,True,False,False,False,N25
18,235933.5085,0.2145,0.3196,112812.5028,0.2679,False,True,False,False,N25
180,115589.45,0.1381,0.2742,43083.55,0.2833,False,False,False,False,N25
181,32124.2175,0.0,0.9105,790.5714,0.1013,True,False,False,False,N25
182,63148.8278,0.0674,0.6614,11746.9956,0.2663,True,False,False,False,N25
183,792.0313,0.0236,0.7889,74373.9153,0.0535,False,False,False,False,N25
184,27279.3431,0.032,0.7563,32197.8327,0.135,True,False,False,False,N25
185,101655.5132,0.2016,0.3225,19594.7635,0.5017,False,True,False,True,N25
186,92661.0937,0.0002,0.899,9110.0176,0.0282,True,False,False,False,N25
187,42488.1341,0.0002,0.848,3115.2676,0.1166,True,False,False,False,N25
188,109087.0827,0.0172,0.7819,23730.1585,0.1283,True,False,False,False,N25
189,120597.7741,0.0548,0.2659,165641.3136,0.5801,False,False,False,True,N25
19,252587.966,0.408,0.1554,39932.05,0.5883,False,True,False,True,N25
190,107190.209,0.0034,0.9007,58404.763,0.0691,True,False,False,False,N25
191,872.8404,0.0019,0.2372,37905.6348,0.0429,False,False,False,False,N25
192,13672.8158,0.0046,0.7769,12826.5447,0.1263,True,False,False,False,N25
193,4433.3382,0.0004,0.8868,18274.5122,0.0275,True,False,False,False,N25
194,825.4338,0.0398,0.612,1292.6526,0.1121,False,False,False,False,N25
195,119902.5316,0.0611,0.7638,9326.3369,0.1031,True,False,False,False,N25
196,13027.9529,0.0012,0.8969,9797.3326,0.1254,True,False,False,False,N25
197,25486.9953,0.1544,0.3598,13369.1522,0.2143,False,False,False,False,N25
198,409.2157,0.0247,0.8236,21103.4602,0.0199,False,False,False,False,N25
199,75252.0642,0.0088,0.6682,23948.5566,0.0771,True,False,False,False,N25
2,28783.059,0.2807,0.3468,627008.4835,0.4314,False,True,False,False,N25
20,207139.7292,0.4255,0.1487,105570.2608,0.5683,False,True,False,True,N25
200,79032.165,0.0013,0.7929,38117.5609,0.0478,True,False,False,False,N25
201,24853.2864,0.0204,0.5745,25862.2877,0.1216,True,False,False,False,N25
202,22257.1846,0.0001,0.9173,3941.8457,0.0161,True,False,False,False,N25
203,39101.5982,0.0148,0.6349,58210.4271,0.068,True,False,False,False,N25
204,3001.484,0.0904,0.8243,29427.7971,0.0515,True,False,False,False,N25
205,91698.4367,0.0687,0.4535,38021.9818,0.3914,False,False,False,False,N25
206,19324.3981,0.0078,0.8009,19456.3274,0.108,True,False,False,False,N25
207,11383.3996,0.0011,0.6613,31403.969,0.0672,True,False,False,False,N25
208,20799.8314,0.0022,0.7902,4910.3467,0.1116,True,False,False,False,N25
209,27800.2376,0.0148,0.5889,33698.2001,0.1279,True,False,False,False,N25
21,18688.5558,0.5241,0.1726,9026.0179,0.607,False,True,True,True,N25
210,46628.7968,0.0005,0.9314,21599.0118,0.0898,True,False,False,False,N25
211,64265.7861,0.0175,0.7319,27560.3618,0.1267,True,False,False,False,N25
212,31274.6645,0.0184,0.6146,21834.9025,0.0923,True,False,False,False,N25
213,2931.5619,0.021,0.7238,43929.023,0.0557,True,False,False,False,N25
214,43911.8074,0.007,0.7462,54901.842,0.0431,True,False,False,False,N25
215,32373.264,0.0001,0.741,2926.3959,0.2584,True,False,False,False,N25
216,130692.7163,0.1043,0.6919,48092.2658,0.293,True,False,False,False,N25
217,60843.9395,0.0003,0.89,110698.4766,0.0968,True,False,False,False,N25
218,138395.1865,0.0321,0.6268,90859.9427,0.2051,True,False,False,False,N25
219,109470.6854,0.0609,0.4283,16345.8777,0.3028,False,False,False,False,N25
22,236616.5521,0.527,0.0981,44516.0284,0.6862,False,True,True,True,N25
220,50546.9766,0.0391,0.4977,135257.5832,0.1363,False,False,False,False,N25
221,228802.2593,0.0051,0.7792,197842.3042,0.0705,True,False,False,False,N25
222,11636.2434,0.0002,0.9298,5383.6208,0.0474,True,False,False,False,N25
223,99364.1987,0.0384,0.5663,65030.4569,0.1083,True,False,False,False,N25
224,50316.2572,0.1425,0.1195,58927.7772,0.598,False,False,False,True,N25
225,46954.5229,0.0069,0.8227,18115.1438,0.1755,True,False,False,False,N25
226,21.5652,0.0,1.0,2784.0476,0.0468,False,False,False,False,N25
227,11679.1222,0.0012,0.7487,40932.2276,0.0591,True,False,False,False,N25
228,6550.4446,0.0003,0.8829,3863.4379,0.0486,True,False,False,False,N25
229,76985.0835,0.0573,0.6458,118349.3112,0.3489,True,False,False,False,N25
23,307048.6879,0.229,0.2282,39551.8476,0.5546,False,True,False,True,N25
230,46313.5165,0.0019,0.8792,34379.7997,0.0427,True,False,False,False,N25
231,10404.0382,0.2416,0.5217,38470.0101,0.0588,True,True,False,False,N25
232,10727.1464,0.0156,0.6898,3460.4122,0.0748,True,False,False,False,N25
233,6507.4541,0.0,0.9954,33576.9294,0.0265,True,False,False,False,N25
234,183468.4319,0.0287,0.7635,78139.7951,0.1957,True,False,False,False,N25
235,15782.5253,0.0,0.9486,49642.7132,0.0667,True,False,False,False,N25
236,43434.9161,0.0048,0.8219,16265.0354,0.0371,True,False,False,False,N25
237,52638.8,0.0386,0.5948,57702.313,0.1662,True,False,False,False,N25
238,41691.6601,0.0028,0.8819,116640.6621,0.0408,True,False,False,False,N25
239,54139.7845,0.236,0.4018,73060.3015,0.0547,False,True,False,False,N25
24,417215.9756,0.658,0.0568,109223.1611,0.5565,False,True,True,True,N25
240,10252.8027,0.0,0.9972,47694.7514,0.023,True,False,False,False,N25
241,16275.9785,0.0019,0.9289,113490.5722,0.029,True,False,False,False,N25
242,7862.277,0.0,0.9549,11990.7639,0.0293,True,False,False,False,N25
243,94991.911,0.0098,0.8445,69353.7871,0.0675,True,False,False,False,N25
244,3084.8249,0.0,0.9562,4452.8881,0.018,True,False,False,False,N25
245,286470.0768,0.114,0.5125,212057.293,0.3342,True,False,False,False,N25
246,29459.5526,0.0656,0.4112,54124.0108,0.3428,False,False,False,False,N25
247,4856.2773,0.0003,0.8454,28443.6542,0.1222,True,False,False,False,N25
248,8822.4129,0.0,0.9374,1582.1568,0.0305,True,False,False,False,N25
249,595.2503,0.0,0.7005,7418.5344,0.5095,False,False,False,True,N25
25,14317.1906,0.5933,0.1247,2352.5546,0.4379,False,True,True,False,N25
250,2012.3151,0.0,0.8777,87497.2364,0.0954,True,False,False,False,N25
251,8309.4355,0.134,0.3276,6696.428,0.1077,False,False,False,False,N25
252,136079.452,0.271,0.1077,44137.1588,0.3041,False,True,False,False,N25
253,12796.199,0.0108,0.9034,47574.3952,0.0295,True,False,False,False,N25
254,7569.837,0.0244,0.6048,26322.9165,0.0726,True,False,False,False,N25
255,11134.1983,0.015,0.5432,63584.0785,0.2071,True,False,False,False,N25
256,1332.7571,0.0232,0.867,43600.2227,0.0331,True,False,False,False,N25
257,65550.88,0.0596,0.0508,24164.903,0.3366,False,False,False,False,N25
258,48381.0417,0.0592,0.1338,64094.0622,0.1829,False,False,False,False,N25
259,39460.7517,0.1383,0.4275,21042.2872,0.2258,False,False,False,False,N25
26,18537.6119,0.5365,0.1073,9366.9815,0.4203,False,True,True,False,N25
260,65665.1164,0.4016,0.1304,23116.7612,0.1665,False,True,False,False,N25
261,3551.0764,0.0015,0.8745,142063.7965,0.0703,True,False,False,False,N25
262,,,,3265.5185,0.0899,False,False,False,False,N25
263,27.9909,0.0,0.6935,4980.0034,0.1154,False,False,False,False,N25
264,15410.1832,0.2027,0.3875,16865.1702,0.174,False,True,False,False,N25
265,1712.3784,0.0005,0.3852,31631.0016,0.1492,False,False,False,False,N25
266,622.0873,0.0009,0.899,37735.8883,0.1613,False,False,False,False,N25
267,243.131,0.0,0.9689,15865.2299,0.0118,False,False,False,False,N25
268,,,,5561.2116,0.2209,False,False,False,False,N25
269,,,,6414.028,0.0231,False,False,False,False,N25
27,8995.0409,0.3199,0.224,16657.8975,0.5525,False,True,False,True,N25
270,1978.016,0.0,0.9042,20397.8746,0.0472,True,False,False,False,N25
271,5551.2025,0.0,0.6938,1272.6628,0.0838,True,False,False,False,N25
272,53.5366,0.0,0.8748,20460.3352,0.1293,False,False,False,False,N25
273,513.5728,0.0,0.9439,56032.7303,0.1033,False,False,False,False,N25
274,12718.5168,0.0732,0.3195,26474.5244,0.1326,False,False,False,False,N25
275,4841.3614,0.0,0.9162,26047.236,0.0268,True,False,False,False,N25
276,6115.8118,0.0016,0.8053,78586.0498,0.0491,True,False,False,False,N25
277,82336.8583,0.0694,0.6734,76620.7346,0.2113,True,False,False,False,N25
278,2288.054,0.012,0.8342,23946.3518,0.0305,True,False,False,False,N25
279,271.0185,0.0,0.8763,33906.9061,0.1542,False,False,False,False,N25
28,601193.1768,0.445,0.1013,122309.3091,0.6561,False,True,False,True,N25
280,29.3879,0.0,0.9145,522.2951,0.0109,False,False,False,False,N25
281,2783.0719,0.0855,0.3718,10580.7607,0.1684,False,False,False,False,N25
282,,,,4.2687,0.0,False,False,False,False,N25
283,13385.3895,0.0002,0.95,54770.3154,0.0618,True,False,False,False,N25
284,6.9319,0.0,1.0,801.2599,0.0349,False,False,False,False,N25
285,79351.4071,0.1296,0.6243,65868.4219,0.2624,True,False,False,False,N25
287,1858.791,0.0005,0.9336,16387.6883,0.0451,True,False,False,False,N25
288,12.9906,0.0,0.9743,29447.0735,0.0421,False,False,False,False,N25
289,1046.6596,0.0,0.6337,14589.4231,0.0251,True,False,False,False,N25
29,36281.1525,0.6293,0.0692,2198.7013,0.6515,False,True,True,True,N25
290,78.3598,0.0,0.9385,20425.9638,0.093,False,False,False,False,N25
291,,,,17061.2261,0.0176,False,False,False,False,N25
292,5.1497,0.0,0.0,34054.8275,0.0794,False,False,False,False,N25
293,23.3108,0.0,1.0,4565.4835,0.0773,False,False,False,False,N25
294,4.6439,0.0,1.0,1659.429,0.0377,False,False,False,False,N25
295,43.4244,0.0,0.624,10527.2974,0.0318,False,False,False,False,N25
296,,,,26518.0905,0.0195,False,False,False,False,N25
297,,,,527.1653,0.0,False,False,False,False,N25
298,23180.5865,0.0604,0.6365,34771.3077,0.0405,True,False,False,False,N25
299,23.1397,0.0,0.9821,5485.7787,0.015,False,False,False,False,N25
3,16991.7187,0.0133,0.7816,101817.1706,0.3667,True,False,False,False,N25
30,18179.3016,0.3959,0.3591,19851.5172,0.1381,False,True,False,False,N25
300,301.8338,0.0011,0.9378,8342.8741,0.0096,False,False,False,False,N25
31,134957.7875,0.4668,0.1414,80405.36,0.5803,False,True,False,True,N25
32,32347.9073,0.2122,0.3947,58585.7058,0.1118,False,True,False,False,N25
33,77129.3618,0.0097,0.4769,2081.6807,0.3647,False,False,False,False,N25
34,201240.1201,0.3342,0.3856,87904.8347,0.2459,False,True,False,False,N25
35,76155.2551,0.251,0.2186,3200.5463,0.5164,False,True,False,True,N25
36,455041.9007,0.4517,0.1296,125083.9191,0.6145,False,True,False,True,N25
37,89186.0307,0.5835,0.1243,59549.3844,0.6535,False,True,True,True,N25
38,28940.3436,0.4681,0.1506,32030.9212,0.5688,False,True,False,True,N25
39,283736.6654,0.1263,0.4034,22472.6219,0.3896,False,False,False,False,N25
4,5474.2001,0.0079,0.8753,16525.0694,0.2066,True,False,False,False,N25
40,82308.5869,0.4174,0.0778,9755.3723,0.6345,False,True,False,True,N25
41,71518.0732,0.1633,0.5972,55637.4329,0.1501,True,False,False,False,N25
42,15564.8697,0.0064,0.2371,40206.4889,0.1027,False,False,False,False,N25
43,31981.0254,0.265,0.3023,16840.764,0.5102,False,True,False,True,N25
44,31243.8916,0.5106,0.0946,72093.5737,0.4027,False,True,True,False,N25
45,317925.0545,0.4125,0.1191,48194.4484,0.7714,False,True,False,True,N25
46,2735.2052,0.1309,0.3983,13236.1716,0.1846,False,False,False,False,N25
47,342089.5395,0.5789,0.089,242540.376,0.7306,False,True,True,True,N25
48,83296.9992,0.616,0.0708,50624.3489,0.845,False,True,True,True,N25
49,51038.0383,0.0748,0.5899,74431.2877,0.2397,True,False,False,False,N25
5,2683.5889,0.0074,0.9311,20691.5772,0.2629,True,False,False,False,N25
50,104108.5451,0.1332,0.5801,41981.7589,0.2068,True,False,False,False,N25
51,66620.03,0.3971,0.0411,2580.7169,0.518,False,True,False,True,N25
52,79812.3839,0.2223,0.043,2551.9699,0.4986,False,True,False,False,N25
53,493700.8779,0.1415,0.1042,15307.9874,0.6366,False,False,False,True,N25
54,289034.6151,0.0031,0.8221,29521.9553,0.0283,True,False,False,False,N25
55,65897.5942,0.2953,0.3681,49526.8295,0.3942,False,True,False,False,N25
56,764612.4848,0.0619,0.4241,38423.417,0.2983,False,False,False,False,N25
58,54711.1532,0.4149,0.1689,21057.0532,0.4274,False,True,False,False,N25
59,59930.4171,0.5074,0.1568,21481.4359,0.6113,False,True,True,True,N25
6,2006.1234,0.0036,0.964,75041.1146,0.2506,True,False,False,False,N25
60,292594.9006,0.2077,0.2263,91143.4362,0.6281,False,True,False,True,N25
62,5889.4389,0.0654,0.5334,4619.5775,0.2265,True,False,False,False,N25
63,148280.0601,0.1593,0.4124,67726.7947,0.3497,False,False,False,False,N25
64,24716.6786,0.0307,0.5941,263.2876,0.002,True,False,False,False,N25
65,131603.2519,0.0912,0.2947,6338.9817,0.5529,False,False,False,True,N25
66,117006.7009,0.0686,0.1488,141.7817,0.0395,False,False,False,False,N25
67,30747.791,0.2491,0.2336,21694.7532,0.4525,False,True,False,False,N25
68,199661.9499,0.2128,0.4057,205871.5492,0.1689,False,True,False,False,N25
69,129151.1062,0.2171,0.3579,82536.1821,0.5513,False,True,False,True,N25
7,6.7732,0.0,0.5395,24193.8836,0.4594,False,False,False,False,N25
70,120581.5784,0.0243,0.5973,41880.4577,0.3445,True,False,False,False,N25
71,32473.5421,0.0104,0.8415,38187.7618,0.1683,True,False,False,False,N25
72,37963.0849,0.241,0.1917,32979.0434,0.582,False,True,False,True,N25
73,155220.0495,0.0134,0.5256,20889.0286,0.0851,True,False,False,False,N25
74,95902.5032,0.0066,0.8606,151274.9288,0.0089,True,False,False,False,N25
75,116604.0578,0.1355,0.274,6480.221,0.2871,False,False,False,False,N25
76,59188.0131,0.0016,0.6323,1840.3114,0.1283,True,False,False,False,N25
77,27625.2222,0.0261,0.7534,9309.3337,0.2075,True,False,False,False,N25
78,210705.5831,0.0856,0.4959,54014.1864,0.3464,False,False,False,False,N25
79,225610.7993,0.058,0.426,6035.3562,0.2607,False,False,False,False,N25
8,8601.5342,0.0224,0.6975,117920.0394,0.3057,True,False,False,False,N25
80,80813.6751,0.0101,0.7963,388.2529,0.0081,True,False,False,False,N25
82,38542.9436,0.0554,0.2679,319.0343,0.1073,False,False,False,False,N25
83,479527.7112,0.2144,0.3514,144417.2042,0.4772,False,True,False,False,N25
84,39400.0963,0.0154,0.8716,24221.8503,0.1658,True,False,False,False,N25
85,17942.3523,0.334,0.4257,6656.8009,0.1957,False,True,False,False,N25
86,3235.7752,0.0,0.9626,11698.6964,0.0019,True,False,False,False,N25
87,213607.5834,0.0852,0.571,159788.8473,0.0493,True,False,False,False,N25
88,1484.7786,0.0,0.9305,1846.2908,0.0016,True,False,False,False,N25
89,480551.2038,0.0154,0.3749,7961.8329,0.359,False,False,False,False,N25
9,3223.6122,0.3454,0.104,150710.044,0.7683,False,True,False,True,N25
90,152445.6619,0.1983,0.3299,74393.9893,0.6258,False,False,False,True,N25
91,41632.5248,0.0944,0.4744,12552.7982,0.2643,False,False,False,False,N25
92,27598.3152,0.0,0.5205,6569.7845,0.6324,True,False,False,True,N25
94,11910.2175,0.0012,0.9453,1385.7225,0.0025,True,False,False,False,N25
95,154807.9057,0.0838,0.3975,107122.4349,0.257,False,False,False,False,N25
96,13848.8073,0.0044,0.9463,7105.5752,0.0443,True,False,False,False,N25
97,73425.9495,0.025,0.7459,240335.7593,0.0394,True,False,False,False,N25
98,3087.0277,0.0263,0.7421,48638.735,0.1426,True,False,False,False,N25
99,28681.3565,0.1186,0.447,17379.5596,0.107,False,False,False,False,N25
AMZ_CerraPant001,15418.3175,0.0423,0.6071,18958.001,0.2659,True,False,False,False,N25
AMZ_CerraPant002,1914.0207,0.0,0.988,10609.0122,0.0041,True,False,False,False,N25
AMZ_CerraPant004,22379.2265,0.0487,0.1462,4748.8677,0.1475,False,False,False,False,N25
AMZ_CerraPant005,11446.6213,0.0044,0.6449,3385.9786,0.001,True,False,False,False,N25
AMZ_CerraPant008,3651.1872,0.283,0.5108,1047.7865,0.3605,True,True,False,False,N25
AMZ_CerraPant009,4346.5973,0.0016,0.9724,9660.0086,0.0118,True,False,False,False,N25
AMZ_CerraPant010,10072.1247,0.0508,0.6754,4581.0365,0.007,True,False,False,False,N25
AMZ_CerraPant011,7120.4163,0.0017,0.9533,9925.2984,0.0292,True,False,False,False,N25
AMZ_CerraPant012,2625.7609,0.0002,0.9769,13026.3277,0.0567,True,False,False,False,N25
AMZ_CerraPant013,693.9166,0.0,0.9986,15637.5001,0.0132,False,False,False,False,N25
AMZ_CerraPant014,4949.9382,0.6588,0.0665,4084.1855,0.4857,False,True,True,False,N25
AMZ_CerraPant015,2329.7571,0.5174,0.0771,2712.2169,0.4524,False,True,True,False,N25
AMZ_CerraPant016,1.496,0.0,0.0,3852.954,0.726,False,False,False,True,N25
AMZ_CerraPant017,6128.3831,0.5141,0.1065,5017.3861,0.2022,False,True,True,False,N25
AMZ_CerraPant018,379.3608,0.1914,0.389,410.1849,0.1141,False,False,False,False,N25
AMZ_CerraPant019,19167.9019,0.0645,0.1655,17280.9787,0.8661,False,False,False,True,N25
AMZ_CerraPant020,11383.7636,0.0667,0.5725,4334.785,0.2489,True,False,False,False,N25
AMZ_CerraPant022,13.2191,0.0,0.5329,635.7799,0.1707,False,False,False,False,N25
AMZ_CerraPant023,61087.0572,0.5445,0.1756,6675.3837,0.2317,False,True,True,False,N25
AMZ_CerraPant024,50.5764,0.0659,0.6967,13534.4757,0.0416,False,False,False,False,N25
AMZ_CerraPant025,5132.4239,0.3461,0.2912,1132.5329,0.3875,False,True,False,False,N25
AMZ_CerraPant026,4468.9917,0.0642,0.1635,20198.9542,0.4299,False,False,False,False,N25
AMZ_CerraPant027,5743.1805,0.0797,0.1414,6472.1313,0.1968,False,False,False,False,N25
AMZ_CerraPant028,1067.6122,0.7863,0.0268,3583.009,0.2688,False,True,True,False,N25
AMZ_CerraPant029,12123.4775,0.0004,0.3625,31591.3319,0.1814,False,False,False,False,N25
AMZ_CerraPant030,14103.3797,0.0569,0.3338,7889.6076,0.424,False,False,False,False,N25
AMZ_CerraPant031,32076.5999,0.0,0.4666,9599.1121,0.1815,False,False,False,False,N25
AMZ_CerraPant032,6588.3243,0.0009,0.9886,3321.6381,0.0701,True,False,False,False,N25
AMZ_CerraPant033,8826.4849,0.499,0.2361,7615.8361,0.2232,False,True,False,False,N25
AMZ_CerraPant034,21232.1951,0.2048,0.5385,11881.1439,0.2706,True,True,False,False,N25
AMZ_CerraPant035,4899.9687,0.3996,0.3502,2041.2386,0.249,False,True,False,False,N25
AMZ_CerraPant036,3490.8223,0.2627,0.2491,5956.5449,0.1581,False,True,False,False,N25
AMZ_CerraPant037,3237.1709,0.0084,0.7842,17952.5394,0.3695,True,False,False,False,N25
AMZ_CerraPant038,1872.1776,0.064,0.667,5962.3924,0.4724,True,False,False,False,N25
AMZ_CerraPant039,1124.4862,0.1747,0.4314,23613.9203,0.3043,False,False,False,False,N25
AMZ_CerraPant041,17646.1017,0.4503,0.1525,28586.073,0.7248,False,True,False,True,N25
AMZ_CerraPant042,64926.4266,0.581,0.1247,21314.6429,0.4498,False,True,True,False,N25
AMZ_CerraPant043,459.7171,0.0471,0.324,1533.3838,0.194,False,False,False,False,N25
AMZ_CerraPant044,57.9926,0.6692,0.0759,12685.8325,0.7401,False,False,False,True,N25
AMZ_CerraPant045,5985.5973,0.2307,0.3506,3807.3456,0.1479,False,True,False,False,N25
AMZ_CerraPant046,11623.0871,0.003,0.9583,36563.1396,0.0173,True,False,False,False,N25
CAA_CerraPa001,713.3638,0.0,0.8879,7997.9744,0.2243,False,False,False,False,N25
CAA_CerraPa002,762.8732,0.0028,0.6464,2546.073,0.408,False,False,False,False,N25
CAA_CerraPa003,17616.3323,0.0173,0.2776,27768.5565,0.0827,False,False,False,False,N25
CAA_CerraPa004,2861.8903,0.0,0.9809,107.923,0.0,True,False,False,False,N25
CAA_CerraPa005,569.96,0.0,0.9767,11273.9454,0.434,False,False,False,False,N25
CAA_CerraPa006,3282.2351,0.0005,0.7904,1377.8446,0.3768,True,False,False,False,N25
CAA_CerraPa007,14096.2429,0.0,0.9267,,,True,False,False,False,N25
CAA_CerraPa008,334.9914,0.0,0.8075,10737.7639,0.2273,False,False,False,False,N25
CerraPa_MA001,0.0833,0.0,0.0,1532.0761,0.3194,False,False,False,False,N25
CerraPa_MA002,,,,2445.9311,0.0472,False,False,False,False,N25
CerraPa_MA003,,,,516.1596,0.0066,False,False,False,False,N25
CerraPa_MA004,29512.865,0.0005,0.9214,364.4599,0.0554,True,False,False,False,N25
CerraPa_MA005,,,,1208.9328,0.0334,False,False,False,False,N25
1,228192.3371,0.1851,0.6163,218590.3087,0.3551,True,False,False,False,k1
10,4965.3312,0.1615,0.5612,25738.1435,0.3929,True,False,False,False,k1
100,3568.5251,0.0,0.9177,17761.169,0.0063,True,False,False,False,k1
101,195344.8147,0.1372,0.6746,35111.9948,0.1265,True,False,False,False,k1
102,188999.5917,0.3498,0.4307,65810.675,0.4484,False,True,False,False,k1
103,6641.6513,0.4173,0.2784,1921.2568,0.1372,False,True,False,False,k1
104,45430.6131,0.0009,0.9316,9532.4324,0.1749,True,False,False,False,k1
105,24958.9498,0.0016,0.9654,7721.9852,0.1309,True,False,False,False,k1
106,504932.359,0.0851,0.3454,5276.881,0.5426,False,False,False,True,k1
107,35037.0561,0.0049,0.9621,6970.677,0.1292,True,False,False,False,k1
108,205843.4103,0.0872,0.4873,39512.2791,0.3732,False,False,False,False,k1
109,83087.9199,0.4201,0.339,77420.6363,0.5919,False,True,False,True,k1
11,219.1937,0.5573,0.1905,5047.1531,0.8526,False,False,False,True,k1
110,124721.9434,0.5352,0.2399,38167.0589,0.5936,False,True,True,True,k1
111,99646.2172,0.133,0.3352,3166.0802,0.5377,False,False,False,True,k1
112,47362.7113,0.0733,0.4264,32321.4355,0.0724,False,False,False,False,k1
113,56583.5097,0.023,0.868,138813.2705,0.0458,True,False,False,False,k1
114,113651.4022,0.532,0.255,42560.7635,0.4305,False,True,True,False,k1
115,183196.8763,0.3862,0.3359,68986.1409,0.6465,False,True,False,True,k1
116,28385.1932,0.0837,0.8165,3164.3606,0.1199,True,False,False,False,k1
117,3071.7711,0.3359,0.3707,424.8697,0.1188,False,True,False,False,k1
118,61028.41,0.0134,0.7379,1064.8372,0.0445,True,False,False,False,k1
119,51770.5419,0.2552,0.5109,28986.0157,0.3699,True,True,False,False,k1
12,1670.5344,0.0805,0.6368,9944.5481,0.3835,True,False,False,False,k1
120,84248.1132,0.2742,0.522,37084.2398,0.4767,True,True,False,False,k1
121,25479.4148,0.0002,0.9238,463.9664,0.0589,True,False,False,False,k1
122,6542.969,0.0002,0.9619,457.3898,0.0152,True,False,False,False,k1
123,20196.7191,0.7406,0.1339,11209.811,0.637,False,True,True,True,k1
124,72374.0157,0.203,0.1719,1164.1204,0.662,False,True,False,True,k1
125,7421.5982,0.0005,0.9285,132.0147,0.0,True,False,False,False,k1
126,221959.1534,0.2748,0.3418,41943.8394,0.282,False,True,False,False,k1
127,33127.8796,0.1132,0.574,40240.6849,0.1564,True,False,False,False,k1
128,75118.6789,0.2479,0.5579,41666.4071,0.4312,True,True,False,False,k1
129,251289.0755,0.2116,0.134,35619.3559,0.234,False,True,False,False,k1
13,16521.7854,0.3533,0.4198,12454.4611,0.1666,False,True,False,False,k1
130,263102.5031,0.1368,0.4429,5650.3938,0.3571,False,False,False,False,k1
131,12321.477,0.9232,0.02,3563.0553,0.5639,False,True,True,True,k1
132,24891.7226,0.273,0.3509,1486.9605,0.4062,False,True,False,False,k1
133,29542.1354,0.2254,0.4581,15582.1573,0.0964,False,True,False,False,k1
134,297471.8806,0.1259,0.5112,163845.267,0.2083,True,False,False,False,k1
135,31794.761,0.0025,0.9685,299.4467,0.0055,True,False,False,False,k1
136,48618.1353,0.2928,0.387,31509.7447,0.3494,False,True,False,False,k1
137,50136.0248,0.0788,0.5952,29814.708,0.1125,True,False,False,False,k1
138,103421.6021,0.2067,0.5245,79902.8339,0.111,True,True,False,False,k1
139,297353.3308,0.1832,0.6196,40715.9349,0.3549,True,False,False,False,k1
14,39926.0564,0.8059,0.0398,86260.054,0.6018,False,True,True,True,k1
140,38467.3063,0.3871,0.4832,37835.1777,0.1815,False,True,False,False,k1
141,87724.0583,0.0007,0.9658,6140.7177,0.1745,True,False,False,False,k1
142,41687.9942,0.6468,0.1511,24108.5896,0.6955,False,True,True,True,k1
143,15170.8495,0.0,0.9936,328.3006,0.0024,True,False,False,False,k1
144,51393.9497,0.2023,0.5648,41902.8299,0.3988,True,True,False,False,k1
145,62957.8244,0.0041,0.8465,995.0039,0.3018,True,False,False,False,k1
146,163577.6753,0.3677,0.3518,141057.8368,0.6174,False,True,False,True,k1
147,519538.5146,0.0377,0.7411,27107.1914,0.1906,True,False,False,False,k1
148,4403.6918,0.0,0.9679,152.9969,0.2316,True,False,False,False,k1
149,20326.4849,0.0935,0.5252,27998.2155,0.2497,True,False,False,False,k1
15,37282.1544,0.895,0.0259,8262.8882,0.6889,False,True,True,True,k1
150,116178.6886,0.1681,0.4566,31001.7991,0.2814,False,False,False,False,k1
151,23962.3007,0.1143,0.6665,7296.7954,0.1583,True,False,False,False,k1
152,120303.4089,0.0008,0.9653,6465.4135,0.0519,True,False,False,False,k1
153,223906.8505,0.1119,0.5491,140906.3646,0.3578,True,False,False,False,k1
154,535.9429,0.0172,0.3901,1718.044,0.4192,False,False,False,False,k1
155,24359.6484,0.0456,0.5411,36796.4048,0.2119,True,False,False,False,k1
156,73762.9904,0.0723,0.475,113702.5943,0.3445,False,False,False,False,k1
157,38770.4673,0.0169,0.6817,59393.8259,0.2185,True,False,False,False,k1
158,40395.0103,0.3322,0.4979,43817.9146,0.2473,False,True,False,False,k1
159,144810.1523,0.2104,0.5421,78498.341,0.1765,True,True,False,False,k1
16,113749.706,0.706,0.1011,33984.9222,0.5795,False,True,True,True,k1
160,8027.2447,0.1742,0.5471,1878.3385,0.2822,True,False,False,False,k1
161,54971.7799,0.1916,0.4993,66657.703,0.2677,False,False,False,False,k1
162,1349.7624,0.1028,0.6878,2640.6538,0.1257,True,False,False,False,k1
163,19619.3231,0.0026,0.926,1748.0298,0.0036,True,False,False,False,k1
164,93154.0588,0.6491,0.1043,16730.2697,0.2697,False,True,True,False,k1
165,133929.117,0.066,0.7842,46987.4814,0.2185,True,False,False,False,k1
166,23048.158,0.0145,0.8943,32657.0516,0.1182,True,False,False,False,k1
167,3955.923,0.0,0.9926,377.471,0.0023,True,False,False,False,k1
168,322658.3927,0.0695,0.6074,137171.2334,0.3537,True,False,False,False,k1
169,81662.5989,0.1989,0.4957,63151.0338,0.3119,False,False,False,False,k1
17,1709.4068,0.4838,0.3422,2064.1125,0.7303,False,True,False,True,k1
170,55993.317,0.0095,0.9178,5707.4522,0.1239,True,False,False,False,k1
172,12181.7948,0.0884,0.8736,4097.306,0.4876,True,False,False,False,k1
173,221919.931,0.0109,0.9197,22348.2054,0.1668,True,False,False,False,k1
174,41102.968,0.0211,0.8186,13594.2749,0.1293,True,False,False,False,k1
175,7238.4153,0.2062,0.5703,18826.374,0.1197,True,True,False,False,k1
176,47009.9715,0.0364,0.8011,45036.1642,0.0711,True,False,False,False,k1
177,17002.2864,0.0229,0.8863,16231.4262,0.087,True,False,False,False,k1
178,86834.1692,0.0007,0.9728,34915.0793,0.076,True,False,False,False,k1
179,26856.1532,0.0408,0.8275,30345.0035,0.1185,True,False,False,False,k1
18,235933.5085,0.3334,0.3895,112812.5028,0.2679,False,True,False,False,k1
180,115589.45,0.2946,0.2824,43083.55,0.2833,False,True,False,False,k1
181,32124.2175,0.0001,0.9415,790.5714,0.1013,True,False,False,False,k1
182,63148.8278,0.1238,0.6714,11746.9956,0.2663,True,False,False,False,k1
183,792.0313,0.0454,0.8129,74373.9153,0.0535,False,False,False,False,k1
184,27279.3431,0.0671,0.786,32197.8327,0.135,True,False,False,False,k1
185,101655.5132,0.2208,0.6107,19594.7635,0.5017,True,True,False,True,k1
186,92661.0937,0.0012,0.9118,9110.0176,0.0282,True,False,False,False,k1
187,42488.1341,0.0017,0.8763,3115.2676,0.1166,True,False,False,False,k1
188,109087.0827,0.0424,0.8318,23730.1585,0.1283,True,False,False,False,k1
189,120597.7741,0.1553,0.3155,165641.3136,0.5801,False,False,False,True,k1
19,252587.966,0.5614,0.1747,39932.05,0.5883,False,True,True,True,k1
190,107190.209,0.0142,0.9266,58404.763,0.0691,True,False,False,False,k1
191,872.8404,0.0439,0.2372,37905.6348,0.0429,False,False,False,False,k1
192,13672.8158,0.0019,0.8568,12826.5447,0.1263,True,False,False,False,k1
193,4433.3382,0.0037,0.9063,18274.5122,0.0275,True,False,False,False,k1
194,825.4338,0.1074,0.6962,1292.6526,0.1121,False,False,False,False,k1
195,119902.5316,0.0455,0.8876,9326.3369,0.1031,True,False,False,False,k1
196,13027.9529,0.0053,0.9143,9797.3326,0.1254,True,False,False,False,k1
197,25486.9953,0.2483,0.4404,13369.1522,0.2143,False,True,False,False,k1
198,409.2157,0.0272,0.9307,21103.4602,0.0199,False,False,False,False,k1
199,75252.0642,0.0486,0.7247,23948.5566,0.0771,True,False,False,False,k1
2,28783.059,0.377,0.3802,627008.4835,0.4314,False,True,False,False,k1
20,207139.7292,0.5661,0.1735,105570.2608,0.5683,False,True,True,True,k1
200,79032.165,0.0065,0.8072,38117.5609,0.0478,True,False,False,False,k1
201,24853.2864,0.0492,0.6863,25862.2877,0.1216,True,False,False,False,k1
202,22257.1846,0.0001,0.9284,3941.8457,0.0161,True,False,False,False,k1
203,39101.5982,0.0476,0.7574,58210.4271,0.068,True,False,False,False,k1
204,3001.484,0.0572,0.905,29427.7971,0.0515,True,False,False,False,k1
205,91698.4367,0.1304,0.5282,38021.9818,0.3914,True,False,False,False,k1
206,19324.3981,0.0143,0.8339,19456.3274,0.108,True,False,False,False,k1
207,11383.3996,0.0098,0.7447,31403.969,0.0672,True,False,False,False,k1
208,20799.8314,0.0325,0.835,4910.3467,0.1116,True,False,False,False,k1
209,27800.2376,0.0425,0.6167,33698.2001,0.1279,True,False,False,False,k1
21,18688.5558,0.627,0.1907,9026.0179,0.607,False,True,True,True,k1
210,46628.7968,0.002,0.9519,21599.0118,0.0898,True,False,False,False,k1
211,64265.7861,0.043,0.7744,27560.3618,0.1267,True,False,False,False,k1
212,31274.6645,0.0484,0.7231,21834.9025,0.0923,True,False,False,False,k1
213,2931.5619,0.0591,0.7341,43929.023,0.0557,True,False,False,False,k1
214,43911.8074,0.0175,0.8599,54901.842,0.0431,True,False,False,False,k1
215,32373.264,0.0007,0.8318,2926.3959,0.2584,True,False,False,False,k1
216,130692.7163,0.0972,0.8058,48092.2658,0.293,True,False,False,False,k1
217,60843.9395,0.0027,0.9514,110698.4766,0.0968,True,False,False,False,k1
218,138395.1865,0.0631,0.6701,90859.9427,0.2051,True,False,False,False,k1
219,109470.6854,0.1294,0.4655,16345.8777,0.3028,False,False,False,False,k1
22,236616.5521,0.6636,0.1163,44516.0284,0.6862,False,True,True,True,k1
220,50546.9766,0.1158,0.5221,135257.5832,0.1363,True,False,False,False,k1
221,228802.2593,0.0181,0.8232,197842.3042,0.0705,True,False,False,False,k1
222,11636.2434,0.0058,0.9449,5383.6208,0.0474,True,False,False,False,k1
223,99364.1987,0.0961,0.6353,65030.4569,0.1083,True,False,False,False,k1
224,50316.2572,0.3449,0.1411,58927.7772,0.598,False,True,False,True,k1
225,46954.5229,0.017,0.8786,18115.1438,0.1755,True,False,False,False,k1
226,21.5652,0.0,1.0,2784.0476,0.0468,False,False,False,False,k1
227,11679.1222,0.0019,0.7526,40932.2276,0.0591,True,False,False,False,k1
228,6550.4446,0.0016,0.8981,3863.4379,0.0486,True,False,False,False,k1
229,76985.0835,0.1055,0.7436,118349.3112,0.3489,True,False,False,False,k1
23,307048.6879,0.3704,0.261,39551.8476,0.5546,False,True,False,True,k1
230,46313.5165,0.0055,0.9151,34379.7997,0.0427,True,False,False,False,k1
231,10404.0382,0.3239,0.5681,38470.0101,0.0588,True,True,False,False,k1
232,10727.1464,0.0311,0.7427,3460.4122,0.0748,True,False,False,False,k1
233,6507.4541,0.0,0.9966,33576.9294,0.0265,True,False,False,False,k1
234,183468.4319,0.0326,0.877,78139.7951,0.1957,True,False,False,False,k1
235,15782.5253,0.0004,0.952,49642.7132,0.0667,True,False,False,False,k1
236,43434.9161,0.0119,0.8488,16265.0354,0.0371,True,False,False,False,k1
237,52638.8,0.0803,0.6255,57702.313,0.1662,True,False,False,False,k1
238,41691.6601,0.0057,0.9068,116640.6621,0.0408,True,False,False,False,k1
239,54139.7845,0.3019,0.4743,73060.3015,0.0547,False,True,False,False,k1
24,417215.9756,0.7678,0.0698,109223.1611,0.5565,False,True,True,True,k1
240,10252.8027,0.0,0.9993,47694.7514,0.023,True,False,False,False,k1
241,16275.9785,0.0033,0.948,113490.5722,0.029,True,False,False,False,k1
242,7862.277,0.0,0.9792,11990.7639,0.0293,True,False,False,False,k1
243,94991.911,0.021,0.8959,69353.7871,0.0675,True,False,False,False,k1
244,3084.8249,0.0003,0.9693,4452.8881,0.018,True,False,False,False,k1
245,286470.0768,0.1798,0.6107,212057.293,0.3342,True,False,False,False,k1
246,29459.5526,0.1252,0.5649,54124.0108,0.3428,True,False,False,False,k1
247,4856.2773,0.0032,0.8756,28443.6542,0.1222,True,False,False,False,k1
248,8822.4129,0.0,0.994,1582.1568,0.0305,True,False,False,False,k1
249,595.2503,0.0,0.7243,7418.5344,0.5095,False,False,False,True,k1
25,14317.1906,0.6881,0.1791,2352.5546,0.4379,False,True,True,False,k1
250,2012.3151,0.0,0.9877,87497.2364,0.0954,True,False,False,False,k1
251,8309.4355,0.2313,0.4135,6696.428,0.1077,False,True,False,False,k1
252,136079.452,0.4755,0.1685,44137.1588,0.3041,False,True,False,False,k1
253,12796.199,0.0175,0.9102,47574.3952,0.0295,True,False,False,False,k1
254,7569.837,0.0668,0.6589,26322.9165,0.0726,True,False,False,False,k1
255,11134.1983,0.0729,0.7612,63584.0785,0.2071,True,False,False,False,k1
256,1332.7571,0.0255,0.9385,43600.2227,0.0331,True,False,False,False,k1
257,65550.88,0.3008,0.0718,24164.903,0.3366,False,True,False,False,k1
258,48381.0417,0.3425,0.1951,64094.0622,0.1829,False,True,False,False,k1
259,39460.7517,0.2138,0.5344,21042.2872,0.2258,True,True,False,False,k1
26,18537.6119,0.6603,0.1422,9366.9815,0.4203,False,True,True,False,k1
260,65665.1164,0.5776,0.1611,23116.7612,0.1665,False,True,True,False,k1
261,3551.0764,0.0094,0.9448,142063.7965,0.0703,True,False,False,False,k1
262,,,,3265.5185,0.0899,False,False,False,False,k1
263,27.9909,0.0,0.6935,4980.0034,0.1154,False,False,False,False,k1
264,15410.1832,0.3189,0.4493,16865.1702,0.174,False,True,False,False,k1
265,1712.3784,0.0005,0.3873,31631.0016,0.1492,False,False,False,False,k1
266,622.0873,0.0054,0.9376,37735.8883,0.1613,False,False,False,False,k1
267,243.131,0.0,0.9724,15865.2299,0.0118,False,False,False,False,k1
268,,,,5561.2116,0.2209,False,False,False,False,k1
269,,,,6414.028,0.0231,False,False,False,False,k1
27,8995.0409,0.4613,0.333,16657.8975,0.5525,False,True,False,True,k1
270,1978.016,0.0004,0.9465,20397.8746,0.0472,True,False,False,False,k1
271,5551.2025,0.0012,0.9276,1272.6628,0.0838,True,False,False,False,k1
272,53.5366,0.0,0.9703,20460.3352,0.1293,False,False,False,False,k1
273,513.5728,0.0029,0.9848,56032.7303,0.1033,False,False,False,False,k1
274,12718.5168,0.1815,0.3791,26474.5244,0.1326,False,False,False,False,k1
275,4841.3614,0.0017,0.9308,26047.236,0.0268,True,False,False,False,k1
276,6115.8118,0.015,0.8676,78586.0498,0.0491,True,False,False,False,k1
277,82336.8583,0.1296,0.7727,76620.7346,0.2113,True,False,False,False,k1
278,2288.054,0.0139,0.8775,23946.3518,0.0305,True,False,False,False,k1
279,271.0185,0.0003,0.8934,33906.9061,0.1542,False,False,False,False,k1
28,601193.1768,0.6086,0.1186,122309.3091,0.6561,False,True,True,True,k1
280,29.3879,0.0,0.9259,522.2951,0.0109,False,False,False,False,k1
281,2783.0719,0.1819,0.4771,10580.7607,0.1684,False,False,False,False,k1
282,,,,4.2687,0.0,False,False,False,False,k1
283,13385.3895,0.0006,0.9843,54770.3154,0.0618,True,False,False,False,k1
284,6.9319,0.0,1.0,801.2599,0.0349,False,False,False,False,k1
285,79351.4071,0.1606,0.7463,65868.4219,0.2624,True,False,False,False,k1
287,1858.791,0.0036,0.9699,16387.6883,0.0451,True,False,False,False,k1
288,12.9906,0.0,1.0,29447.0735,0.0421,False,False,False,False,k1
289,1046.6596,0.0,0.8492,14589.4231,0.0251,True,False,False,False,k1
29,36281.1525,0.7539,0.0838,2198.7013,0.6515,False,True,True,True,k1
290,78.3598,0.0,0.9968,20425.9638,0.093,False,False,False,False,k1
291,,,,17061.2261,0.0176,False,False,False,False,k1
292,5.1497,0.0,0.0,34054.8275,0.0794,False,False,False,False,k1
293,23.3108,0.0,1.0,4565.4835,0.0773,False,False,False,False,k1
294,4.6439,0.0,1.0,1659.429,0.0377,False,False,False,False,k1
295,43.4244,0.042,0.624,10527.2974,0.0318,False,False,False,False,k1
296,,,,26518.0905,0.0195,False,False,False,False,k1
297,,,,527.1653,0.0,False,False,False,False,k1
298,23180.5865,0.0791,0.8064,34771.3077,0.0405,True,False,False,False,k1
299,23.1397,0.0,0.9821,5485.7787,0.015,False,False,False,False,k1
3,16991.7187,0.0405,0.8035,101817.1706,0.3667,True,False,False,False,k1
30,18179.3016,0.4062,0.4862,19851.5172,0.1381,False,True,False,False,k1
300,301.8338,0.0,0.9811,8342.8741,0.0096,False,False,False,False,k1
31,134957.7875,0.5932,0.1789,80405.36,0.5803,False,True,True,True,k1
32,32347.9073,0.313,0.4805,58585.7058,0.1118,False,True,False,False,k1
33,77129.3618,0.0708,0.5237,2081.6807,0.3647,True,False,False,False,k1
34,201240.1201,0.3872,0.4694,87904.8347,0.2459,False,True,False,False,k1
35,76155.2551,0.3745,0.238,3200.5463,0.5164,False,True,False,True,k1
36,455041.9007,0.581,0.1557,125083.9191,0.6145,False,True,True,True,k1
37,89186.0307,0.6752,0.1679,59549.3844,0.6535,False,True,True,True,k1
38,28940.3436,0.5903,0.2046,32030.9212,0.5688,False,True,True,True,k1
39,283736.6654,0.2169,0.427,22472.6219,0.3896,False,True,False,False,k1
4,5474.2001,0.0184,0.923,16525.0694,0.2066,True,False,False,False,k1
40,82308.5869,0.5757,0.1001,9755.3723,0.6345,False,True,True,True,k1
41,71518.0732,0.1928,0.6915,55637.4329,0.1501,True,False,False,False,k1
42,15564.8697,0.0498,0.2923,40206.4889,0.1027,False,False,False,False,k1
43,31981.0254,0.3474,0.3762,16840.764,0.5102,False,True,False,True,k1
44,31243.8916,0.6835,0.1069,72093.5737,0.4027,False,True,True,False,k1
45,317925.0545,0.5549,0.1394,48194.4484,0.7714,False,True,True,True,k1
46,2735.2052,0.2333,0.404,13236.1716,0.1846,False,True,False,False,k1
47,342089.5395,0.7029,0.1182,242540.376,0.7306,False,True,True,True,k1
48,83296.9992,0.7449,0.1019,50624.3489,0.845,False,True,True,True,k1
49,51038.0383,0.1302,0.6276,74431.2877,0.2397,True,False,False,False,k1
5,2683.5889,0.004,0.9497,20691.5772,0.2629,True,False,False,False,k1
50,104108.5451,0.1798,0.675,41981.7589,0.2068,True,False,False,False,k1
51,66620.03,0.6102,0.0508,2580.7169,0.518,False,True,True,True,k1
52,79812.3839,0.4267,0.0581,2551.9699,0.4986,False,True,False,False,k1
53,493700.8779,0.3172,0.124,15307.9874,0.6366,False,True,False,True,k1
54,289034.6151,0.009,0.8331,29521.9553,0.0283,True,False,False,False,k1
55,65897.5942,0.376,0.42,49526.8295,0.3942,False,True,False,False,k1
56,764612.4848,0.1545,0.4649,38423.417,0.2983,False,False,False,False,k1
58,54711.1532,0.5529,0.1992,21057.0532,0.4274,False,True,True,False,k1
59,59930.4171,0.6151,0.1771,21481.4359,0.6113,False,True,True,True,k1
6,2006.1234,0.0047,0.9704,75041.1146,0.2506,True,False,False,False,k1
60,292594.9006,0.3548,0.24,91143.4362,0.6281,False,True,False,True,k1
62,5889.4389,0.1424,0.6142,4619.5775,0.2265,True,False,False,False,k1
63,148280.0601,0.2682,0.4614,67726.7947,0.3497,False,True,False,False,k1
64,24716.6786,0.1206,0.62,263.2876,0.002,True,False,False,False,k1
65,131603.2519,0.2066,0.3248,6338.9817,0.5529,False,True,False,True,k1
66,117006.7009,0.2378,0.2031,141.7817,0.0395,False,True,False,False,k1
67,30747.791,0.3797,0.2502,21694.7532,0.4525,False,True,False,False,k1
68,199661.9499,0.326,0.4412,205871.5492,0.1689,False,True,False,False,k1
69,129151.1062,0.3337,0.3957,82536.1821,0.5513,False,True,False,True,k1
7,6.7732,0.1184,0.7763,24193.8836,0.4594,False,False,False,False,k1
70,120581.5784,0.0827,0.6259,41880.4577,0.3445,True,False,False,False,k1
71,32473.5421,0.0304,0.8619,38187.7618,0.1683,True,False,False,False,k1
72,37963.0849,0.367,0.2133,32979.0434,0.582,False,True,False,True,k1
73,155220.0495,0.065,0.5634,20889.0286,0.0851,True,False,False,False,k1
74,95902.5032,0.0063,0.8985,151274.9288,0.0089,True,False,False,False,k1
75,116604.0578,0.2686,0.3322,6480.221,0.2871,False,True,False,False,k1
76,59188.0131,0.0439,0.6443,1840.3114,0.1283,True,False,False,False,k1
77,27625.2222,0.0507,0.7694,9309.3337,0.2075,True,False,False,False,k1
78,210705.5831,0.1822,0.5225,54014.1864,0.3464,True,False,False,False,k1
79,225610.7993,0.1526,0.4826,6035.3562,0.2607,False,False,False,False,k1
8,8601.5342,0.0604,0.7265,117920.0394,0.3057,True,False,False,False,k1
80,80813.6751,0.0217,0.8794,388.2529,0.0081,True,False,False,False,k1
82,38542.9436,0.1727,0.2992,319.0343,0.1073,False,False,False,False,k1
83,479527.7112,0.3425,0.3674,144417.2042,0.4772,False,True,False,False,k1
84,39400.0963,0.0365,0.8831,24221.8503,0.1658,True,False,False,False,k1
85,17942.3523,0.4172,0.4277,6656.8009,0.1957,False,True,False,False,k1
86,3235.7752,0.0,0.9994,11698.6964,0.0019,True,False,False,False,k1
87,213607.5834,0.1469,0.6414,159788.8473,0.0493,True,False,False,False,k1
88,1484.7786,0.0,0.9306,1846.2908,0.0016,True,False,False,False,k1
89,480551.2038,0.0625,0.4303,7961.8329,0.359,False,False,False,False,k1
9,3223.6122,0.5505,0.1367,150710.044,0.7683,False,True,True,True,k1
90,152445.6619,0.3422,0.3455,74393.9893,0.6258,False,True,False,True,k1
91,41632.5248,0.1524,0.4864,12552.7982,0.2643,False,False,False,False,k1
92,27598.3152,0.0185,0.5466,6569.7845,0.6324,True,False,False,True,k1
94,11910.2175,0.0019,0.9877,1385.7225,0.0025,True,False,False,False,k1
95,154807.9057,0.1561,0.4266,107122.4349,0.257,False,False,False,False,k1
96,13848.8073,0.0051,0.9577,7105.5752,0.0443,True,False,False,False,k1
97,73425.9495,0.0531,0.8052,240335.7593,0.0394,True,False,False,False,k1
98,3087.0277,0.0237,0.7884,48638.735,0.1426,True,False,False,False,k1
99,28681.3565,0.2009,0.5676,17379.5596,0.107,True,True,False,False,k1
AMZ_CerraPant001,15418.3175,0.0873,0.7228,18958.001,0.2659,True,False,False,False,k1
AMZ_CerraPant002,1914.0207,0.0001,0.9928,10609.0122,0.0041,True,False,False,False,k1
AMZ_CerraPant004,22379.2265,0.1742,0.1872,4748.8677,0.1475,False,False,False,False,k1
AMZ_CerraPant005,11446.6213,0.0981,0.6491,3385.9786,0.001,True,False,False,False,k1
AMZ_CerraPant008,3651.1872,0.2876,0.6067,1047.7865,0.3605,True,True,False,False,k1
AMZ_CerraPant009,4346.5973,0.0016,0.9847,9660.0086,0.0118,True,False,False,False,k1
AMZ_CerraPant010,10072.1247,0.0281,0.8711,4581.0365,0.007,True,False,False,False,k1
AMZ_CerraPant011,7120.4163,0.0003,0.9946,9925.2984,0.0292,True,False,False,False,k1
AMZ_CerraPant012,2625.7609,0.0013,0.9874,13026.3277,0.0567,True,False,False,False,k1
AMZ_CerraPant013,693.9166,0.0001,0.9996,15637.5001,0.0132,False,False,False,False,k1
AMZ_CerraPant014,4949.9382,0.7584,0.0681,4084.1855,0.4857,False,True,True,False,k1
AMZ_CerraPant015,2329.7571,0.6693,0.09,2712.2169,0.4524,False,True,True,False,k1
AMZ_CerraPant016,1.496,0.1765,0.0,3852.954,0.726,False,False,False,True,k1
AMZ_CerraPant017,6128.3831,0.6515,0.114,5017.3861,0.2022,False,True,True,False,k1
AMZ_CerraPant018,379.3608,0.3242,0.395,410.1849,0.1141,False,False,False,False,k1
AMZ_CerraPant019,19167.9019,0.1268,0.4226,17280.9787,0.8661,False,False,False,True,k1
AMZ_CerraPant020,11383.7636,0.1431,0.6544,4334.785,0.2489,True,False,False,False,k1
AMZ_CerraPant022,13.2191,0.0789,0.5329,635.7799,0.1707,False,False,False,False,k1
AMZ_CerraPant023,61087.0572,0.6127,0.2106,6675.3837,0.2317,False,True,True,False,k1
AMZ_CerraPant024,50.5764,0.0659,0.825,13534.4757,0.0416,False,False,False,False,k1
AMZ_CerraPant025,5132.4239,0.4882,0.2917,1132.5329,0.3875,False,True,False,False,k1
AMZ_CerraPant026,4468.9917,0.149,0.2289,20198.9542,0.4299,False,False,False,False,k1
AMZ_CerraPant027,5743.1805,0.1336,0.1446,6472.1313,0.1968,False,False,False,False,k1
AMZ_CerraPant028,1067.6122,0.8996,0.0273,3583.009,0.2688,False,True,True,False,k1
AMZ_CerraPant029,12123.4775,0.0027,0.3749,31591.3319,0.1814,False,False,False,False,k1
AMZ_CerraPant030,14103.3797,0.1172,0.4496,7889.6076,0.424,False,False,False,False,k1
AMZ_CerraPant031,32076.5999,0.0002,0.4676,9599.1121,0.1815,False,False,False,False,k1
AMZ_CerraPant032,6588.3243,0.0016,0.994,3321.6381,0.0701,True,False,False,False,k1
AMZ_CerraPant033,8826.4849,0.5112,0.3687,7615.8361,0.2232,False,True,True,False,k1
AMZ_CerraPant034,21232.1951,0.2109,0.6501,11881.1439,0.2706,True,True,False,False,k1
AMZ_CerraPant035,4899.9687,0.4255,0.4653,2041.2386,0.249,False,True,False,False,k1
AMZ_CerraPant036,3490.8223,0.3752,0.3124,5956.5449,0.1581,False,True,False,False,k1
AMZ_CerraPant037,3237.1709,0.026,0.8355,17952.5394,0.3695,True,False,False,False,k1
AMZ_CerraPant038,1872.1776,0.1263,0.6925,5962.3924,0.4724,True,False,False,False,k1
AMZ_CerraPant039,1124.4862,0.2596,0.484,23613.9203,0.3043,False,True,False,False,k1
AMZ_CerraPant041,17646.1017,0.602,0.2195,28586.073,0.7248,False,True,True,True,k1
AMZ_CerraPant042,64926.4266,0.6732,0.1902,21314.6429,0.4498,False,True,True,False,k1
AMZ_CerraPant043,459.7171,0.3351,0.324,1533.3838,0.194,False,False,False,False,k1
AMZ_CerraPant044,57.9926,0.7739,0.0774,12685.8325,0.7401,False,False,False,True,k1
AMZ_CerraPant045,5985.5973,0.2094,0.6978,3807.3456,0.1479,True,True,False,False,k1
AMZ_CerraPant046,11623.0871,0.0,0.9952,36563.1396,0.0173,True,False,False,False,k1
CAA_CerraPa001,713.3638,0.0048,0.8989,7997.9744,0.2243,False,False,False,False,k1
CAA_CerraPa002,762.8732,0.0172,0.6713,2546.073,0.408,False,False,False,False,k1
CAA_CerraPa003,17616.3323,0.081,0.307,27768.5565,0.0827,False,False,False,False,k1
CAA_CerraPa004,2861.8903,0.0,0.9827,107.923,0.0,True,False,False,False,k1
CAA_CerraPa005,569.96,0.0,0.9828,11273.9454,0.434,False,False,False,False,k1
CAA_CerraPa006,3282.2351,0.0172,0.8275,1377.8446,0.3768,True,False,False,False,k1
CAA_CerraPa007,14096.2429,0.0,0.9356,,,True,False,False,False,k1
CAA_CerraPa008,334.9914,0.0,0.8091,10737.7639,0.2273,False,False,False,False,k1
CerraPa_MA001,0.0833,0.0,0.0,1532.0761,0.3194,False,False,False,False,k1
CerraPa_MA002,,,,2445.9311,0.0472,False,False,False,False,k1
CerraPa_MA003,,,,516.1596,0.0066,False,False,False,False,k1
CerraPa_MA004,29512.865,0.0019,0.9565,364.4599,0.0554,True,False,False,False,k1
CerraPa_MA005,,,,1208.9328,0.0334,False,False,False,False,k1
1,228192.3371,0.0808,0.6163,218590.3087,0.3551,True,False,False,False,k3
10,4965.3312,0.0383,0.5612,25738.1435,0.3929,True,False,False,False,k3
100,3568.5251,0.0,0.9177,17761.169,0.0063,True,False,False,False,k3
101,195344.8147,0.029,0.6746,35111.9948,0.1265,True,False,False,False,k3
102,188999.5917,0.1982,0.4307,65810.675,0.4484,False,False,False,False,k3
103,6641.6513,0.2082,0.2784,1921.2568,0.1372,False,True,False,False,k3
104,45430.6131,0.0004,0.9316,9532.4324,0.1749,True,False,False,False,k3
105,24958.9498,0.0001,0.9654,7721.9852,0.1309,True,False,False,False,k3
106,504932.359,0.0056,0.3454,5276.881,0.5426,False,False,False,True,k3
107,35037.0561,0.002,0.9621,6970.677,0.1292,True,False,False,False,k3
108,205843.4103,0.0119,0.4873,39512.2791,0.3732,False,False,False,False,k3
109,83087.9199,0.1867,0.339,77420.6363,0.5919,False,False,False,True,k3
11,219.1937,0.42,0.1905,5047.1531,0.8526,False,False,False,True,k3
110,124721.9434,0.3411,0.2399,38167.0589,0.5936,False,True,False,True,k3
111,99646.2172,0.0045,0.3352,3166.0802,0.5377,False,False,False,True,k3
112,47362.7113,0.0023,0.4264,32321.4355,0.0724,False,False,False,False,k3
113,56583.5097,0.0028,0.868,138813.2705,0.0458,True,False,False,False,k3
114,113651.4022,0.367,0.255,42560.7635,0.4305,False,True,False,False,k3
115,183196.8763,0.1764,0.3359,68986.1409,0.6465,False,False,False,True,k3
116,28385.1932,0.0361,0.8165,3164.3606,0.1199,True,False,False,False,k3
117,3071.7711,0.0408,0.3707,424.8697,0.1188,False,False,False,False,k3
118,61028.41,0.0046,0.7379,1064.8372,0.0445,True,False,False,False,k3
119,51770.5419,0.0914,0.5109,28986.0157,0.3699,True,False,False,False,k3
12,1670.5344,0.023,0.6368,9944.5481,0.3835,True,False,False,False,k3
120,84248.1132,0.1313,0.522,37084.2398,0.4767,True,False,False,False,k3
121,25479.4148,0.0,0.9238,463.9664,0.0589,True,False,False,False,k3
122,6542.969,0.0,0.9619,457.3898,0.0152,True,False,False,False,k3
123,20196.7191,0.4979,0.1339,11209.811,0.637,False,True,False,True,k3
124,72374.0157,0.0246,0.1719,1164.1204,0.662,False,False,False,True,k3
125,7421.5982,0.0003,0.9285,132.0147,0.0,True,False,False,False,k3
126,221959.1534,0.0772,0.3418,41943.8394,0.282,False,False,False,False,k3
127,33127.8796,0.0169,0.574,40240.6849,0.1564,True,False,False,False,k3
128,75118.6789,0.1056,0.5579,41666.4071,0.4312,True,False,False,False,k3
129,251289.0755,0.0404,0.134,35619.3559,0.234,False,False,False,False,k3
13,16521.7854,0.1791,0.4198,12454.4611,0.1666,False,False,False,False,k3
130,263102.5031,0.0153,0.4429,5650.3938,0.3571,False,False,False,False,k3
131,12321.477,0.7913,0.02,3563.0553,0.5639,False,True,True,True,k3
132,24891.7226,0.058,0.3509,1486.9605,0.4062,False,False,False,False,k3
133,29542.1354,0.0957,0.4581,15582.1573,0.0964,False,False,False,False,k3
134,297471.8806,0.0205,0.5112,163845.267,0.2083,True,False,False,False,k3
135,31794.761,0.0,0.9685,299.4467,0.0055,True,False,False,False,k3
136,48618.1353,0.0822,0.387,31509.7447,0.3494,False,False,False,False,k3
137,50136.0248,0.0126,0.5952,29814.708,0.1125,True,False,False,False,k3
138,103421.6021,0.0409,0.5245,79902.8339,0.111,True,False,False,False,k3
139,297353.3308,0.0636,0.6196,40715.9349,0.3549,True,False,False,False,k3
14,39926.0564,0.568,0.0398,86260.054,0.6018,False,True,True,True,k3
140,38467.3063,0.2049,0.4832,37835.1777,0.1815,False,True,False,False,k3
141,87724.0583,0.0001,0.9658,6140.7177,0.1745,True,False,False,False,k3
142,41687.9942,0.416,0.1511,24108.5896,0.6955,False,True,False,True,k3
143,15170.8495,0.0,0.9936,328.3006,0.0024,True,False,False,False,k3
144,51393.9497,0.0608,0.5648,41902.8299,0.3988,True,False,False,False,k3
145,62957.8244,0.0,0.8465,995.0039,0.3018,True,False,False,False,k3
146,163577.6753,0.1598,0.3518,141057.8368,0.6174,False,False,False,True,k3
147,519538.5146,0.0046,0.7411,27107.1914,0.1906,True,False,False,False,k3
148,4403.6918,0.0,0.9679,152.9969,0.2316,True,False,False,False,k3
149,20326.4849,0.0024,0.5252,27998.2155,0.2497,True,False,False,False,k3
15,37282.1544,0.7247,0.0259,8262.8882,0.6889,False,True,True,True,k3
150,116178.6886,0.0552,0.4566,31001.7991,0.2814,False,False,False,False,k3
151,23962.3007,0.041,0.6665,7296.7954,0.1583,True,False,False,False,k3
152,120303.4089,0.0001,0.9653,6465.4135,0.0519,True,False,False,False,k3
153,223906.8505,0.0258,0.5491,140906.3646,0.3578,True,False,False,False,k3
154,535.9429,0.0,0.3901,1718.044,0.4192,False,False,False,False,k3
155,24359.6484,0.002,0.5411,36796.4048,0.2119,True,False,False,False,k3
156,73762.9904,0.0142,0.475,113702.5943,0.3445,False,False,False,False,k3
157,38770.4673,0.0005,0.6817,59393.8259,0.2185,True,False,False,False,k3
158,40395.0103,0.1904,0.4979,43817.9146,0.2473,False,False,False,False,k3
159,144810.1523,0.0861,0.5421,78498.341,0.1765,True,False,False,False,k3
16,113749.706,0.4915,0.1011,33984.9222,0.5795,False,True,False,True,k3
160,8027.2447,0.0392,0.5471,1878.3385,0.2822,True,False,False,False,k3
161,54971.7799,0.0575,0.4993,66657.703,0.2677,False,False,False,False,k3
162,1349.7624,0.0542,0.6878,2640.6538,0.1257,True,False,False,False,k3
163,19619.3231,0.0,0.926,1748.0298,0.0036,True,False,False,False,k3
164,93154.0588,0.3572,0.1043,16730.2697,0.2697,False,True,False,False,k3
165,133929.117,0.0103,0.7842,46987.4814,0.2185,True,False,False,False,k3
166,23048.158,0.0007,0.8943,32657.0516,0.1182,True,False,False,False,k3
167,3955.923,0.0,0.9926,377.471,0.0023,True,False,False,False,k3
168,322658.3927,0.0063,0.6074,137171.2334,0.3537,True,False,False,False,k3
169,81662.5989,0.0562,0.4957,63151.0338,0.3119,False,False,False,False,k3
17,1709.4068,0.2401,0.3422,2064.1125,0.7303,False,True,False,True,k3
170,55993.317,0.0001,0.9178,5707.4522,0.1239,True,False,False,False,k3
172,12181.7948,0.0431,0.8736,4097.306,0.4876,True,False,False,False,k3
173,221919.931,0.0015,0.9197,22348.2054,0.1668,True,False,False,False,k3
174,41102.968,0.0008,0.8186,13594.2749,0.1293,True,False,False,False,k3
175,7238.4153,0.0998,0.5703,18826.374,0.1197,True,False,False,False,k3
176,47009.9715,0.006,0.8011,45036.1642,0.0711,True,False,False,False,k3
177,17002.2864,0.0012,0.8863,16231.4262,0.087,True,False,False,False,k3
178,86834.1692,0.0004,0.9728,34915.0793,0.076,True,False,False,False,k3
179,26856.1532,0.0028,0.8275,30345.0035,0.1185,True,False,False,False,k3
18,235933.5085,0.1368,0.3895,112812.5028,0.2679,False,False,False,False,k3
180,115589.45,0.0695,0.2824,43083.55,0.2833,False,False,False,False,k3
181,32124.2175,0.0,0.9415,790.5714,0.1013,True,False,False,False,k3
182,63148.8278,0.0187,0.6714,11746.9956,0.2663,True,False,False,False,k3
183,792.0313,0.0103,0.8129,74373.9153,0.0535,False,False,False,False,k3
184,27279.3431,0.0148,0.786,32197.8327,0.135,True,False,False,False,k3
185,101655.5132,0.0466,0.6107,19594.7635,0.5017,True,False,False,True,k3
186,92661.0937,0.0001,0.9118,9110.0176,0.0282,True,False,False,False,k3
187,42488.1341,0.0,0.8763,3115.2676,0.1166,True,False,False,False,k3
188,109087.0827,0.0055,0.8318,23730.1585,0.1283,True,False,False,False,k3
189,120597.7741,0.0154,0.3155,165641.3136,0.5801,False,False,False,True,k3
19,252587.966,0.2908,0.1747,39932.05,0.5883,False,True,False,True,k3
190,107190.209,0.0009,0.9266,58404.763,0.0691,True,False,False,False,k3
191,872.8404,0.0,0.2372,37905.6348,0.0429,False,False,False,False,k3
192,13672.8158,0.0001,0.8568,12826.5447,0.1263,True,False,False,False,k3
193,4433.3382,0.0,0.9063,18274.5122,0.0275,True,False,False,False,k3
194,825.4338,0.0092,0.6962,1292.6526,0.1121,False,False,False,False,k3
195,119902.5316,0.0212,0.8876,9326.3369,0.1031,True,False,False,False,k3
196,13027.9529,0.0002,0.9143,9797.3326,0.1254,True,False,False,False,k3
197,25486.9953,0.0882,0.4404,13369.1522,0.2143,False,False,False,False,k3
198,409.2157,0.0059,0.9307,21103.4602,0.0199,False,False,False,False,k3
199,75252.0642,0.0033,0.7247,23948.5566,0.0771,True,False,False,False,k3
2,28783.059,0.2171,0.3802,627008.4835,0.4314,False,True,False,False,k3
20,207139.7292,0.3221,0.1735,105570.2608,0.5683,False,True,False,True,k3
200,79032.165,0.0,0.8072,38117.5609,0.0478,True,False,False,False,k3
201,24853.2864,0.0067,0.6863,25862.2877,0.1216,True,False,False,False,k3
202,22257.1846,0.0001,0.9284,3941.8457,0.0161,True,False,False,False,k3
203,39101.5982,0.0056,0.7574,58210.4271,0.068,True,False,False,False,k3
204,3001.484,0.0467,0.905,29427.7971,0.0515,True,False,False,False,k3
205,91698.4367,0.0203,0.5282,38021.9818,0.3914,True,False,False,False,k3
206,19324.3981,0.0037,0.8339,19456.3274,0.108,True,False,False,False,k3
207,11383.3996,0.0002,0.7447,31403.969,0.0672,True,False,False,False,k3
208,20799.8314,0.0002,0.835,4910.3467,0.1116,True,False,False,False,k3
209,27800.2376,0.0039,0.6167,33698.2001,0.1279,True,False,False,False,k3
21,18688.5558,0.4447,0.1907,9026.0179,0.607,False,True,False,True,k3
210,46628.7968,0.0001,0.9519,21599.0118,0.0898,True,False,False,False,k3
211,64265.7861,0.0066,0.7744,27560.3618,0.1267,True,False,False,False,k3
212,31274.6645,0.0074,0.7231,21834.9025,0.0923,True,False,False,False,k3
213,2931.5619,0.006,0.7341,43929.023,0.0557,True,False,False,False,k3
214,43911.8074,0.0005,0.8599,54901.842,0.0431,True,False,False,False,k3
215,32373.264,0.0,0.8318,2926.3959,0.2584,True,False,False,False,k3
216,130692.7163,0.0471,0.8058,48092.2658,0.293,True,False,False,False,k3
217,60843.9395,0.0,0.9514,110698.4766,0.0968,True,False,False,False,k3
218,138395.1865,0.0199,0.6701,90859.9427,0.2051,True,False,False,False,k3
219,109470.6854,0.0302,0.4655,16345.8777,0.3028,False,False,False,False,k3
22,236616.5521,0.411,0.1163,44516.0284,0.6862,False,True,False,True,k3
220,50546.9766,0.0098,0.5221,135257.5832,0.1363,True,False,False,False,k3
221,228802.2593,0.0016,0.8232,197842.3042,0.0705,True,False,False,False,k3
222,11636.2434,0.0,0.9449,5383.6208,0.0474,True,False,False,False,k3
223,99364.1987,0.0155,0.6353,65030.4569,0.1083,True,False,False,False,k3
224,50316.2572,0.0823,0.1411,58927.7772,0.598,False,False,False,True,k3
225,46954.5229,0.001,0.8786,18115.1438,0.1755,True,False,False,False,k3
226,21.5652,0.0,1.0,2784.0476,0.0468,False,False,False,False,k3
227,11679.1222,0.0,0.7526,40932.2276,0.0591,True,False,False,False,k3
228,6550.4446,0.0,0.8981,3863.4379,0.0486,True,False,False,False,k3
229,76985.0835,0.0221,0.7436,118349.3112,0.3489,True,False,False,False,k3
23,307048.6879,0.1512,0.261,39551.8476,0.5546,False,False,False,True,k3
230,46313.5165,0.0005,0.9151,34379.7997,0.0427,True,False,False,False,k3
231,10404.0382,0.1794,0.5681,38470.0101,0.0588,True,False,False,False,k3
232,10727.1464,0.0059,0.7427,3460.4122,0.0748,True,False,False,False,k3
233,6507.4541,0.0,0.9966,33576.9294,0.0265,True,False,False,False,k3
234,183468.4319,0.0058,0.877,78139.7951,0.1957,True,False,False,False,k3
235,15782.5253,0.0,0.952,49642.7132,0.0667,True,False,False,False,k3
236,43434.9161,0.0012,0.8488,16265.0354,0.0371,True,False,False,False,k3
237,52638.8,0.0202,0.6255,57702.313,0.1662,True,False,False,False,k3
238,41691.6601,0.0014,0.9068,116640.6621,0.0408,True,False,False,False,k3
239,54139.7845,0.1492,0.4743,73060.3015,0.0547,False,False,False,False,k3
24,417215.9756,0.561,0.0698,109223.1611,0.5565,False,True,True,True,k3
240,10252.8027,0.0,0.9993,47694.7514,0.023,True,False,False,False,k3
241,16275.9785,0.0002,0.948,113490.5722,0.029,True,False,False,False,k3
242,7862.277,0.0,0.9792,11990.7639,0.0293,True,False,False,False,k3
243,94991.911,0.0019,0.8959,69353.7871,0.0675,True,False,False,False,k3
244,3084.8249,0.0,0.9693,4452.8881,0.018,True,False,False,False,k3
245,286470.0768,0.0559,0.6107,212057.293,0.3342,True,False,False,False,k3
246,29459.5526,0.0312,0.5649,54124.0108,0.3428,True,False,False,False,k3
247,4856.2773,0.0,0.8756,28443.6542,0.1222,True,False,False,False,k3
248,8822.4129,0.0,0.994,1582.1568,0.0305,True,False,False,False,k3
249,595.2503,0.0,0.7243,7418.5344,0.5095,False,False,False,True,k3
25,14317.1906,0.4693,0.1791,2352.5546,0.4379,False,True,False,False,k3
250,2012.3151,0.0,0.9877,87497.2364,0.0954,True,False,False,False,k3
251,8309.4355,0.051,0.4135,6696.428,0.1077,False,False,False,False,k3
252,136079.452,0.1701,0.1685,44137.1588,0.3041,False,False,False,False,k3
253,12796.199,0.0069,0.9102,47574.3952,0.0295,True,False,False,False,k3
254,7569.837,0.0093,0.6589,26322.9165,0.0726,True,False,False,False,k3
255,11134.1983,0.002,0.7612,63584.0785,0.2071,True,False,False,False,k3
256,1332.7571,0.0133,0.9385,43600.2227,0.0331,True,False,False,False,k3
257,65550.88,0.0074,0.0718,24164.903,0.3366,False,False,False,False,k3
258,48381.0417,0.0273,0.1951,64094.0622,0.1829,False,False,False,False,k3
259,39460.7517,0.0789,0.5344,21042.2872,0.2258,True,False,False,False,k3
26,18537.6119,0.4252,0.1422,9366.9815,0.4203,False,True,False,False,k3
260,65665.1164,0.2691,0.1611,23116.7612,0.1665,False,True,False,False,k3
261,3551.0764,0.0,0.9448,142063.7965,0.0703,True,False,False,False,k3
262,,,,3265.5185,0.0899,False,False,False,False,k3
263,27.9909,0.0,0.6935,4980.0034,0.1154,False,False,False,False,k3
264,15410.1832,0.1305,0.4493,16865.1702,0.174,False,False,False,False,k3
265,1712.3784,0.0002,0.3873,31631.0016,0.1492,False,False,False,False,k3
266,622.0873,0.0,0.9376,37735.8883,0.1613,False,False,False,False,k3
267,243.131,0.0,0.9724,15865.2299,0.0118,False,False,False,False,k3
268,,,,5561.2116,0.2209,False,False,False,False,k3
269,,,,6414.028,0.0231,False,False,False,False,k3
27,8995.0409,0.1874,0.333,16657.8975,0.5525,False,False,False,True,k3
270,1978.016,0.0,0.9465,20397.8746,0.0472,True,False,False,False,k3
271,5551.2025,0.0,0.9276,1272.6628,0.0838,True,False,False,False,k3
272,53.5366,0.0,0.9703,20460.3352,0.1293,False,False,False,False,k3
273,513.5728,0.0,0.9848,56032.7303,0.1033,False,False,False,False,k3
274,12718.5168,0.033,0.3791,26474.5244,0.1326,False,False,False,False,k3
275,4841.3614,0.0,0.9308,26047.236,0.0268,True,False,False,False,k3
276,6115.8118,0.0001,0.8676,78586.0498,0.0491,True,False,False,False,k3
277,82336.8583,0.0363,0.7727,76620.7346,0.2113,True,False,False,False,k3
278,2288.054,0.0066,0.8775,23946.3518,0.0305,True,False,False,False,k3
279,271.0185,0.0,0.8934,33906.9061,0.1542,False,False,False,False,k3
28,601193.1768,0.322,0.1186,122309.3091,0.6561,False,True,False,True,k3
280,29.3879,0.0,0.9259,522.2951,0.0109,False,False,False,False,k3
281,2783.0719,0.0133,0.4771,10580.7607,0.1684,False,False,False,False,k3
282,,,,4.2687,0.0,False,False,False,False,k3
283,13385.3895,0.0,0.9843,54770.3154,0.0618,True,False,False,False,k3
284,6.9319,0.0,1.0,801.2599,0.0349,False,False,False,False,k3
285,79351.4071,0.0891,0.7463,65868.4219,0.2624,True,False,False,False,k3
287,1858.791,0.0,0.9699,16387.6883,0.0451,True,False,False,False,k3
288,12.9906,0.0,1.0,29447.0735,0.0421,False,False,False,False,k3
289,1046.6596,0.0,0.8492,14589.4231,0.0251,True,False,False,False,k3
29,36281.1525,0.5098,0.0838,2198.7013,0.6515,False,True,True,True,k3
290,78.3598,0.0,0.9968,20425.9638,0.093,False,False,False,False,k3
291,,,,17061.2261,0.0176,False,False,False,False,k3
292,5.1497,0.0,0.0,34054.8275,0.0794,False,False,False,False,k3
293,23.3108,0.0,1.0,4565.4835,0.0773,False,False,False,False,k3
294,4.6439,0.0,1.0,1659.429,0.0377,False,False,False,False,k3
295,43.4244,0.0,0.624,10527.2974,0.0318,False,False,False,False,k3
296,,,,26518.0905,0.0195,False,False,False,False,k3
297,,,,527.1653,0.0,False,False,False,False,k3
298,23180.5865,0.0235,0.8064,34771.3077,0.0405,True,False,False,False,k3
299,23.1397,0.0,0.9821,5485.7787,0.015,False,False,False,False,k3
3,16991.7187,0.0042,0.8035,101817.1706,0.3667,True,False,False,False,k3
30,18179.3016,0.2873,0.4862,19851.5172,0.1381,False,True,False,False,k3
300,301.8338,0.0,0.9811,8342.8741,0.0096,False,False,False,False,k3
31,134957.7875,0.3614,0.1789,80405.36,0.5803,False,True,False,True,k3
32,32347.9073,0.1445,0.4805,58585.7058,0.1118,False,False,False,False,k3
33,77129.3618,0.0024,0.5237,2081.6807,0.3647,True,False,False,False,k3
34,201240.1201,0.2519,0.4694,87904.8347,0.2459,False,True,False,False,k3
35,76155.2551,0.1665,0.238,3200.5463,0.5164,False,False,False,True,k3
36,455041.9007,0.3521,0.1557,125083.9191,0.6145,False,True,False,True,k3
37,89186.0307,0.4924,0.1679,59549.3844,0.6535,False,True,False,True,k3
38,28940.3436,0.3559,0.2046,32030.9212,0.5688,False,True,False,True,k3
39,283736.6654,0.0823,0.427,22472.6219,0.3896,False,False,False,False,k3
4,5474.2001,0.001,0.923,16525.0694,0.2066,True,False,False,False,k3
40,82308.5869,0.3046,0.1001,9755.3723,0.6345,False,True,False,True,k3
41,71518.0732,0.0946,0.6915,55637.4329,0.1501,True,False,False,False,k3
42,15564.8697,0.0004,0.2923,40206.4889,0.1027,False,False,False,False,k3
43,31981.0254,0.197,0.3762,16840.764,0.5102,False,False,False,True,k3
44,31243.8916,0.3864,0.1069,72093.5737,0.4027,False,True,False,False,k3
45,317925.0545,0.3134,0.1394,48194.4484,0.7714,False,True,False,True,k3
46,2735.2052,0.0743,0.404,13236.1716,0.1846,False,False,False,False,k3
47,342089.5395,0.4603,0.1182,242540.376,0.7306,False,True,False,True,k3
48,83296.9992,0.4898,0.1019,50624.3489,0.845,False,True,False,True,k3
49,51038.0383,0.0387,0.6276,74431.2877,0.2397,True,False,False,False,k3
5,2683.5889,0.002,0.9497,20691.5772,0.2629,True,False,False,False,k3
50,104108.5451,0.0712,0.675,41981.7589,0.2068,True,False,False,False,k3
51,66620.03,0.2609,0.0508,2580.7169,0.518,False,True,False,True,k3
52,79812.3839,0.1138,0.0581,2551.9699,0.4986,False,False,False,False,k3
53,493700.8779,0.07,0.124,15307.9874,0.6366,False,False,False,True,k3
54,289034.6151,0.001,0.8331,29521.9553,0.0283,True,False,False,False,k3
55,65897.5942,0.226,0.42,49526.8295,0.3942,False,True,False,False,k3
56,764612.4848,0.0285,0.4649,38423.417,0.2983,False,False,False,False,k3
58,54711.1532,0.3164,0.1992,21057.0532,0.4274,False,True,False,False,k3
59,59930.4171,0.4333,0.1771,21481.4359,0.6113,False,True,False,True,k3
6,2006.1234,0.0013,0.9704,75041.1146,0.2506,True,False,False,False,k3
60,292594.9006,0.1293,0.24,91143.4362,0.6281,False,False,False,True,k3
62,5889.4389,0.0247,0.6142,4619.5775,0.2265,True,False,False,False,k3
63,148280.0601,0.0946,0.4614,67726.7947,0.3497,False,False,False,False,k3
64,24716.6786,0.0005,0.62,263.2876,0.002,True,False,False,False,k3
65,131603.2519,0.0416,0.3248,6338.9817,0.5529,False,False,False,True,k3
66,117006.7009,0.0198,0.2031,141.7817,0.0395,False,False,False,False,k3
67,30747.791,0.1627,0.2502,21694.7532,0.4525,False,False,False,False,k3
68,199661.9499,0.1294,0.4412,205871.5492,0.1689,False,False,False,False,k3
69,129151.1062,0.1389,0.3957,82536.1821,0.5513,False,False,False,True,k3
7,6.7732,0.0,0.7763,24193.8836,0.4594,False,False,False,False,k3
70,120581.5784,0.0065,0.6259,41880.4577,0.3445,True,False,False,False,k3
71,32473.5421,0.0023,0.8619,38187.7618,0.1683,True,False,False,False,k3
72,37963.0849,0.165,0.2133,32979.0434,0.582,False,False,False,True,k3
73,155220.0495,0.0033,0.5634,20889.0286,0.0851,True,False,False,False,k3
74,95902.5032,0.0,0.8985,151274.9288,0.0089,True,False,False,False,k3
75,116604.0578,0.0658,0.3322,6480.221,0.2871,False,False,False,False,k3
76,59188.0131,0.0,0.6443,1840.3114,0.1283,True,False,False,False,k3
77,27625.2222,0.0144,0.7694,9309.3337,0.2075,True,False,False,False,k3
78,210705.5831,0.0403,0.5225,54014.1864,0.3464,True,False,False,False,k3
79,225610.7993,0.0211,0.4826,6035.3562,0.2607,False,False,False,False,k3
8,8601.5342,0.009,0.7265,117920.0394,0.3057,True,False,False,False,k3
80,80813.6751,0.0024,0.8794,388.2529,0.0081,True,False,False,False,k3
82,38542.9436,0.0225,0.2992,319.0343,0.1073,False,False,False,False,k3
83,479527.7112,0.1383,0.3674,144417.2042,0.4772,False,False,False,False,k3
84,39400.0963,0.0021,0.8831,24221.8503,0.1658,True,False,False,False,k3
85,17942.3523,0.2708,0.4277,6656.8009,0.1957,False,True,False,False,k3
86,3235.7752,0.0,0.9994,11698.6964,0.0019,True,False,False,False,k3
87,213607.5834,0.0407,0.6414,159788.8473,0.0493,True,False,False,False,k3
88,1484.7786,0.0,0.9306,1846.2908,0.0016,True,False,False,False,k3
89,480551.2038,0.0035,0.4303,7961.8329,0.359,False,False,False,False,k3
9,3223.6122,0.1885,0.1367,150710.044,0.7683,False,False,False,True,k3
90,152445.6619,0.121,0.3455,74393.9893,0.6258,False,False,False,True,k3
91,41632.5248,0.0447,0.4864,12552.7982,0.2643,False,False,False,False,k3
92,27598.3152,0.0,0.5466,6569.7845,0.6324,True,False,False,True,k3
94,11910.2175,0.0,0.9877,1385.7225,0.0025,True,False,False,False,k3
95,154807.9057,0.0452,0.4266,107122.4349,0.257,False,False,False,False,k3
96,13848.8073,0.0016,0.9577,7105.5752,0.0443,True,False,False,False,k3
97,73425.9495,0.011,0.8052,240335.7593,0.0394,True,False,False,False,k3
98,3087.0277,0.0159,0.7884,48638.735,0.1426,True,False,False,False,k3
99,28681.3565,0.0655,0.5676,17379.5596,0.107,True,False,False,False,k3
AMZ_CerraPant001,15418.3175,0.0146,0.7228,18958.001,0.2659,True,False,False,False,k3
AMZ_CerraPant002,1914.0207,0.0,0.9928,10609.0122,0.0041,True,False,False,False,k3
AMZ_CerraPant004,22379.2265,0.0058,0.1872,4748.8677,0.1475,False,False,False,False,k3
AMZ_CerraPant005,11446.6213,0.0,0.6491,3385.9786,0.001,True,False,False,False,k3
AMZ_CerraPant008,3651.1872,0.1921,0.6067,1047.7865,0.3605,True,False,False,False,k3
AMZ_CerraPant009,4346.5973,0.0003,0.9847,9660.0086,0.0118,True,False,False,False,k3
AMZ_CerraPant010,10072.1247,0.0037,0.8711,4581.0365,0.007,True,False,False,False,k3
AMZ_CerraPant011,7120.4163,0.0,0.9946,9925.2984,0.0292,True,False,False,False,k3
AMZ_CerraPant012,2625.7609,0.0,0.9874,13026.3277,0.0567,True,False,False,False,k3
AMZ_CerraPant013,693.9166,0.0,0.9996,15637.5001,0.0132,False,False,False,False,k3
AMZ_CerraPant014,4949.9382,0.5909,0.0681,4084.1855,0.4857,False,True,True,False,k3
AMZ_CerraPant015,2329.7571,0.4146,0.09,2712.2169,0.4524,False,True,False,False,k3
AMZ_CerraPant016,1.496,0.0,0.0,3852.954,0.726,False,False,False,True,k3
AMZ_CerraPant017,6128.3831,0.3886,0.114,5017.3861,0.2022,False,True,False,False,k3
AMZ_CerraPant018,379.3608,0.1233,0.395,410.1849,0.1141,False,False,False,False,k3
AMZ_CerraPant019,19167.9019,0.0126,0.4226,17280.9787,0.8661,False,False,False,True,k3
AMZ_CerraPant020,11383.7636,0.0135,0.6544,4334.785,0.2489,True,False,False,False,k3
AMZ_CerraPant022,13.2191,0.0,0.5329,635.7799,0.1707,False,False,False,False,k3
AMZ_CerraPant023,61087.0572,0.5003,0.2106,6675.3837,0.2317,False,True,True,False,k3
AMZ_CerraPant024,50.5764,0.0191,0.825,13534.4757,0.0416,False,False,False,False,k3
AMZ_CerraPant025,5132.4239,0.2312,0.2917,1132.5329,0.3875,False,True,False,False,k3
AMZ_CerraPant026,4468.9917,0.0242,0.2289,20198.9542,0.4299,False,False,False,False,k3
AMZ_CerraPant027,5743.1805,0.0399,0.1446,6472.1313,0.1968,False,False,False,False,k3
AMZ_CerraPant028,1067.6122,0.6625,0.0273,3583.009,0.2688,False,True,True,False,k3
AMZ_CerraPant029,12123.4775,0.0,0.3749,31591.3319,0.1814,False,False,False,False,k3
AMZ_CerraPant030,14103.3797,0.0231,0.4496,7889.6076,0.424,False,False,False,False,k3
AMZ_CerraPant031,32076.5999,0.0,0.4676,9599.1121,0.1815,False,False,False,False,k3
AMZ_CerraPant032,6588.3243,0.0004,0.994,3321.6381,0.0701,True,False,False,False,k3
AMZ_CerraPant033,8826.4849,0.3676,0.3687,7615.8361,0.2232,False,True,False,False,k3
AMZ_CerraPant034,21232.1951,0.1188,0.6501,11881.1439,0.2706,True,False,False,False,k3
AMZ_CerraPant035,4899.9687,0.2843,0.4653,2041.2386,0.249,False,True,False,False,k3
AMZ_CerraPant036,3490.8223,0.144,0.3124,5956.5449,0.1581,False,False,False,False,k3
AMZ_CerraPant037,3237.1709,0.0015,0.8355,17952.5394,0.3695,True,False,False,False,k3
AMZ_CerraPant038,1872.1776,0.0205,0.6925,5962.3924,0.4724,True,False,False,False,k3
AMZ_CerraPant039,1124.4862,0.0588,0.484,23613.9203,0.3043,False,False,False,False,k3
AMZ_CerraPant041,17646.1017,0.3046,0.2195,28586.073,0.7248,False,True,False,True,k3
AMZ_CerraPant042,64926.4266,0.4431,0.1902,21314.6429,0.4498,False,True,False,False,k3
AMZ_CerraPant043,459.7171,0.0,0.324,1533.3838,0.194,False,False,False,False,k3
AMZ_CerraPant044,57.9926,0.3354,0.0774,12685.8325,0.7401,False,False,False,True,k3
AMZ_CerraPant045,5985.5973,0.0807,0.6978,3807.3456,0.1479,True,False,False,False,k3
AMZ_CerraPant046,11623.0871,0.0,0.9952,36563.1396,0.0173,True,False,False,False,k3
CAA_CerraPa001,713.3638,0.0,0.8989,7997.9744,0.2243,False,False,False,False,k3
CAA_CerraPa002,762.8732,0.0007,0.6713,2546.073,0.408,False,False,False,False,k3
CAA_CerraPa003,17616.3323,0.0015,0.307,27768.5565,0.0827,False,False,False,False,k3
CAA_CerraPa004,2861.8903,0.0,0.9827,107.923,0.0,True,False,False,False,k3
CAA_CerraPa005,569.96,0.0,0.9828,11273.9454,0.434,False,False,False,False,k3
CAA_CerraPa006,3282.2351,0.0001,0.8275,1377.8446,0.3768,True,False,False,False,k3
CAA_CerraPa007,14096.2429,0.0,0.9356,,,True,False,False,False,k3
CAA_CerraPa008,334.9914,0.0,0.8091,10737.7639,0.2273,False,False,False,False,k3
CerraPa_MA001,0.0833,0.0,0.0,1532.0761,0.3194,False,False,False,False,k3
CerraPa_MA002,,,,2445.9311,0.0472,False,False,False,False,k3
CerraPa_MA003,,,,516.1596,0.0066,False,False,False,False,k3
CerraPa_MA004,29512.865,0.0,0.9565,364.4599,0.0554,True,False,False,False,k3
CerraPa_MA005,,,,1208.9328,0.0334,False,False,False,False,k3
1,228192.3371,0.0465,0.6163,218590.3087,0.3551,True,False,False,False,short1_k2
10,4965.3312,0.0041,0.5612,25738.1435,0.3929,True,False,False,False,short1_k2
100,3568.5251,0.0,0.9177,17761.169,0.0063,True,False,False,False,short1_k2
101,195344.8147,0.0125,0.6746,35111.9948,0.1265,True,False,False,False,short1_k2
102,188999.5917,0.0748,0.4307,65810.675,0.4484,False,False,False,False,short1_k2
103,6641.6513,0.017,0.2784,1921.2568,0.1372,False,False,False,False,short1_k2
104,45430.6131,0.0003,0.9316,9532.4324,0.1749,True,False,False,False,short1_k2
105,24958.9498,0.0001,0.9654,7721.9852,0.1309,True,False,False,False,short1_k2
106,504932.359,0.0001,0.3454,5276.881,0.5426,False,False,False,True,short1_k2
107,35037.0561,0.0026,0.9621,6970.677,0.1292,True,False,False,False,short1_k2
108,205843.4103,0.0009,0.4873,39512.2791,0.3732,False,False,False,False,short1_k2
109,83087.9199,0.0659,0.339,77420.6363,0.5919,False,False,False,True,short1_k2
11,219.1937,0.3371,0.1905,5047.1531,0.8526,False,False,False,True,short1_k2
110,124721.9434,0.1215,0.2399,38167.0589,0.5936,False,False,False,True,short1_k2
111,99646.2172,0.0008,0.3352,3166.0802,0.5377,False,False,False,True,short1_k2
112,47362.7113,0.0,0.4264,32321.4355,0.0724,False,False,False,False,short1_k2
113,56583.5097,0.0012,0.868,138813.2705,0.0458,True,False,False,False,short1_k2
114,113651.4022,0.1581,0.255,42560.7635,0.4305,False,False,False,False,short1_k2
115,183196.8763,0.0714,0.3359,68986.1409,0.6465,False,False,False,True,short1_k2
116,28385.1932,0.0188,0.8165,3164.3606,0.1199,True,False,False,False,short1_k2
117,3071.7711,0.0138,0.3707,424.8697,0.1188,False,False,False,False,short1_k2
118,61028.41,0.0049,0.7379,1064.8372,0.0445,True,False,False,False,short1_k2
119,51770.5419,0.0348,0.5109,28986.0157,0.3699,True,False,False,False,short1_k2
12,1670.5344,0.0009,0.6368,9944.5481,0.3835,True,False,False,False,short1_k2
120,84248.1132,0.0291,0.522,37084.2398,0.4767,True,False,False,False,short1_k2
121,25479.4148,0.0,0.9238,463.9664,0.0589,True,False,False,False,short1_k2
122,6542.969,0.0,0.9619,457.3898,0.0152,True,False,False,False,short1_k2
123,20196.7191,0.2071,0.1339,11209.811,0.637,False,True,False,True,short1_k2
124,72374.0157,0.0019,0.1719,1164.1204,0.662,False,False,False,True,short1_k2
125,7421.5982,0.0003,0.9285,132.0147,0.0,True,False,False,False,short1_k2
126,221959.1534,0.0333,0.3418,41943.8394,0.282,False,False,False,False,short1_k2
127,33127.8796,0.0123,0.574,40240.6849,0.1564,True,False,False,False,short1_k2
128,75118.6789,0.0418,0.5579,41666.4071,0.4312,True,False,False,False,short1_k2
129,251289.0755,0.0025,0.134,35619.3559,0.234,False,False,False,False,short1_k2
13,16521.7854,0.0443,0.4198,12454.4611,0.1666,False,False,False,False,short1_k2
130,263102.5031,0.0002,0.4429,5650.3938,0.3571,False,False,False,False,short1_k2
131,12321.477,0.5974,0.02,3563.0553,0.5639,False,True,True,True,short1_k2
132,24891.7226,0.0007,0.3509,1486.9605,0.4062,False,False,False,False,short1_k2
133,29542.1354,0.0076,0.4581,15582.1573,0.0964,False,False,False,False,short1_k2
134,297471.8806,0.0077,0.5112,163845.267,0.2083,True,False,False,False,short1_k2
135,31794.761,0.0,0.9685,299.4467,0.0055,True,False,False,False,short1_k2
136,48618.1353,0.0122,0.387,31509.7447,0.3494,False,False,False,False,short1_k2
137,50136.0248,0.0046,0.5952,29814.708,0.1125,True,False,False,False,short1_k2
138,103421.6021,0.0103,0.5245,79902.8339,0.111,True,False,False,False,short1_k2
139,297353.3308,0.0064,0.6196,40715.9349,0.3549,True,False,False,False,short1_k2
14,39926.0564,0.3179,0.0398,86260.054,0.6018,False,True,False,True,short1_k2
140,38467.3063,0.1121,0.4832,37835.1777,0.1815,False,False,False,False,short1_k2
141,87724.0583,0.0,0.9658,6140.7177,0.1745,True,False,False,False,short1_k2
142,41687.9942,0.2603,0.1511,24108.5896,0.6955,False,True,False,True,short1_k2
143,15170.8495,0.0,0.9936,328.3006,0.0024,True,False,False,False,short1_k2
144,51393.9497,0.0258,0.5648,41902.8299,0.3988,True,False,False,False,short1_k2
145,62957.8244,0.0,0.8465,995.0039,0.3018,True,False,False,False,short1_k2
146,163577.6753,0.0673,0.3518,141057.8368,0.6174,False,False,False,True,short1_k2
147,519538.5146,0.0005,0.7411,27107.1914,0.1906,True,False,False,False,short1_k2
148,4403.6918,0.0,0.9679,152.9969,0.2316,True,False,False,False,short1_k2
149,20326.4849,0.0001,0.5252,27998.2155,0.2497,True,False,False,False,short1_k2
15,37282.1544,0.5174,0.0259,8262.8882,0.6889,False,True,True,True,short1_k2
150,116178.6886,0.0123,0.4566,31001.7991,0.2814,False,False,False,False,short1_k2
151,23962.3007,0.0076,0.6665,7296.7954,0.1583,True,False,False,False,short1_k2
152,120303.4089,0.0,0.9653,6465.4135,0.0519,True,False,False,False,short1_k2
153,223906.8505,0.0209,0.5491,140906.3646,0.3578,True,False,False,False,short1_k2
154,535.9429,0.0,0.3901,1718.044,0.4192,False,False,False,False,short1_k2
155,24359.6484,0.0013,0.5411,36796.4048,0.2119,True,False,False,False,short1_k2
156,73762.9904,0.0033,0.475,113702.5943,0.3445,False,False,False,False,short1_k2
157,38770.4673,0.0005,0.6817,59393.8259,0.2185,True,False,False,False,short1_k2
158,40395.0103,0.123,0.4979,43817.9146,0.2473,False,False,False,False,short1_k2
159,144810.1523,0.0413,0.5421,78498.341,0.1765,True,False,False,False,short1_k2
16,113749.706,0.2763,0.1011,33984.9222,0.5795,False,True,False,True,short1_k2
160,8027.2447,0.0116,0.5471,1878.3385,0.2822,True,False,False,False,short1_k2
161,54971.7799,0.0343,0.4993,66657.703,0.2677,False,False,False,False,short1_k2
162,1349.7624,0.0465,0.6878,2640.6538,0.1257,True,False,False,False,short1_k2
163,19619.3231,0.0,0.926,1748.0298,0.0036,True,False,False,False,short1_k2
164,93154.0588,0.0577,0.1043,16730.2697,0.2697,False,False,False,False,short1_k2
165,133929.117,0.0013,0.7842,46987.4814,0.2185,True,False,False,False,short1_k2
166,23048.158,0.0003,0.8943,32657.0516,0.1182,True,False,False,False,short1_k2
167,3955.923,0.0,0.9926,377.471,0.0023,True,False,False,False,short1_k2
168,322658.3927,0.0078,0.6074,137171.2334,0.3537,True,False,False,False,short1_k2
169,81662.5989,0.0342,0.4957,63151.0338,0.3119,False,False,False,False,short1_k2
17,1709.4068,0.1984,0.3422,2064.1125,0.7303,False,False,False,True,short1_k2
170,55993.317,0.0001,0.9178,5707.4522,0.1239,True,False,False,False,short1_k2
172,12181.7948,0.0406,0.8736,4097.306,0.4876,True,False,False,False,short1_k2
173,221919.931,0.0002,0.9197,22348.2054,0.1668,True,False,False,False,short1_k2
174,41102.968,0.0004,0.8186,13594.2749,0.1293,True,False,False,False,short1_k2
175,7238.4153,0.0246,0.5703,18826.374,0.1197,True,False,False,False,short1_k2
176,47009.9715,0.0015,0.8011,45036.1642,0.0711,True,False,False,False,short1_k2
177,17002.2864,0.0004,0.8863,16231.4262,0.087,True,False,False,False,short1_k2
178,86834.1692,0.0004,0.9728,34915.0793,0.076,True,False,False,False,short1_k2
179,26856.1532,0.0005,0.8275,30345.0035,0.1185,True,False,False,False,short1_k2
18,235933.5085,0.0788,0.3895,112812.5028,0.2679,False,False,False,False,short1_k2
180,115589.45,0.0548,0.2824,43083.55,0.2833,False,False,False,False,short1_k2
181,32124.2175,0.0,0.9415,790.5714,0.1013,True,False,False,False,short1_k2
182,63148.8278,0.0577,0.6714,11746.9956,0.2663,True,False,False,False,short1_k2
183,792.0313,0.0028,0.8129,74373.9153,0.0535,False,False,False,False,short1_k2
184,27279.3431,0.003,0.786,32197.8327,0.135,True,False,False,False,short1_k2
185,101655.5132,0.0367,0.6107,19594.7635,0.5017,True,False,False,True,short1_k2
186,92661.0937,0.0001,0.9118,9110.0176,0.0282,True,False,False,False,short1_k2
187,42488.1341,0.0,0.8763,3115.2676,0.1166,True,False,False,False,short1_k2
188,109087.0827,0.0005,0.8318,23730.1585,0.1283,True,False,False,False,short1_k2
189,120597.7741,0.0091,0.3155,165641.3136,0.5801,False,False,False,True,short1_k2
19,252587.966,0.1043,0.1747,39932.05,0.5883,False,False,False,True,short1_k2
190,107190.209,0.0,0.9266,58404.763,0.0691,True,False,False,False,short1_k2
191,872.8404,0.0,0.2372,37905.6348,0.0429,False,False,False,False,short1_k2
192,13672.8158,0.0001,0.8568,12826.5447,0.1263,True,False,False,False,short1_k2
193,4433.3382,0.0,0.9063,18274.5122,0.0275,True,False,False,False,short1_k2
194,825.4338,0.0028,0.6962,1292.6526,0.1121,False,False,False,False,short1_k2
195,119902.5316,0.0139,0.8876,9326.3369,0.1031,True,False,False,False,short1_k2
196,13027.9529,0.0001,0.9143,9797.3326,0.1254,True,False,False,False,short1_k2
197,25486.9953,0.0291,0.4404,13369.1522,0.2143,False,False,False,False,short1_k2
198,409.2157,0.0031,0.9307,21103.4602,0.0199,False,False,False,False,short1_k2
199,75252.0642,0.0013,0.7247,23948.5566,0.0771,True,False,False,False,short1_k2
2,28783.059,0.1595,0.3802,627008.4835,0.4314,False,False,False,False,short1_k2
20,207139.7292,0.1383,0.1735,105570.2608,0.5683,False,False,False,True,short1_k2
200,79032.165,0.0,0.8072,38117.5609,0.0478,True,False,False,False,short1_k2
201,24853.2864,0.0002,0.6863,25862.2877,0.1216,True,False,False,False,short1_k2
202,22257.1846,0.0001,0.9284,3941.8457,0.0161,True,False,False,False,short1_k2
203,39101.5982,0.0002,0.7574,58210.4271,0.068,True,False,False,False,short1_k2
204,3001.484,0.0439,0.905,29427.7971,0.0515,True,False,False,False,short1_k2
205,91698.4367,0.0154,0.5282,38021.9818,0.3914,True,False,False,False,short1_k2
206,19324.3981,0.0008,0.8339,19456.3274,0.108,True,False,False,False,short1_k2
207,11383.3996,0.0003,0.7447,31403.969,0.0672,True,False,False,False,short1_k2
208,20799.8314,0.0,0.835,4910.3467,0.1116,True,False,False,False,short1_k2
209,27800.2376,0.0013,0.6167,33698.2001,0.1279,True,False,False,False,short1_k2
21,18688.5558,0.2566,0.1907,9026.0179,0.607,False,True,False,True,short1_k2
210,46628.7968,0.0002,0.9519,21599.0118,0.0898,True,False,False,False,short1_k2
211,64265.7861,0.0017,0.7744,27560.3618,0.1267,True,False,False,False,short1_k2
212,31274.6645,0.0004,0.7231,21834.9025,0.0923,True,False,False,False,short1_k2
213,2931.5619,0.0015,0.7341,43929.023,0.0557,True,False,False,False,short1_k2
214,43911.8074,0.0,0.8599,54901.842,0.0431,True,False,False,False,short1_k2
215,32373.264,0.0,0.8318,2926.3959,0.2584,True,False,False,False,short1_k2
216,130692.7163,0.039,0.8058,48092.2658,0.293,True,False,False,False,short1_k2
217,60843.9395,0.0,0.9514,110698.4766,0.0968,True,False,False,False,short1_k2
218,138395.1865,0.0082,0.6701,90859.9427,0.2051,True,False,False,False,short1_k2
219,109470.6854,0.0058,0.4655,16345.8777,0.3028,False,False,False,False,short1_k2
22,236616.5521,0.1276,0.1163,44516.0284,0.6862,False,False,False,True,short1_k2
220,50546.9766,0.005,0.5221,135257.5832,0.1363,True,False,False,False,short1_k2
221,228802.2593,0.0,0.8232,197842.3042,0.0705,True,False,False,False,short1_k2
222,11636.2434,0.0,0.9449,5383.6208,0.0474,True,False,False,False,short1_k2
223,99364.1987,0.005,0.6353,65030.4569,0.1083,True,False,False,False,short1_k2
224,50316.2572,0.0361,0.1411,58927.7772,0.598,False,False,False,True,short1_k2
225,46954.5229,0.0006,0.8786,18115.1438,0.1755,True,False,False,False,short1_k2
226,21.5652,0.0,1.0,2784.0476,0.0468,False,False,False,False,short1_k2
227,11679.1222,0.0,0.7526,40932.2276,0.0591,True,False,False,False,short1_k2
228,6550.4446,0.0,0.8981,3863.4379,0.0486,True,False,False,False,short1_k2
229,76985.0835,0.0188,0.7436,118349.3112,0.3489,True,False,False,False,short1_k2
23,307048.6879,0.0485,0.261,39551.8476,0.5546,False,False,False,True,short1_k2
230,46313.5165,0.0002,0.9151,34379.7997,0.0427,True,False,False,False,short1_k2
231,10404.0382,0.1189,0.5681,38470.0101,0.0588,True,False,False,False,short1_k2
232,10727.1464,0.0,0.7427,3460.4122,0.0748,True,False,False,False,short1_k2
233,6507.4541,0.0,0.9966,33576.9294,0.0265,True,False,False,False,short1_k2
234,183468.4319,0.0055,0.877,78139.7951,0.1957,True,False,False,False,short1_k2
235,15782.5253,0.0,0.952,49642.7132,0.0667,True,False,False,False,short1_k2
236,43434.9161,0.0,0.8488,16265.0354,0.0371,True,False,False,False,short1_k2
237,52638.8,0.0092,0.6255,57702.313,0.1662,True,False,False,False,short1_k2
238,41691.6601,0.0021,0.9068,116640.6621,0.0408,True,False,False,False,short1_k2
239,54139.7845,0.0898,0.4743,73060.3015,0.0547,False,False,False,False,short1_k2
24,417215.9756,0.2573,0.0698,109223.1611,0.5565,False,True,False,True,short1_k2
240,10252.8027,0.0,0.9993,47694.7514,0.023,True,False,False,False,short1_k2
241,16275.9785,0.0001,0.948,113490.5722,0.029,True,False,False,False,short1_k2
242,7862.277,0.0,0.9792,11990.7639,0.0293,True,False,False,False,short1_k2
243,94991.911,0.0013,0.8959,69353.7871,0.0675,True,False,False,False,short1_k2
244,3084.8249,0.0,0.9693,4452.8881,0.018,True,False,False,False,short1_k2
245,286470.0768,0.0335,0.6107,212057.293,0.3342,True,False,False,False,short1_k2
246,29459.5526,0.0241,0.5649,54124.0108,0.3428,True,False,False,False,short1_k2
247,4856.2773,0.0,0.8756,28443.6542,0.1222,True,False,False,False,short1_k2
248,8822.4129,0.0,0.994,1582.1568,0.0305,True,False,False,False,short1_k2
249,595.2503,0.0,0.7243,7418.5344,0.5095,False,False,False,True,short1_k2
25,14317.1906,0.3912,0.1791,2352.5546,0.4379,False,True,False,False,short1_k2
250,2012.3151,0.0,0.9877,87497.2364,0.0954,True,False,False,False,short1_k2
251,8309.4355,0.0151,0.4135,6696.428,0.1077,False,False,False,False,short1_k2
252,136079.452,0.1381,0.1685,44137.1588,0.3041,False,False,False,False,short1_k2
253,12796.199,0.0045,0.9102,47574.3952,0.0295,True,False,False,False,short1_k2
254,7569.837,0.0029,0.6589,26322.9165,0.0726,True,False,False,False,short1_k2
255,11134.1983,0.0001,0.7612,63584.0785,0.2071,True,False,False,False,short1_k2
256,1332.7571,0.0128,0.9385,43600.2227,0.0331,True,False,False,False,short1_k2
257,65550.88,0.003,0.0718,24164.903,0.3366,False,False,False,False,short1_k2
258,48381.0417,0.0083,0.1951,64094.0622,0.1829,False,False,False,False,short1_k2
259,39460.7517,0.0243,0.5344,21042.2872,0.2258,True,False,False,False,short1_k2
26,18537.6119,0.235,0.1422,9366.9815,0.4203,False,True,False,False,short1_k2
260,65665.1164,0.2186,0.1611,23116.7612,0.1665,False,True,False,False,short1_k2
261,3551.0764,0.0,0.9448,142063.7965,0.0703,True,False,False,False,short1_k2
262,,,,3265.5185,0.0899,False,False,False,False,short1_k2
263,27.9909,0.0,0.6935,4980.0034,0.1154,False,False,False,False,short1_k2
264,15410.1832,0.057,0.4493,16865.1702,0.174,False,False,False,False,short1_k2
265,1712.3784,0.0,0.3873,31631.0016,0.1492,False,False,False,False,short1_k2
266,622.0873,0.0005,0.9376,37735.8883,0.1613,False,False,False,False,short1_k2
267,243.131,0.0,0.9724,15865.2299,0.0118,False,False,False,False,short1_k2
268,,,,5561.2116,0.2209,False,False,False,False,short1_k2
269,,,,6414.028,0.0231,False,False,False,False,short1_k2
27,8995.0409,0.0452,0.333,16657.8975,0.5525,False,False,False,True,short1_k2
270,1978.016,0.0,0.9465,20397.8746,0.0472,True,False,False,False,short1_k2
271,5551.2025,0.0,0.9276,1272.6628,0.0838,True,False,False,False,short1_k2
272,53.5366,0.0,0.9703,20460.3352,0.1293,False,False,False,False,short1_k2
273,513.5728,0.0,0.9848,56032.7303,0.1033,False,False,False,False,short1_k2
274,12718.5168,0.0226,0.3791,26474.5244,0.1326,False,False,False,False,short1_k2
275,4841.3614,0.0,0.9308,26047.236,0.0268,True,False,False,False,short1_k2
276,6115.8118,0.0002,0.8676,78586.0498,0.0491,True,False,False,False,short1_k2
277,82336.8583,0.0159,0.7727,76620.7346,0.2113,True,False,False,False,short1_k2
278,2288.054,0.0054,0.8775,23946.3518,0.0305,True,False,False,False,short1_k2
279,271.0185,0.0,0.8934,33906.9061,0.1542,False,False,False,False,short1_k2
28,601193.1768,0.0529,0.1186,122309.3091,0.6561,False,False,False,True,short1_k2
280,29.3879,0.0,0.9259,522.2951,0.0109,False,False,False,False,short1_k2
281,2783.0719,0.0063,0.4771,10580.7607,0.1684,False,False,False,False,short1_k2
282,,,,4.2687,0.0,False,False,False,False,short1_k2
283,13385.3895,0.0,0.9843,54770.3154,0.0618,True,False,False,False,short1_k2
284,6.9319,0.0,1.0,801.2599,0.0349,False,False,False,False,short1_k2
285,79351.4071,0.0769,0.7463,65868.4219,0.2624,True,False,False,False,short1_k2
287,1858.791,0.0,0.9699,16387.6883,0.0451,True,False,False,False,short1_k2
288,12.9906,0.0,1.0,29447.0735,0.0421,False,False,False,False,short1_k2
289,1046.6596,0.0,0.8492,14589.4231,0.0251,True,False,False,False,short1_k2
29,36281.1525,0.0931,0.0838,2198.7013,0.6515,False,False,False,True,short1_k2
290,78.3598,0.0,0.9968,20425.9638,0.093,False,False,False,False,short1_k2
291,,,,17061.2261,0.0176,False,False,False,False,short1_k2
292,5.1497,0.0,0.0,34054.8275,0.0794,False,False,False,False,short1_k2
293,23.3108,0.0,1.0,4565.4835,0.0773,False,False,False,False,short1_k2
294,4.6439,0.0,1.0,1659.429,0.0377,False,False,False,False,short1_k2
295,43.4244,0.0,0.624,10527.2974,0.0318,False,False,False,False,short1_k2
296,,,,26518.0905,0.0195,False,False,False,False,short1_k2
297,,,,527.1653,0.0,False,False,False,False,short1_k2
298,23180.5865,0.0086,0.8064,34771.3077,0.0405,True,False,False,False,short1_k2
299,23.1397,0.0,0.9821,5485.7787,0.015,False,False,False,False,short1_k2
3,16991.7187,0.0009,0.8035,101817.1706,0.3667,True,False,False,False,short1_k2
30,18179.3016,0.2709,0.4862,19851.5172,0.1381,False,True,False,False,short1_k2
300,301.8338,0.0,0.9811,8342.8741,0.0096,False,False,False,False,short1_k2
31,134957.7875,0.1376,0.1789,80405.36,0.5803,False,False,False,True,short1_k2
32,32347.9073,0.1292,0.4805,58585.7058,0.1118,False,False,False,False,short1_k2
33,77129.3618,0.0003,0.5237,2081.6807,0.3647,True,False,False,False,short1_k2
34,201240.1201,0.2202,0.4694,87904.8347,0.2459,False,True,False,False,short1_k2
35,76155.2551,0.0153,0.238,3200.5463,0.5164,False,False,False,True,short1_k2
36,455041.9007,0.1309,0.1557,125083.9191,0.6145,False,False,False,True,short1_k2
37,89186.0307,0.3754,0.1679,59549.3844,0.6535,False,True,False,True,short1_k2
38,28940.3436,0.2248,0.2046,32030.9212,0.5688,False,True,False,True,short1_k2
39,283736.6654,0.0104,0.427,22472.6219,0.3896,False,False,False,False,short1_k2
4,5474.2001,0.0003,0.923,16525.0694,0.2066,True,False,False,False,short1_k2
40,82308.5869,0.0227,0.1001,9755.3723,0.6345,False,False,False,True,short1_k2
41,71518.0732,0.0754,0.6915,55637.4329,0.1501,True,False,False,False,short1_k2
42,15564.8697,0.0005,0.2923,40206.4889,0.1027,False,False,False,False,short1_k2
43,31981.0254,0.1471,0.3762,16840.764,0.5102,False,False,False,True,short1_k2
44,31243.8916,0.2265,0.1069,72093.5737,0.4027,False,True,False,False,short1_k2
45,317925.0545,0.1095,0.1394,48194.4484,0.7714,False,False,False,True,short1_k2
46,2735.2052,0.0096,0.404,13236.1716,0.1846,False,False,False,False,short1_k2
47,342089.5395,0.1974,0.1182,242540.376,0.7306,False,False,False,True,short1_k2
48,83296.9992,0.2108,0.1019,50624.3489,0.845,False,True,False,True,short1_k2
49,51038.0383,0.0237,0.6276,74431.2877,0.2397,True,False,False,False,short1_k2
5,2683.5889,0.0011,0.9497,20691.5772,0.2629,True,False,False,False,short1_k2
50,104108.5451,0.0479,0.675,41981.7589,0.2068,True,False,False,False,short1_k2
51,66620.03,0.0158,0.0508,2580.7169,0.518,False,False,False,True,short1_k2
52,79812.3839,0.0106,0.0581,2551.9699,0.4986,False,False,False,False,short1_k2
53,493700.8779,0.0063,0.124,15307.9874,0.6366,False,False,False,True,short1_k2
54,289034.6151,0.0003,0.8331,29521.9553,0.0283,True,False,False,False,short1_k2
55,65897.5942,0.1928,0.42,49526.8295,0.3942,False,False,False,False,short1_k2
56,764612.4848,0.0083,0.4649,38423.417,0.2983,False,False,False,False,short1_k2
58,54711.1532,0.1503,0.1992,21057.0532,0.4274,False,False,False,False,short1_k2
59,59930.4171,0.3104,0.1771,21481.4359,0.6113,False,True,False,True,short1_k2
6,2006.1234,0.0,0.9704,75041.1146,0.2506,True,False,False,False,short1_k2
60,292594.9006,0.0148,0.24,91143.4362,0.6281,False,False,False,True,short1_k2
62,5889.4389,0.018,0.6142,4619.5775,0.2265,True,False,False,False,short1_k2
63,148280.0601,0.044,0.4614,67726.7947,0.3497,False,False,False,False,short1_k2
64,24716.6786,0.0001,0.62,263.2876,0.002,True,False,False,False,short1_k2
65,131603.2519,0.0063,0.3248,6338.9817,0.5529,False,False,False,True,short1_k2
66,117006.7009,0.0018,0.2031,141.7817,0.0395,False,False,False,False,short1_k2
67,30747.791,0.1054,0.2502,21694.7532,0.4525,False,False,False,False,short1_k2
68,199661.9499,0.0546,0.4412,205871.5492,0.1689,False,False,False,False,short1_k2
69,129151.1062,0.0278,0.3957,82536.1821,0.5513,False,False,False,True,short1_k2
7,6.7732,0.0,0.7763,24193.8836,0.4594,False,False,False,False,short1_k2
70,120581.5784,0.0017,0.6259,41880.4577,0.3445,True,False,False,False,short1_k2
71,32473.5421,0.002,0.8619,38187.7618,0.1683,True,False,False,False,short1_k2
72,37963.0849,0.1241,0.2133,32979.0434,0.582,False,False,False,True,short1_k2
73,155220.0495,0.0001,0.5634,20889.0286,0.0851,True,False,False,False,short1_k2
74,95902.5032,0.0,0.8985,151274.9288,0.0089,True,False,False,False,short1_k2
75,116604.0578,0.0007,0.3322,6480.221,0.2871,False,False,False,False,short1_k2
76,59188.0131,0.0,0.6443,1840.3114,0.1283,True,False,False,False,short1_k2
77,27625.2222,0.0147,0.7694,9309.3337,0.2075,True,False,False,False,short1_k2
78,210705.5831,0.0175,0.5225,54014.1864,0.3464,True,False,False,False,short1_k2
79,225610.7993,0.0005,0.4826,6035.3562,0.2607,False,False,False,False,short1_k2
8,8601.5342,0.0069,0.7265,117920.0394,0.3057,True,False,False,False,short1_k2
80,80813.6751,0.0007,0.8794,388.2529,0.0081,True,False,False,False,short1_k2
82,38542.9436,0.0007,0.2992,319.0343,0.1073,False,False,False,False,short1_k2
83,479527.7112,0.0352,0.3674,144417.2042,0.4772,False,False,False,False,short1_k2
84,39400.0963,0.0007,0.8831,24221.8503,0.1658,True,False,False,False,short1_k2
85,17942.3523,0.1566,0.4277,6656.8009,0.1957,False,False,False,False,short1_k2
86,3235.7752,0.0,0.9994,11698.6964,0.0019,True,False,False,False,short1_k2
87,213607.5834,0.0041,0.6414,159788.8473,0.0493,True,False,False,False,short1_k2
88,1484.7786,0.0,0.9306,1846.2908,0.0016,True,False,False,False,short1_k2
89,480551.2038,0.0001,0.4303,7961.8329,0.359,False,False,False,False,short1_k2
9,3223.6122,0.1507,0.1367,150710.044,0.7683,False,False,False,True,short1_k2
90,152445.6619,0.0317,0.3455,74393.9893,0.6258,False,False,False,True,short1_k2
91,41632.5248,0.0013,0.4864,12552.7982,0.2643,False,False,False,False,short1_k2
92,27598.3152,0.0,0.5466,6569.7845,0.6324,True,False,False,True,short1_k2
94,11910.2175,0.0,0.9877,1385.7225,0.0025,True,False,False,False,short1_k2
95,154807.9057,0.0182,0.4266,107122.4349,0.257,False,False,False,False,short1_k2
96,13848.8073,0.0026,0.9577,7105.5752,0.0443,True,False,False,False,short1_k2
97,73425.9495,0.0046,0.8052,240335.7593,0.0394,True,False,False,False,short1_k2
98,3087.0277,0.0059,0.7884,48638.735,0.1426,True,False,False,False,short1_k2
99,28681.3565,0.0403,0.5676,17379.5596,0.107,True,False,False,False,short1_k2
AMZ_CerraPant001,15418.3175,0.0166,0.7228,18958.001,0.2659,True,False,False,False,short1_k2
AMZ_CerraPant002,1914.0207,0.0,0.9928,10609.0122,0.0041,True,False,False,False,short1_k2
AMZ_CerraPant004,22379.2265,0.0024,0.1872,4748.8677,0.1475,False,False,False,False,short1_k2
AMZ_CerraPant005,11446.6213,0.0,0.6491,3385.9786,0.001,True,False,False,False,short1_k2
AMZ_CerraPant008,3651.1872,0.1482,0.6067,1047.7865,0.3605,True,False,False,False,short1_k2
AMZ_CerraPant009,4346.5973,0.0003,0.9847,9660.0086,0.0118,True,False,False,False,short1_k2
AMZ_CerraPant010,10072.1247,0.0,0.8711,4581.0365,0.007,True,False,False,False,short1_k2
AMZ_CerraPant011,7120.4163,0.0,0.9946,9925.2984,0.0292,True,False,False,False,short1_k2
AMZ_CerraPant012,2625.7609,0.0,0.9874,13026.3277,0.0567,True,False,False,False,short1_k2
AMZ_CerraPant013,693.9166,0.0,0.9996,15637.5001,0.0132,False,False,False,False,short1_k2
AMZ_CerraPant014,4949.9382,0.4157,0.0681,4084.1855,0.4857,False,True,False,False,short1_k2
AMZ_CerraPant015,2329.7571,0.2857,0.09,2712.2169,0.4524,False,True,False,False,short1_k2
AMZ_CerraPant016,1.496,0.0,0.0,3852.954,0.726,False,False,False,True,short1_k2
AMZ_CerraPant017,6128.3831,0.118,0.114,5017.3861,0.2022,False,False,False,False,short1_k2
AMZ_CerraPant018,379.3608,0.0708,0.395,410.1849,0.1141,False,False,False,False,short1_k2
AMZ_CerraPant019,19167.9019,0.0092,0.4226,17280.9787,0.8661,False,False,False,True,short1_k2
AMZ_CerraPant020,11383.7636,0.0005,0.6544,4334.785,0.2489,True,False,False,False,short1_k2
AMZ_CerraPant022,13.2191,0.0,0.5329,635.7799,0.1707,False,False,False,False,short1_k2
AMZ_CerraPant023,61087.0572,0.4387,0.2106,6675.3837,0.2317,False,True,False,False,short1_k2
AMZ_CerraPant024,50.5764,0.0104,0.825,13534.4757,0.0416,False,False,False,False,short1_k2
AMZ_CerraPant025,5132.4239,0.0456,0.2917,1132.5329,0.3875,False,False,False,False,short1_k2
AMZ_CerraPant026,4468.9917,0.0073,0.2289,20198.9542,0.4299,False,False,False,False,short1_k2
AMZ_CerraPant027,5743.1805,0.0089,0.1446,6472.1313,0.1968,False,False,False,False,short1_k2
AMZ_CerraPant028,1067.6122,0.7457,0.0273,3583.009,0.2688,False,True,True,False,short1_k2
AMZ_CerraPant029,12123.4775,0.0004,0.3749,31591.3319,0.1814,False,False,False,False,short1_k2
AMZ_CerraPant030,14103.3797,0.0018,0.4496,7889.6076,0.424,False,False,False,False,short1_k2
AMZ_CerraPant031,32076.5999,0.0,0.4676,9599.1121,0.1815,False,False,False,False,short1_k2
AMZ_CerraPant032,6588.3243,0.0,0.994,3321.6381,0.0701,True,False,False,False,short1_k2
AMZ_CerraPant033,8826.4849,0.3468,0.3687,7615.8361,0.2232,False,True,False,False,short1_k2
AMZ_CerraPant034,21232.1951,0.1098,0.6501,11881.1439,0.2706,True,False,False,False,short1_k2
AMZ_CerraPant035,4899.9687,0.2709,0.4653,2041.2386,0.249,False,True,False,False,short1_k2
AMZ_CerraPant036,3490.8223,0.071,0.3124,5956.5449,0.1581,False,False,False,False,short1_k2
AMZ_CerraPant037,3237.1709,0.0069,0.8355,17952.5394,0.3695,True,False,False,False,short1_k2
AMZ_CerraPant038,1872.1776,0.0241,0.6925,5962.3924,0.4724,True,False,False,False,short1_k2
AMZ_CerraPant039,1124.4862,0.0305,0.484,23613.9203,0.3043,False,False,False,False,short1_k2
AMZ_CerraPant041,17646.1017,0.1353,0.2195,28586.073,0.7248,False,False,False,True,short1_k2
AMZ_CerraPant042,64926.4266,0.2759,0.1902,21314.6429,0.4498,False,True,False,False,short1_k2
AMZ_CerraPant043,459.7171,0.0,0.324,1533.3838,0.194,False,False,False,False,short1_k2
AMZ_CerraPant044,57.9926,0.6237,0.0774,12685.8325,0.7401,False,False,False,True,short1_k2
AMZ_CerraPant045,5985.5973,0.0292,0.6978,3807.3456,0.1479,True,False,False,False,short1_k2
AMZ_CerraPant046,11623.0871,0.0,0.9952,36563.1396,0.0173,True,False,False,False,short1_k2
CAA_CerraPa001,713.3638,0.0,0.8989,7997.9744,0.2243,False,False,False,False,short1_k2
CAA_CerraPa002,762.8732,0.0,0.6713,2546.073,0.408,False,False,False,False,short1_k2
CAA_CerraPa003,17616.3323,0.0012,0.307,27768.5565,0.0827,False,False,False,False,short1_k2
CAA_CerraPa004,2861.8903,0.0,0.9827,107.923,0.0,True,False,False,False,short1_k2
CAA_CerraPa005,569.96,0.0,0.9828,11273.9454,0.434,False,False,False,False,short1_k2
CAA_CerraPa006,3282.2351,0.0001,0.8275,1377.8446,0.3768,True,False,False,False,short1_k2
CAA_CerraPa007,14096.2429,0.0,0.9356,,,True,False,False,False,short1_k2
CAA_CerraPa008,334.9914,0.0,0.8091,10737.7639,0.2273,False,False,False,False,short1_k2
CerraPa_MA001,0.0833,0.0,0.0,1532.0761,0.3194,False,False,False,False,short1_k2
CerraPa_MA002,,,,2445.9311,0.0472,False,False,False,False,short1_k2
CerraPa_MA003,,,,516.1596,0.0066,False,False,False,False,short1_k2
CerraPa_MA004,29512.865,0.0,0.9565,364.4599,0.0554,True,False,False,False,short1_k2
CerraPa_MA005,,,,1208.9328,0.0334,False,False,False,False,short1_k2
1,228192.3371,0.0845,0.6163,218590.3087,0.3551,True,False,False,False,short1_k1
10,4965.3312,0.0446,0.5612,25738.1435,0.3929,True,False,False,False,short1_k1
100,3568.5251,0.0,0.9177,17761.169,0.0063,True,False,False,False,short1_k1
101,195344.8147,0.0393,0.6746,35111.9948,0.1265,True,False,False,False,short1_k1
102,188999.5917,0.1414,0.4307,65810.675,0.4484,False,False,False,False,short1_k1
103,6641.6513,0.1551,0.2784,1921.2568,0.1372,False,False,False,False,short1_k1
104,45430.6131,0.0007,0.9316,9532.4324,0.1749,True,False,False,False,short1_k1
105,24958.9498,0.0004,0.9654,7721.9852,0.1309,True,False,False,False,short1_k1
106,504932.359,0.0012,0.3454,5276.881,0.5426,False,False,False,True,short1_k1
107,35037.0561,0.004,0.9621,6970.677,0.1292,True,False,False,False,short1_k1
108,205843.4103,0.0048,0.4873,39512.2791,0.3732,False,False,False,False,short1_k1
109,83087.9199,0.1481,0.339,77420.6363,0.5919,False,False,False,True,short1_k1
11,219.1937,0.4598,0.1905,5047.1531,0.8526,False,False,False,True,short1_k1
110,124721.9434,0.2451,0.2399,38167.0589,0.5936,False,True,False,True,short1_k1
111,99646.2172,0.0035,0.3352,3166.0802,0.5377,False,False,False,True,short1_k1
112,47362.7113,0.0051,0.4264,32321.4355,0.0724,False,False,False,False,short1_k1
113,56583.5097,0.0076,0.868,138813.2705,0.0458,True,False,False,False,short1_k1
114,113651.4022,0.2506,0.255,42560.7635,0.4305,False,True,False,False,short1_k1
115,183196.8763,0.1498,0.3359,68986.1409,0.6465,False,False,False,True,short1_k1
116,28385.1932,0.0414,0.8165,3164.3606,0.1199,True,False,False,False,short1_k1
117,3071.7711,0.1362,0.3707,424.8697,0.1188,False,False,False,False,short1_k1
118,61028.41,0.0081,0.7379,1064.8372,0.0445,True,False,False,False,short1_k1
119,51770.5419,0.0909,0.5109,28986.0157,0.3699,True,False,False,False,short1_k1
12,1670.5344,0.0226,0.6368,9944.5481,0.3835,True,False,False,False,short1_k1
120,84248.1132,0.0703,0.522,37084.2398,0.4767,True,False,False,False,short1_k1
121,25479.4148,0.0001,0.9238,463.9664,0.0589,True,False,False,False,short1_k1
122,6542.969,0.0002,0.9619,457.3898,0.0152,True,False,False,False,short1_k1
123,20196.7191,0.2543,0.1339,11209.811,0.637,False,True,False,True,short1_k1
124,72374.0157,0.01,0.1719,1164.1204,0.662,False,False,False,True,short1_k1
125,7421.5982,0.0004,0.9285,132.0147,0.0,True,False,False,False,short1_k1
126,221959.1534,0.1167,0.3418,41943.8394,0.282,False,False,False,False,short1_k1
127,33127.8796,0.04,0.574,40240.6849,0.1564,True,False,False,False,short1_k1
128,75118.6789,0.0974,0.5579,41666.4071,0.4312,True,False,False,False,short1_k1
129,251289.0755,0.0115,0.134,35619.3559,0.234,False,False,False,False,short1_k1
13,16521.7854,0.1055,0.4198,12454.4611,0.1666,False,False,False,False,short1_k1
130,263102.5031,0.0023,0.4429,5650.3938,0.3571,False,False,False,False,short1_k1
131,12321.477,0.6578,0.02,3563.0553,0.5639,False,True,True,True,short1_k1
132,24891.7226,0.0092,0.3509,1486.9605,0.4062,False,False,False,False,short1_k1
133,29542.1354,0.0206,0.4581,15582.1573,0.0964,False,False,False,False,short1_k1
134,297471.8806,0.0342,0.5112,163845.267,0.2083,True,False,False,False,short1_k1
135,31794.761,0.0002,0.9685,299.4467,0.0055,True,False,False,False,short1_k1
136,48618.1353,0.0532,0.387,31509.7447,0.3494,False,False,False,False,short1_k1
137,50136.0248,0.0247,0.5952,29814.708,0.1125,True,False,False,False,short1_k1
138,103421.6021,0.0586,0.5245,79902.8339,0.111,True,False,False,False,short1_k1
139,297353.3308,0.0229,0.6196,40715.9349,0.3549,True,False,False,False,short1_k1
14,39926.0564,0.4636,0.0398,86260.054,0.6018,False,True,False,True,short1_k1
140,38467.3063,0.2071,0.4832,37835.1777,0.1815,False,True,False,False,short1_k1
141,87724.0583,0.0002,0.9658,6140.7177,0.1745,True,False,False,False,short1_k1
142,41687.9942,0.4221,0.1511,24108.5896,0.6955,False,True,False,True,short1_k1
143,15170.8495,0.0,0.9936,328.3006,0.0024,True,False,False,False,short1_k1
144,51393.9497,0.0635,0.5648,41902.8299,0.3988,True,False,False,False,short1_k1
145,62957.8244,0.0,0.8465,995.0039,0.3018,True,False,False,False,short1_k1
146,163577.6753,0.1541,0.3518,141057.8368,0.6174,False,False,False,True,short1_k1
147,519538.5146,0.0017,0.7411,27107.1914,0.1906,True,False,False,False,short1_k1
148,4403.6918,0.0,0.9679,152.9969,0.2316,True,False,False,False,short1_k1
149,20326.4849,0.0028,0.5252,27998.2155,0.2497,True,False,False,False,short1_k1
15,37282.1544,0.6468,0.0259,8262.8882,0.6889,False,True,True,True,short1_k1
150,116178.6886,0.0647,0.4566,31001.7991,0.2814,False,False,False,False,short1_k1
151,23962.3007,0.0185,0.6665,7296.7954,0.1583,True,False,False,False,short1_k1
152,120303.4089,0.0002,0.9653,6465.4135,0.0519,True,False,False,False,short1_k1
153,223906.8505,0.0552,0.5491,140906.3646,0.3578,True,False,False,False,short1_k1
154,535.9429,0.017,0.3901,1718.044,0.4192,False,False,False,False,short1_k1
155,24359.6484,0.0068,0.5411,36796.4048,0.2119,True,False,False,False,short1_k1
156,73762.9904,0.0141,0.475,113702.5943,0.3445,False,False,False,False,short1_k1
157,38770.4673,0.0041,0.6817,59393.8259,0.2185,True,False,False,False,short1_k1
158,40395.0103,0.2017,0.4979,43817.9146,0.2473,False,True,False,False,short1_k1
159,144810.1523,0.0889,0.5421,78498.341,0.1765,True,False,False,False,short1_k1
16,113749.706,0.388,0.1011,33984.9222,0.5795,False,True,False,True,short1_k1
160,8027.2447,0.0374,0.5471,1878.3385,0.2822,True,False,False,False,short1_k1
161,54971.7799,0.0925,0.4993,66657.703,0.2677,False,False,False,False,short1_k1
162,1349.7624,0.0703,0.6878,2640.6538,0.1257,True,False,False,False,short1_k1
163,19619.3231,0.0,0.926,1748.0298,0.0036,True,False,False,False,short1_k1
164,93154.0588,0.1777,0.1043,16730.2697,0.2697,False,False,False,False,short1_k1
165,133929.117,0.0209,0.7842,46987.4814,0.2185,True,False,False,False,short1_k1
166,23048.158,0.0037,0.8943,32657.0516,0.1182,True,False,False,False,short1_k1
167,3955.923,0.0,0.9926,377.471,0.0023,True,False,False,False,short1_k1
168,322658.3927,0.0341,0.6074,137171.2334,0.3537,True,False,False,False,short1_k1
169,81662.5989,0.0925,0.4957,63151.0338,0.3119,False,False,False,False,short1_k1
17,1709.4068,0.3595,0.3422,2064.1125,0.7303,False,True,False,True,short1_k1
170,55993.317,0.0008,0.9178,5707.4522,0.1239,True,False,False,False,short1_k1
172,12181.7948,0.0629,0.8736,4097.306,0.4876,True,False,False,False,short1_k1
173,221919.931,0.001,0.9197,22348.2054,0.1668,True,False,False,False,short1_k1
174,41102.968,0.0028,0.8186,13594.2749,0.1293,True,False,False,False,short1_k1
175,7238.4153,0.0814,0.5703,18826.374,0.1197,True,False,False,False,short1_k1
176,47009.9715,0.0063,0.8011,45036.1642,0.0711,True,False,False,False,short1_k1
177,17002.2864,0.0079,0.8863,16231.4262,0.087,True,False,False,False,short1_k1
178,86834.1692,0.0006,0.9728,34915.0793,0.076,True,False,False,False,short1_k1
179,26856.1532,0.0051,0.8275,30345.0035,0.1185,True,False,False,False,short1_k1
18,235933.5085,0.1506,0.3895,112812.5028,0.2679,False,False,False,False,short1_k1
180,115589.45,0.2211,0.2824,43083.55,0.2833,False,True,False,False,short1_k1
181,32124.2175,0.0001,0.9415,790.5714,0.1013,True,False,False,False,short1_k1
182,63148.8278,0.1034,0.6714,11746.9956,0.2663,True,False,False,False,short1_k1
183,792.0313,0.0188,0.8129,74373.9153,0.0535,False,False,False,False,short1_k1
184,27279.3431,0.013,0.786,32197.8327,0.135,True,False,False,False,short1_k1
185,101655.5132,0.1109,0.6107,19594.7635,0.5017,True,False,False,True,short1_k1
186,92661.0937,0.0002,0.9118,9110.0176,0.0282,True,False,False,False,short1_k1
187,42488.1341,0.0002,0.8763,3115.2676,0.1166,True,False,False,False,short1_k1
188,109087.0827,0.0029,0.8318,23730.1585,0.1283,True,False,False,False,short1_k1
189,120597.7741,0.0916,0.3155,165641.3136,0.5801,False,False,False,True,short1_k1
19,252587.966,0.2008,0.1747,39932.05,0.5883,False,True,False,True,short1_k1
190,107190.209,0.0003,0.9266,58404.763,0.0691,True,False,False,False,short1_k1
191,872.8404,0.0012,0.2372,37905.6348,0.0429,False,False,False,False,short1_k1
192,13672.8158,0.0005,0.8568,12826.5447,0.1263,True,False,False,False,short1_k1
193,4433.3382,0.0005,0.9063,18274.5122,0.0275,True,False,False,False,short1_k1
194,825.4338,0.0362,0.6962,1292.6526,0.1121,False,False,False,False,short1_k1
195,119902.5316,0.0301,0.8876,9326.3369,0.1031,True,False,False,False,short1_k1
196,13027.9529,0.0007,0.9143,9797.3326,0.1254,True,False,False,False,short1_k1
197,25486.9953,0.0822,0.4404,13369.1522,0.2143,False,False,False,False,short1_k1
198,409.2157,0.0107,0.9307,21103.4602,0.0199,False,False,False,False,short1_k1
199,75252.0642,0.0087,0.7247,23948.5566,0.0771,True,False,False,False,short1_k1
2,28783.059,0.2383,0.3802,627008.4835,0.4314,False,True,False,False,short1_k1
20,207139.7292,0.2441,0.1735,105570.2608,0.5683,False,True,False,True,short1_k1
200,79032.165,0.0001,0.8072,38117.5609,0.0478,True,False,False,False,short1_k1
201,24853.2864,0.0038,0.6863,25862.2877,0.1216,True,False,False,False,short1_k1
202,22257.1846,0.0001,0.9284,3941.8457,0.0161,True,False,False,False,short1_k1
203,39101.5982,0.0015,0.7574,58210.4271,0.068,True,False,False,False,short1_k1
204,3001.484,0.0514,0.905,29427.7971,0.0515,True,False,False,False,short1_k1
205,91698.4367,0.0682,0.5282,38021.9818,0.3914,True,False,False,False,short1_k1
206,19324.3981,0.003,0.8339,19456.3274,0.108,True,False,False,False,short1_k1
207,11383.3996,0.0006,0.7447,31403.969,0.0672,True,False,False,False,short1_k1
208,20799.8314,0.0004,0.835,4910.3467,0.1116,True,False,False,False,short1_k1
209,27800.2376,0.012,0.6167,33698.2001,0.1279,True,False,False,False,short1_k1
21,18688.5558,0.3723,0.1907,9026.0179,0.607,False,True,False,True,short1_k1
210,46628.7968,0.0012,0.9519,21599.0118,0.0898,True,False,False,False,short1_k1
211,64265.7861,0.0037,0.7744,27560.3618,0.1267,True,False,False,False,short1_k1
212,31274.6645,0.0036,0.7231,21834.9025,0.0923,True,False,False,False,short1_k1
213,2931.5619,0.0162,0.7341,43929.023,0.0557,True,False,False,False,short1_k1
214,43911.8074,0.0009,0.8599,54901.842,0.0431,True,False,False,False,short1_k1
215,32373.264,0.0002,0.8318,2926.3959,0.2584,True,False,False,False,short1_k1
216,130692.7163,0.071,0.8058,48092.2658,0.293,True,False,False,False,short1_k1
217,60843.9395,0.0003,0.9514,110698.4766,0.0968,True,False,False,False,short1_k1
218,138395.1865,0.0193,0.6701,90859.9427,0.2051,True,False,False,False,short1_k1
219,109470.6854,0.0195,0.4655,16345.8777,0.3028,False,False,False,False,short1_k1
22,236616.5521,0.2363,0.1163,44516.0284,0.6862,False,True,False,True,short1_k1
220,50546.9766,0.0422,0.5221,135257.5832,0.1363,True,False,False,False,short1_k1
221,228802.2593,0.0005,0.8232,197842.3042,0.0705,True,False,False,False,short1_k1
222,11636.2434,0.0,0.9449,5383.6208,0.0474,True,False,False,False,short1_k1
223,99364.1987,0.02,0.6353,65030.4569,0.1083,True,False,False,False,short1_k1
224,50316.2572,0.2099,0.1411,58927.7772,0.598,False,True,False,True,short1_k1
225,46954.5229,0.0057,0.8786,18115.1438,0.1755,True,False,False,False,short1_k1
226,21.5652,0.0,1.0,2784.0476,0.0468,False,False,False,False,short1_k1
227,11679.1222,0.0,0.7526,40932.2276,0.0591,True,False,False,False,short1_k1
228,6550.4446,0.0003,0.8981,3863.4379,0.0486,True,False,False,False,short1_k1
229,76985.0835,0.0554,0.7436,118349.3112,0.3489,True,False,False,False,short1_k1
23,307048.6879,0.1202,0.261,39551.8476,0.5546,False,False,False,True,short1_k1
230,46313.5165,0.0004,0.9151,34379.7997,0.0427,True,False,False,False,short1_k1
231,10404.0382,0.2175,0.5681,38470.0101,0.0588,True,True,False,False,short1_k1
232,10727.1464,0.0,0.7427,3460.4122,0.0748,True,False,False,False,short1_k1
233,6507.4541,0.0,0.9966,33576.9294,0.0265,True,False,False,False,short1_k1
234,183468.4319,0.0171,0.877,78139.7951,0.1957,True,False,False,False,short1_k1
235,15782.5253,0.0,0.952,49642.7132,0.0667,True,False,False,False,short1_k1
236,43434.9161,0.0001,0.8488,16265.0354,0.0371,True,False,False,False,short1_k1
237,52638.8,0.0236,0.6255,57702.313,0.1662,True,False,False,False,short1_k1
238,41691.6601,0.0029,0.9068,116640.6621,0.0408,True,False,False,False,short1_k1
239,54139.7845,0.1735,0.4743,73060.3015,0.0547,False,False,False,False,short1_k1
24,417215.9756,0.3941,0.0698,109223.1611,0.5565,False,True,False,True,short1_k1
240,10252.8027,0.0,0.9993,47694.7514,0.023,True,False,False,False,short1_k1
241,16275.9785,0.0013,0.948,113490.5722,0.029,True,False,False,False,short1_k1
242,7862.277,0.0,0.9792,11990.7639,0.0293,True,False,False,False,short1_k1
243,94991.911,0.0102,0.8959,69353.7871,0.0675,True,False,False,False,short1_k1
244,3084.8249,0.0,0.9693,4452.8881,0.018,True,False,False,False,short1_k1
245,286470.0768,0.0836,0.6107,212057.293,0.3342,True,False,False,False,short1_k1
246,29459.5526,0.0787,0.5649,54124.0108,0.3428,True,False,False,False,short1_k1
247,4856.2773,0.0,0.8756,28443.6542,0.1222,True,False,False,False,short1_k1
248,8822.4129,0.0,0.994,1582.1568,0.0305,True,False,False,False,short1_k1
249,595.2503,0.0,0.7243,7418.5344,0.5095,False,False,False,True,short1_k1
25,14317.1906,0.5428,0.1791,2352.5546,0.4379,False,True,True,False,short1_k1
250,2012.3151,0.0,0.9877,87497.2364,0.0954,True,False,False,False,short1_k1
251,8309.4355,0.0673,0.4135,6696.428,0.1077,False,False,False,False,short1_k1
252,136079.452,0.2771,0.1685,44137.1588,0.3041,False,True,False,False,short1_k1
253,12796.199,0.0073,0.9102,47574.3952,0.0295,True,False,False,False,short1_k1
254,7569.837,0.0109,0.6589,26322.9165,0.0726,True,False,False,False,short1_k1
255,11134.1983,0.0088,0.7612,63584.0785,0.2071,True,False,False,False,short1_k1
256,1332.7571,0.0141,0.9385,43600.2227,0.0331,True,False,False,False,short1_k1
257,65550.88,0.0602,0.0718,24164.903,0.3366,False,False,False,False,short1_k1
258,48381.0417,0.0304,0.1951,64094.0622,0.1829,False,False,False,False,short1_k1
259,39460.7517,0.0555,0.5344,21042.2872,0.2258,True,False,False,False,short1_k1
26,18537.6119,0.376,0.1422,9366.9815,0.4203,False,True,False,False,short1_k1
260,65665.1164,0.4279,0.1611,23116.7612,0.1665,False,True,False,False,short1_k1
261,3551.0764,0.0,0.9448,142063.7965,0.0703,True,False,False,False,short1_k1
262,,,,3265.5185,0.0899,False,False,False,False,short1_k1
263,27.9909,0.0,0.6935,4980.0034,0.1154,False,False,False,False,short1_k1
264,15410.1832,0.1122,0.4493,16865.1702,0.174,False,False,False,False,short1_k1
265,1712.3784,0.0005,0.3873,31631.0016,0.1492,False,False,False,False,short1_k1
266,622.0873,0.0016,0.9376,37735.8883,0.1613,False,False,False,False,short1_k1
267,243.131,0.0,0.9724,15865.2299,0.0118,False,False,False,False,short1_k1
268,,,,5561.2116,0.2209,False,False,False,False,short1_k1
269,,,,6414.028,0.0231,False,False,False,False,short1_k1
27,8995.0409,0.1143,0.333,16657.8975,0.5525,False,False,False,True,short1_k1
270,1978.016,0.0004,0.9465,20397.8746,0.0472,True,False,False,False,short1_k1
271,5551.2025,0.0012,0.9276,1272.6628,0.0838,True,False,False,False,short1_k1
272,53.5366,0.0,0.9703,20460.3352,0.1293,False,False,False,False,short1_k1
273,513.5728,0.0,0.9848,56032.7303,0.1033,False,False,False,False,short1_k1
274,12718.5168,0.0781,0.3791,26474.5244,0.1326,False,False,False,False,short1_k1
275,4841.3614,0.0,0.9308,26047.236,0.0268,True,False,False,False,short1_k1
276,6115.8118,0.0014,0.8676,78586.0498,0.0491,True,False,False,False,short1_k1
277,82336.8583,0.053,0.7727,76620.7346,0.2113,True,False,False,False,short1_k1
278,2288.054,0.0102,0.8775,23946.3518,0.0305,True,False,False,False,short1_k1
279,271.0185,0.0003,0.8934,33906.9061,0.1542,False,False,False,False,short1_k1
28,601193.1768,0.1235,0.1186,122309.3091,0.6561,False,False,False,True,short1_k1
280,29.3879,0.0,0.9259,522.2951,0.0109,False,False,False,False,short1_k1
281,2783.0719,0.0571,0.4771,10580.7607,0.1684,False,False,False,False,short1_k1
282,,,,4.2687,0.0,False,False,False,False,short1_k1
283,13385.3895,0.0,0.9843,54770.3154,0.0618,True,False,False,False,short1_k1
284,6.9319,0.0,1.0,801.2599,0.0349,False,False,False,False,short1_k1
285,79351.4071,0.1301,0.7463,65868.4219,0.2624,True,False,False,False,short1_k1
287,1858.791,0.0019,0.9699,16387.6883,0.0451,True,False,False,False,short1_k1
288,12.9906,0.0,1.0,29447.0735,0.0421,False,False,False,False,short1_k1
289,1046.6596,0.0,0.8492,14589.4231,0.0251,True,False,False,False,short1_k1
29,36281.1525,0.1939,0.0838,2198.7013,0.6515,False,False,False,True,short1_k1
290,78.3598,0.0,0.9968,20425.9638,0.093,False,False,False,False,short1_k1
291,,,,17061.2261,0.0176,False,False,False,False,short1_k1
292,5.1497,0.0,0.0,34054.8275,0.0794,False,False,False,False,short1_k1
293,23.3108,0.0,1.0,4565.4835,0.0773,False,False,False,False,short1_k1
294,4.6439,0.0,1.0,1659.429,0.0377,False,False,False,False,short1_k1
295,43.4244,0.042,0.624,10527.2974,0.0318,False,False,False,False,short1_k1
296,,,,26518.0905,0.0195,False,False,False,False,short1_k1
297,,,,527.1653,0.0,False,False,False,False,short1_k1
298,23180.5865,0.025,0.8064,34771.3077,0.0405,True,False,False,False,short1_k1
299,23.1397,0.0,0.9821,5485.7787,0.015,False,False,False,False,short1_k1
3,16991.7187,0.0074,0.8035,101817.1706,0.3667,True,False,False,False,short1_k1
30,18179.3016,0.3498,0.4862,19851.5172,0.1381,False,True,False,False,short1_k1
300,301.8338,0.0,0.9811,8342.8741,0.0096,False,False,False,False,short1_k1
31,134957.7875,0.2632,0.1789,80405.36,0.5803,False,True,False,True,short1_k1
32,32347.9073,0.2301,0.4805,58585.7058,0.1118,False,True,False,False,short1_k1
33,77129.3618,0.0051,0.5237,2081.6807,0.3647,True,False,False,False,short1_k1
34,201240.1201,0.3003,0.4694,87904.8347,0.2459,False,True,False,False,short1_k1
35,76155.2551,0.0619,0.238,3200.5463,0.5164,False,False,False,True,short1_k1
36,455041.9007,0.2266,0.1557,125083.9191,0.6145,False,True,False,True,short1_k1
37,89186.0307,0.4908,0.1679,59549.3844,0.6535,False,True,False,True,short1_k1
38,28940.3436,0.3703,0.2046,32030.9212,0.5688,False,True,False,True,short1_k1
39,283736.6654,0.0253,0.427,22472.6219,0.3896,False,False,False,False,short1_k1
4,5474.2001,0.0034,0.923,16525.0694,0.2066,True,False,False,False,short1_k1
40,82308.5869,0.0731,0.1001,9755.3723,0.6345,False,False,False,True,short1_k1
41,71518.0732,0.135,0.6915,55637.4329,0.1501,True,False,False,False,short1_k1
42,15564.8697,0.0278,0.2923,40206.4889,0.1027,False,False,False,False,short1_k1
43,31981.0254,0.2073,0.3762,16840.764,0.5102,False,True,False,True,short1_k1
44,31243.8916,0.3676,0.1069,72093.5737,0.4027,False,True,False,False,short1_k1
45,317925.0545,0.1875,0.1394,48194.4484,0.7714,False,False,False,True,short1_k1
46,2735.2052,0.1273,0.404,13236.1716,0.1846,False,False,False,False,short1_k1
47,342089.5395,0.3369,0.1182,242540.376,0.7306,False,True,False,True,short1_k1
48,83296.9992,0.3583,0.1019,50624.3489,0.845,False,True,False,True,short1_k1
49,51038.0383,0.0735,0.6276,74431.2877,0.2397,True,False,False,False,short1_k1
5,2683.5889,0.0019,0.9497,20691.5772,0.2629,True,False,False,False,short1_k1
50,104108.5451,0.0941,0.675,41981.7589,0.2068,True,False,False,False,short1_k1
51,66620.03,0.056,0.0508,2580.7169,0.518,False,False,False,True,short1_k1
52,79812.3839,0.0565,0.0581,2551.9699,0.4986,False,False,False,False,short1_k1
53,493700.8779,0.0198,0.124,15307.9874,0.6366,False,False,False,True,short1_k1
54,289034.6151,0.0018,0.8331,29521.9553,0.0283,True,False,False,False,short1_k1
55,65897.5942,0.2928,0.42,49526.8295,0.3942,False,True,False,False,short1_k1
56,764612.4848,0.0277,0.4649,38423.417,0.2983,False,False,False,False,short1_k1
58,54711.1532,0.2781,0.1992,21057.0532,0.4274,False,True,False,False,short1_k1
59,59930.4171,0.4234,0.1771,21481.4359,0.6113,False,True,False,True,short1_k1
6,2006.1234,0.0007,0.9704,75041.1146,0.2506,True,False,False,False,short1_k1
60,292594.9006,0.0429,0.24,91143.4362,0.6281,False,False,False,True,short1_k1
62,5889.4389,0.0837,0.6142,4619.5775,0.2265,True,False,False,False,short1_k1
63,148280.0601,0.107,0.4614,67726.7947,0.3497,False,False,False,False,short1_k1
64,24716.6786,0.0023,0.62,263.2876,0.002,True,False,False,False,short1_k1
65,131603.2519,0.0228,0.3248,6338.9817,0.5529,False,False,False,True,short1_k1
66,117006.7009,0.0129,0.2031,141.7817,0.0395,False,False,False,False,short1_k1
67,30747.791,0.2122,0.2502,21694.7532,0.4525,False,True,False,False,short1_k1
68,199661.9499,0.1265,0.4412,205871.5492,0.1689,False,False,False,False,short1_k1
69,129151.1062,0.0738,0.3957,82536.1821,0.5513,False,False,False,True,short1_k1
7,6.7732,0.1184,0.7763,24193.8836,0.4594,False,False,False,False,short1_k1
70,120581.5784,0.0169,0.6259,41880.4577,0.3445,True,False,False,False,short1_k1
71,32473.5421,0.0066,0.8619,38187.7618,0.1683,True,False,False,False,short1_k1
72,37963.0849,0.2107,0.2133,32979.0434,0.582,False,True,False,True,short1_k1
73,155220.0495,0.0019,0.5634,20889.0286,0.0851,True,False,False,False,short1_k1
74,95902.5032,0.0001,0.8985,151274.9288,0.0089,True,False,False,False,short1_k1
75,116604.0578,0.0063,0.3322,6480.221,0.2871,False,False,False,False,short1_k1
76,59188.0131,0.0011,0.6443,1840.3114,0.1283,True,False,False,False,short1_k1
77,27625.2222,0.031,0.7694,9309.3337,0.2075,True,False,False,False,short1_k1
78,210705.5831,0.0555,0.5225,54014.1864,0.3464,True,False,False,False,short1_k1
79,225610.7993,0.0038,0.4826,6035.3562,0.2607,False,False,False,False,short1_k1
8,8601.5342,0.0272,0.7265,117920.0394,0.3057,True,False,False,False,short1_k1
80,80813.6751,0.0037,0.8794,388.2529,0.0081,True,False,False,False,short1_k1
82,38542.9436,0.0059,0.2992,319.0343,0.1073,False,False,False,False,short1_k1
83,479527.7112,0.0939,0.3674,144417.2042,0.4772,False,False,False,False,short1_k1
84,39400.0963,0.0044,0.8831,24221.8503,0.1658,True,False,False,False,short1_k1
85,17942.3523,0.2104,0.4277,6656.8009,0.1957,False,True,False,False,short1_k1
86,3235.7752,0.0,0.9994,11698.6964,0.0019,True,False,False,False,short1_k1
87,213607.5834,0.0256,0.6414,159788.8473,0.0493,True,False,False,False,short1_k1
88,1484.7786,0.0,0.9306,1846.2908,0.0016,True,False,False,False,short1_k1
89,480551.2038,0.0016,0.4303,7961.8329,0.359,False,False,False,False,short1_k1
9,3223.6122,0.3805,0.1367,150710.044,0.7683,False,True,False,True,short1_k1
90,152445.6619,0.086,0.3455,74393.9893,0.6258,False,False,False,True,short1_k1
91,41632.5248,0.0099,0.4864,12552.7982,0.2643,False,False,False,False,short1_k1
92,27598.3152,0.0,0.5466,6569.7845,0.6324,True,False,False,True,short1_k1
94,11910.2175,0.0,0.9877,1385.7225,0.0025,True,False,False,False,short1_k1
95,154807.9057,0.0457,0.4266,107122.4349,0.257,False,False,False,False,short1_k1
96,13848.8073,0.0044,0.9577,7105.5752,0.0443,True,False,False,False,short1_k1
97,73425.9495,0.0204,0.8052,240335.7593,0.0394,True,False,False,False,short1_k1
98,3087.0277,0.0216,0.7884,48638.735,0.1426,True,False,False,False,short1_k1
99,28681.3565,0.0705,0.5676,17379.5596,0.107,True,False,False,False,short1_k1
AMZ_CerraPant001,15418.3175,0.0396,0.7228,18958.001,0.2659,True,False,False,False,short1_k1
AMZ_CerraPant002,1914.0207,0.0001,0.9928,10609.0122,0.0041,True,False,False,False,short1_k1
AMZ_CerraPant004,22379.2265,0.0074,0.1872,4748.8677,0.1475,False,False,False,False,short1_k1
AMZ_CerraPant005,11446.6213,0.0,0.6491,3385.9786,0.001,True,False,False,False,short1_k1
AMZ_CerraPant008,3651.1872,0.2243,0.6067,1047.7865,0.3605,True,True,False,False,short1_k1
AMZ_CerraPant009,4346.5973,0.0008,0.9847,9660.0086,0.0118,True,False,False,False,short1_k1
AMZ_CerraPant010,10072.1247,0.0,0.8711,4581.0365,0.007,True,False,False,False,short1_k1
AMZ_CerraPant011,7120.4163,0.0001,0.9946,9925.2984,0.0292,True,False,False,False,short1_k1
AMZ_CerraPant012,2625.7609,0.0,0.9874,13026.3277,0.0567,True,False,False,False,short1_k1
AMZ_CerraPant013,693.9166,0.0001,0.9996,15637.5001,0.0132,False,False,False,False,short1_k1
AMZ_CerraPant014,4949.9382,0.6021,0.0681,4084.1855,0.4857,False,True,True,False,short1_k1
AMZ_CerraPant015,2329.7571,0.4413,0.09,2712.2169,0.4524,False,True,False,False,short1_k1
AMZ_CerraPant016,1.496,0.1765,0.0,3852.954,0.726,False,False,False,True,short1_k1
AMZ_CerraPant017,6128.3831,0.2514,0.114,5017.3861,0.2022,False,True,False,False,short1_k1
AMZ_CerraPant018,379.3608,0.1942,0.395,410.1849,0.1141,False,False,False,False,short1_k1
AMZ_CerraPant019,19167.9019,0.0638,0.4226,17280.9787,0.8661,False,False,False,True,short1_k1
AMZ_CerraPant020,11383.7636,0.0125,0.6544,4334.785,0.2489,True,False,False,False,short1_k1
AMZ_CerraPant022,13.2191,0.0,0.5329,635.7799,0.1707,False,False,False,False,short1_k1
AMZ_CerraPant023,61087.0572,0.4918,0.2106,6675.3837,0.2317,False,True,False,False,short1_k1
AMZ_CerraPant024,50.5764,0.0572,0.825,13534.4757,0.0416,False,False,False,False,short1_k1
AMZ_CerraPant025,5132.4239,0.0823,0.2917,1132.5329,0.3875,False,False,False,False,short1_k1
AMZ_CerraPant026,4468.9917,0.0239,0.2289,20198.9542,0.4299,False,False,False,False,short1_k1
AMZ_CerraPant027,5743.1805,0.0361,0.1446,6472.1313,0.1968,False,False,False,False,short1_k1
AMZ_CerraPant028,1067.6122,0.8708,0.0273,3583.009,0.2688,False,True,True,False,short1_k1
AMZ_CerraPant029,12123.4775,0.0011,0.3749,31591.3319,0.1814,False,False,False,False,short1_k1
AMZ_CerraPant030,14103.3797,0.0205,0.4496,7889.6076,0.424,False,False,False,False,short1_k1
AMZ_CerraPant031,32076.5999,0.0,0.4676,9599.1121,0.1815,False,False,False,False,short1_k1
AMZ_CerraPant032,6588.3243,0.0005,0.994,3321.6381,0.0701,True,False,False,False,short1_k1
AMZ_CerraPant033,8826.4849,0.4255,0.3687,7615.8361,0.2232,False,True,False,False,short1_k1
AMZ_CerraPant034,21232.1951,0.166,0.6501,11881.1439,0.2706,True,False,False,False,short1_k1
AMZ_CerraPant035,4899.9687,0.3649,0.4653,2041.2386,0.249,False,True,False,False,short1_k1
AMZ_CerraPant036,3490.8223,0.169,0.3124,5956.5449,0.1581,False,False,False,False,short1_k1
AMZ_CerraPant037,3237.1709,0.0185,0.8355,17952.5394,0.3695,True,False,False,False,short1_k1
AMZ_CerraPant038,1872.1776,0.0953,0.6925,5962.3924,0.4724,True,False,False,False,short1_k1
AMZ_CerraPant039,1124.4862,0.1062,0.484,23613.9203,0.3043,False,False,False,False,short1_k1
AMZ_CerraPant041,17646.1017,0.2698,0.2195,28586.073,0.7248,False,True,False,True,short1_k1
AMZ_CerraPant042,64926.4266,0.4486,0.1902,21314.6429,0.4498,False,True,False,False,short1_k1
AMZ_CerraPant043,459.7171,0.0,0.324,1533.3838,0.194,False,False,False,False,short1_k1
AMZ_CerraPant044,57.9926,0.7694,0.0774,12685.8325,0.7401,False,False,False,True,short1_k1
AMZ_CerraPant045,5985.5973,0.0702,0.6978,3807.3456,0.1479,True,False,False,False,short1_k1
AMZ_CerraPant046,11623.0871,0.0,0.9952,36563.1396,0.0173,True,False,False,False,short1_k1
CAA_CerraPa001,713.3638,0.0,0.8989,7997.9744,0.2243,False,False,False,False,short1_k1
CAA_CerraPa002,762.8732,0.0032,0.6713,2546.073,0.408,False,False,False,False,short1_k1
CAA_CerraPa003,17616.3323,0.0294,0.307,27768.5565,0.0827,False,False,False,False,short1_k1
CAA_CerraPa004,2861.8903,0.0,0.9827,107.923,0.0,True,False,False,False,short1_k1
CAA_CerraPa005,569.96,0.0,0.9828,11273.9454,0.434,False,False,False,False,short1_k1
CAA_CerraPa006,3282.2351,0.0007,0.8275,1377.8446,0.3768,True,False,False,False,short1_k1
CAA_CerraPa007,14096.2429,0.0,0.9356,,,True,False,False,False,short1_k1
CAA_CerraPa008,334.9914,0.0,0.8091,10737.7639,0.2273,False,False,False,False,short1_k1
CerraPa_MA001,0.0833,0.0,0.0,1532.0761,0.3194,False,False,False,False,short1_k1
CerraPa_MA002,,,,2445.9311,0.0472,False,False,False,False,short1_k1
CerraPa_MA003,,,,516.1596,0.0066,False,False,False,False,short1_k1
CerraPa_MA004,29512.865,0.0013,0.9565,364.4599,0.0554,True,False,False,False,short1_k1
CerraPa_MA005,,,,1208.9328,0.0334,False,False,False,False,short1_k1
1,228192.3371,0.1192,0.6163,218590.3087,0.3551,True,False,False,False,calendar
10,4965.3312,0.0788,0.5612,25738.1435,0.3929,True,False,False,False,calendar
100,3568.5251,0.0,0.9177,17761.169,0.0063,True,False,False,False,calendar
101,195344.8147,0.0633,0.6745,35111.9948,0.1267,True,False,False,False,calendar
102,188999.5917,0.256,0.4307,65810.675,0.4484,False,True,False,False,calendar
103,6641.6513,0.2957,0.2784,1921.2568,0.1373,False,True,False,False,calendar
104,45430.6131,0.0012,0.9311,9532.4324,0.1749,True,False,False,False,calendar
105,24958.9498,0.0005,0.9654,7721.9852,0.1309,True,False,False,False,calendar
106,504932.359,0.0238,0.3454,5276.881,0.5426,False,False,False,True,calendar
107,35037.0561,0.0033,0.9621,6970.677,0.1293,True,False,False,False,calendar
108,205843.4103,0.0321,0.4873,39512.2791,0.3732,False,False,False,False,calendar
109,83087.9199,0.2778,0.339,77420.6363,0.592,False,True,False,True,calendar
11,219.1937,0.4866,0.1905,5047.1531,0.8526,False,False,False,True,calendar
110,124721.9434,0.4229,0.2399,38167.0589,0.5936,False,True,False,True,calendar
111,99646.2172,0.0288,0.3352,3166.0802,0.5377,False,False,False,True,calendar
112,47362.7113,0.0284,0.4264,32321.4355,0.0724,False,False,False,False,calendar
113,56583.5097,0.0069,0.8679,138813.2705,0.0459,True,False,False,False,calendar
114,113651.4022,0.4393,0.255,42560.7635,0.4305,False,True,False,False,calendar
115,183196.8763,0.2574,0.3359,68986.1409,0.6465,False,True,False,True,calendar
116,28385.1932,0.05,0.8164,3164.3606,0.1199,True,False,False,False,calendar
117,3071.7711,0.1991,0.3707,424.8697,0.1188,False,False,False,False,calendar
118,61028.41,0.0069,0.7379,1064.8372,0.0445,True,False,False,False,calendar
119,51770.5419,0.1493,0.5109,28986.0157,0.3699,True,False,False,False,calendar
12,1670.5344,0.0362,0.6368,9944.5481,0.3835,True,False,False,False,calendar
120,84248.1132,0.1873,0.522,37084.2398,0.4767,True,False,False,False,calendar
121,25479.4148,0.0002,0.9238,463.9664,0.0589,True,False,False,False,calendar
122,6542.969,0.0001,0.9598,457.3898,0.0152,True,False,False,False,calendar
123,20196.7191,0.6112,0.1339,11209.811,0.637,False,True,True,True,calendar
124,72374.0157,0.0813,0.1719,1164.1204,0.662,False,False,False,True,calendar
125,7421.5982,0.0003,0.9285,132.0147,0.0,True,False,False,False,calendar
126,221959.1534,0.1486,0.3418,41943.8394,0.282,False,False,False,False,calendar
127,33127.8796,0.0385,0.574,40240.6849,0.1566,True,False,False,False,calendar
128,75118.6789,0.159,0.5579,41666.4071,0.4312,True,False,False,False,calendar
129,251289.0755,0.0851,0.134,35619.3559,0.234,False,False,False,False,calendar
13,16521.7854,0.2461,0.4198,12454.4611,0.1666,False,True,False,False,calendar
130,263102.5031,0.0521,0.4429,5650.3938,0.3572,False,False,False,False,calendar
131,12321.477,0.8514,0.02,3563.0553,0.5639,False,True,True,True,calendar
132,24891.7226,0.1356,0.3509,1486.9605,0.4062,False,False,False,False,calendar
133,29542.1354,0.1447,0.4581,15582.1573,0.0964,False,False,False,False,calendar
134,297471.8806,0.0517,0.5112,163845.267,0.2084,True,False,False,False,calendar
135,31794.761,0.0,0.9685,299.4467,0.0055,True,False,False,False,calendar
136,48618.1353,0.1509,0.387,31509.7447,0.3494,False,False,False,False,calendar
137,50136.0248,0.0306,0.5952,29814.708,0.1125,True,False,False,False,calendar
138,103421.6021,0.0852,0.5245,79902.8339,0.111,True,False,False,False,calendar
139,297353.3308,0.106,0.6194,40715.9349,0.3549,True,False,False,False,calendar
14,39926.0564,0.6802,0.0398,86260.054,0.6018,False,True,True,True,calendar
140,38467.3063,0.2862,0.4831,37835.1777,0.1817,False,True,False,False,calendar
141,87724.0583,0.0002,0.9658,6140.7177,0.1745,True,False,False,False,calendar
142,41687.9942,0.5207,0.1509,24108.5896,0.6955,False,True,True,True,calendar
143,15170.8495,0.0,0.9936,328.3006,0.0024,True,False,False,False,calendar
144,51393.9497,0.1107,0.5648,41902.8299,0.3988,True,False,False,False,calendar
145,62957.8244,0.0,0.8465,995.0039,0.3018,True,False,False,False,calendar
146,163577.6753,0.237,0.3518,141057.8368,0.6174,False,True,False,True,calendar
147,519538.5146,0.0121,0.7411,27107.1914,0.1906,True,False,False,False,calendar
148,4403.6918,0.0,0.9679,152.9969,0.2316,True,False,False,False,calendar
149,20326.4849,0.0162,0.5252,27998.2155,0.2497,True,False,False,False,calendar
15,37282.1544,0.8128,0.0259,8262.8882,0.689,False,True,True,True,calendar
150,116178.6886,0.0971,0.4565,31001.7991,0.2814,False,False,False,False,calendar
151,23962.3007,0.0655,0.6665,7296.7954,0.1584,True,False,False,False,calendar
152,120303.4089,0.0003,0.9653,6465.4135,0.0519,True,False,False,False,calendar
153,223906.8505,0.0484,0.5491,140906.3646,0.3578,True,False,False,False,calendar
154,535.9429,0.0,0.3901,1718.044,0.4192,False,False,False,False,calendar
155,24359.6484,0.0148,0.5411,36796.4048,0.2119,True,False,False,False,calendar
156,73762.9904,0.0274,0.475,113702.5943,0.3445,False,False,False,False,calendar
157,38770.4673,0.0035,0.6817,59393.8259,0.2185,True,False,False,False,calendar
158,40395.0103,0.2456,0.4979,43817.9146,0.2474,False,True,False,False,calendar
159,144810.1523,0.1312,0.542,78498.341,0.1765,True,False,False,False,calendar
16,113749.706,0.5882,0.1011,33984.9222,0.5795,False,True,True,True,calendar
160,8027.2447,0.0786,0.5471,1878.3385,0.2823,True,False,False,False,calendar
161,54971.7799,0.103,0.4993,66657.703,0.2678,False,False,False,False,calendar
162,1349.7624,0.0684,0.6878,2640.6538,0.1257,True,False,False,False,calendar
163,19619.3231,0.0,0.926,1748.0298,0.0036,True,False,False,False,calendar
164,93154.0588,0.4942,0.1043,16730.2697,0.2699,False,True,False,False,calendar
165,133929.117,0.0241,0.7842,46987.4814,0.2185,True,False,False,False,calendar
166,23048.158,0.0045,0.8943,32657.0516,0.1182,True,False,False,False,calendar
167,3955.923,0.0,0.9926,377.471,0.0023,True,False,False,False,calendar
168,322658.3927,0.0206,0.6074,137171.2334,0.3537,True,False,False,False,calendar
169,81662.5989,0.0994,0.4957,63151.0338,0.3119,False,False,False,False,calendar
17,1709.4068,0.3478,0.3422,2064.1125,0.7303,False,True,False,True,calendar
170,55993.317,0.0006,0.9178,5707.4522,0.1239,True,False,False,False,calendar
172,12181.7948,0.0606,0.8736,4097.306,0.4876,True,False,False,False,calendar
173,221919.931,0.0045,0.9197,22348.2054,0.1668,True,False,False,False,calendar
174,41102.968,0.0054,0.8186,13594.2749,0.1296,True,False,False,False,calendar
175,7238.4153,0.1436,0.5703,18826.374,0.1197,True,False,False,False,calendar
176,47009.9715,0.0119,0.8011,45036.1642,0.0712,True,False,False,False,calendar
177,17002.2864,0.0073,0.8863,16231.4262,0.0871,True,False,False,False,calendar
178,86834.1692,0.0004,0.9727,34915.0793,0.076,True,False,False,False,calendar
179,26856.1532,0.0094,0.8275,30345.0035,0.1185,True,False,False,False,calendar
18,235933.5085,0.2065,0.3895,112812.5028,0.2679,False,True,False,False,calendar
180,115589.45,0.1386,0.2824,43083.55,0.2833,False,False,False,False,calendar
181,32124.2175,0.0,0.9415,790.5714,0.1013,True,False,False,False,calendar
182,63148.8278,0.067,0.6714,11746.9956,0.2663,True,False,False,False,calendar
183,792.0313,0.0216,0.8129,74373.9153,0.0535,False,False,False,False,calendar
184,27279.3431,0.0316,0.786,32197.8327,0.1351,True,False,False,False,calendar
185,101655.5132,0.0998,0.6107,19594.7635,0.5017,True,False,False,True,calendar
186,92661.0937,0.0002,0.9118,9110.0176,0.0282,True,False,False,False,calendar
187,42488.1341,0.0003,0.876,3115.2676,0.1166,True,False,False,False,calendar
188,109087.0827,0.0151,0.8318,23730.1585,0.1283,True,False,False,False,calendar
189,120597.7741,0.0551,0.3155,165641.3136,0.5801,False,False,False,True,calendar
19,252587.966,0.4065,0.1747,39932.05,0.5884,False,True,False,True,calendar
190,107190.209,0.0027,0.9266,58404.763,0.0691,True,False,False,False,calendar
191,872.8404,0.0019,0.2372,37905.6348,0.0429,False,False,False,False,calendar
192,13672.8158,0.0001,0.8568,12826.5447,0.127,True,False,False,False,calendar
193,4433.3382,0.0,0.9063,18274.5122,0.0275,True,False,False,False,calendar
194,825.4338,0.037,0.6962,1292.6526,0.1121,False,False,False,False,calendar
195,119902.5316,0.0312,0.8876,9326.3369,0.1032,True,False,False,False,calendar
196,13027.9529,0.0007,0.9143,9797.3326,0.1254,True,False,False,False,calendar
197,25486.9953,0.145,0.4404,13369.1522,0.2143,False,False,False,False,calendar
198,409.2157,0.0094,0.9307,21103.4602,0.0199,False,False,False,False,calendar
199,75252.0642,0.0082,0.7247,23948.5566,0.0771,True,False,False,False,calendar
2,28783.059,0.2797,0.3802,627008.4835,0.4321,False,True,False,False,calendar
20,207139.7292,0.4233,0.1735,105570.2608,0.5683,False,True,False,True,calendar
200,79032.165,0.0003,0.8072,38117.5609,0.0479,True,False,False,False,calendar
201,24853.2864,0.0179,0.6863,25862.2877,0.1216,True,False,False,False,calendar
202,22257.1846,0.0001,0.9284,3941.8457,0.0161,True,False,False,False,calendar
203,39101.5982,0.0134,0.7574,58210.4271,0.068,True,False,False,False,calendar
204,3001.484,0.0515,0.905,29427.7971,0.0517,True,False,False,False,calendar
205,91698.4367,0.0508,0.5282,38021.9818,0.3914,True,False,False,False,calendar
206,19324.3981,0.0063,0.8339,19456.3274,0.1082,True,False,False,False,calendar
207,11383.3996,0.0011,0.7447,31403.969,0.0672,True,False,False,False,calendar
208,20799.8314,0.0019,0.835,4910.3467,0.1116,True,False,False,False,calendar
209,27800.2376,0.0123,0.6167,33698.2001,0.1279,True,False,False,False,calendar
21,18688.5558,0.5203,0.1907,9026.0179,0.607,False,True,True,True,calendar
210,46628.7968,0.0004,0.9519,21599.0118,0.0898,True,False,False,False,calendar
211,64265.7861,0.0168,0.7744,27560.3618,0.1267,True,False,False,False,calendar
212,31274.6645,0.015,0.723,21834.9025,0.0923,True,False,False,False,calendar
213,2931.5619,0.021,0.7341,43929.023,0.0559,True,False,False,False,calendar
214,43911.8074,0.0032,0.8597,54901.842,0.0431,True,False,False,False,calendar
215,32373.264,0.0001,0.8318,2926.3959,0.2585,True,False,False,False,calendar
216,130692.7163,0.0679,0.8058,48092.2658,0.2931,True,False,False,False,calendar
217,60843.9395,0.0002,0.9514,110698.4766,0.0968,True,False,False,False,calendar
218,138395.1865,0.0317,0.67,90859.9427,0.2051,True,False,False,False,calendar
219,109470.6854,0.0603,0.4655,16345.8777,0.3028,False,False,False,False,calendar
22,236616.5521,0.5338,0.1163,44516.0284,0.6862,False,True,True,True,calendar
220,50546.9766,0.038,0.5221,135257.5832,0.1363,True,False,False,False,calendar
221,228802.2593,0.0046,0.8232,197842.3042,0.0706,True,False,False,False,calendar
222,11636.2434,0.0,0.9449,5383.6208,0.0474,True,False,False,False,calendar
223,99364.1987,0.0359,0.6352,65030.4569,0.1083,True,False,False,False,calendar
224,50316.2572,0.1498,0.1411,58927.7772,0.598,False,False,False,True,calendar
225,46954.5229,0.0049,0.8786,18115.1438,0.1755,True,False,False,False,calendar
226,21.5652,0.0,1.0,2784.0476,0.047,False,False,False,False,calendar
227,11679.1222,0.0002,0.7526,40932.2276,0.0593,True,False,False,False,calendar
228,6550.4446,0.0003,0.8981,3863.4379,0.0486,True,False,False,False,calendar
229,76985.0835,0.0515,0.7436,118349.3112,0.3489,True,False,False,False,calendar
23,307048.6879,0.3132,0.2605,39551.8476,0.5546,False,True,False,True,calendar
230,46313.5165,0.0013,0.9149,34379.7997,0.0427,True,False,False,False,calendar
231,10404.0382,0.2406,0.5681,38470.0101,0.0588,True,True,False,False,calendar
232,10727.1464,0.0136,0.7427,3460.4122,0.0754,True,False,False,False,calendar
233,6507.4541,0.0,0.9966,33576.9294,0.0265,True,False,False,False,calendar
234,183468.4319,0.0125,0.877,78139.7951,0.1957,True,False,False,False,calendar
235,15782.5253,0.0,0.952,49642.7132,0.0667,True,False,False,False,calendar
236,43434.9161,0.004,0.8488,16265.0354,0.0371,True,False,False,False,calendar
237,52638.8,0.0385,0.6252,57702.313,0.1662,True,False,False,False,calendar
238,41691.6601,0.0028,0.9068,116640.6621,0.0408,True,False,False,False,calendar
239,54139.7845,0.2126,0.4743,73060.3015,0.0547,False,True,False,False,calendar
24,417215.9756,0.6547,0.0698,109223.1611,0.5567,False,True,True,True,calendar
240,10252.8027,0.0,0.9993,47694.7514,0.023,True,False,False,False,calendar
241,16275.9785,0.0007,0.948,113490.5722,0.029,True,False,False,False,calendar
242,7862.277,0.0,0.9792,11990.7639,0.0293,True,False,False,False,calendar
243,94991.911,0.0076,0.8958,69353.7871,0.0675,True,False,False,False,calendar
244,3084.8249,0.0,0.9693,4452.8881,0.018,True,False,False,False,calendar
245,286470.0768,0.0942,0.6107,212057.293,0.3343,True,False,False,False,calendar
246,29459.5526,0.0651,0.5649,54124.0108,0.3428,True,False,False,False,calendar
247,4856.2773,0.0003,0.8756,28443.6542,0.1222,True,False,False,False,calendar
248,8822.4129,0.0,0.994,1582.1568,0.0305,True,False,False,False,calendar
249,595.2503,0.0,0.7243,7418.5344,0.5095,False,False,False,True,calendar
25,14317.1906,0.5691,0.1791,2352.5546,0.4379,False,True,True,False,calendar
250,2012.3151,0.0,0.9877,87497.2364,0.0954,True,False,False,False,calendar
251,8309.4355,0.1245,0.4133,6696.428,0.1077,False,False,False,False,calendar
252,136079.452,0.269,0.1685,44137.1588,0.3041,False,True,False,False,calendar
253,12796.199,0.0104,0.9102,47574.3952,0.0295,True,False,False,False,calendar
254,7569.837,0.0229,0.6589,26322.9165,0.0726,True,False,False,False,calendar
255,11134.1983,0.0142,0.7612,63584.0785,0.2071,True,False,False,False,calendar
256,1332.7571,0.0178,0.9385,43600.2227,0.0331,True,False,False,False,calendar
257,65550.88,0.0636,0.0718,24164.903,0.3366,False,False,False,False,calendar
258,48381.0417,0.0642,0.1951,64094.0622,0.1829,False,False,False,False,calendar
259,39460.7517,0.1228,0.5333,21042.2872,0.2258,True,False,False,False,calendar
26,18537.6119,0.5316,0.1422,9366.9815,0.4203,False,True,True,False,calendar
260,65665.1164,0.4201,0.1611,23116.7612,0.1665,False,True,False,False,calendar
261,3551.0764,0.0015,0.9448,142063.7965,0.0703,True,False,False,False,calendar
262,,,,3265.5185,0.0899,False,False,False,False,calendar
263,27.9909,0.0,0.6935,4980.0034,0.1154,False,False,False,False,calendar
264,15410.1832,0.1976,0.4493,16865.1702,0.174,False,False,False,False,calendar
265,1712.3784,0.0005,0.3873,31631.0016,0.1492,False,False,False,False,calendar
266,622.0873,0.0009,0.9376,37735.8883,0.1613,False,False,False,False,calendar
267,243.131,0.0,0.9724,15865.2299,0.0118,False,False,False,False,calendar
268,,,,5561.2116,0.2209,False,False,False,False,calendar
269,,,,6414.028,0.0231,False,False,False,False,calendar
27,8995.0409,0.2966,0.333,16657.8975,0.5525,False,True,False,True,calendar
270,1978.016,0.0,0.9465,20397.8746,0.0472,True,False,False,False,calendar
271,5551.2025,0.0,0.9276,1272.6628,0.0838,True,False,False,False,calendar
272,53.5366,0.0,0.9703,20460.3352,0.1293,False,False,False,False,calendar
273,513.5728,0.0,0.9848,56032.7303,0.1033,False,False,False,False,calendar
274,12718.5168,0.0702,0.3781,26474.5244,0.1326,False,False,False,False,calendar
275,4841.3614,0.0,0.9308,26047.236,0.0268,True,False,False,False,calendar
276,6115.8118,0.001,0.8672,78586.0498,0.0491,True,False,False,False,calendar
277,82336.8583,0.0669,0.7727,76620.7346,0.2113,True,False,False,False,calendar
278,2288.054,0.008,0.8775,23946.3518,0.0305,True,False,False,False,calendar
279,271.0185,0.0,0.8934,33906.9061,0.1542,False,False,False,False,calendar
28,601193.1768,0.4522,0.1186,122309.3091,0.6561,False,True,False,True,calendar
280,29.3879,0.0,0.9259,522.2951,0.0109,False,False,False,False,calendar
281,2783.0719,0.0688,0.4771,10580.7607,0.1684,False,False,False,False,calendar
282,,,,4.2687,0.0,False,False,False,False,calendar
283,13385.3895,0.0001,0.9843,54770.3154,0.0618,True,False,False,False,calendar
284,6.9319,0.0,1.0,801.2599,0.0349,False,False,False,False,calendar
285,79351.4071,0.1213,0.7463,65868.4219,0.2624,True,False,False,False,calendar
287,1858.791,0.0,0.9699,16387.6883,0.0453,True,False,False,False,calendar
288,12.9906,0.0,1.0,29447.0735,0.0421,False,False,False,False,calendar
289,1046.6596,0.0,0.8492,14589.4231,0.0251,True,False,False,False,calendar
29,36281.1525,0.6401,0.0838,2198.7013,0.6515,False,True,True,True,calendar
290,78.3598,0.0,0.9968,20425.9638,0.093,False,False,False,False,calendar
291,,,,17061.2261,0.0176,False,False,False,False,calendar
292,5.1497,0.0,0.0,34054.8275,0.0794,False,False,False,False,calendar
293,23.3108,0.0,1.0,4565.4835,0.0773,False,False,False,False,calendar
294,4.6439,0.0,1.0,1659.429,0.0377,False,False,False,False,calendar
295,43.4244,0.0,0.624,10527.2974,0.032,False,False,False,False,calendar
296,,,,26518.0905,0.0195,False,False,False,False,calendar
297,,,,527.1653,0.0,False,False,False,False,calendar
298,23180.5865,0.0443,0.8063,34771.3077,0.0405,True,False,False,False,calendar
299,23.1397,0.0,0.9821,5485.7787,0.015,False,False,False,False,calendar
3,16991.7187,0.0198,0.8024,101817.1706,0.3667,True,False,False,False,calendar
30,18179.3016,0.3351,0.4861,19851.5172,0.1388,False,True,False,False,calendar
300,301.8338,0.0,0.9811,8342.8741,0.0096,False,False,False,False,calendar
31,134957.7875,0.4595,0.1789,80405.36,0.5804,False,True,False,True,calendar
32,32347.9073,0.2004,0.4805,58585.7058,0.1119,False,True,False,False,calendar
33,77129.3618,0.0143,0.5237,2081.6807,0.3647,True,False,False,False,calendar
34,201240.1201,0.3066,0.4693,87904.8347,0.2463,False,True,False,False,calendar
35,76155.2551,0.3314,0.2379,3200.5463,0.5164,False,True,False,True,calendar
36,455041.9007,0.4482,0.1557,125083.9191,0.6145,False,True,False,True,calendar
37,89186.0307,0.5714,0.1679,59549.3844,0.6536,False,True,True,True,calendar
38,28940.3436,0.4526,0.2046,32030.9212,0.5689,False,True,False,True,calendar
39,283736.6654,0.1292,0.4269,22472.6219,0.3896,False,False,False,False,calendar
4,5474.2001,0.0094,0.9226,16525.0694,0.2066,True,False,False,False,calendar
40,82308.5869,0.4382,0.1001,9755.3723,0.6345,False,True,False,True,calendar
41,71518.0732,0.1345,0.6914,55637.4329,0.1501,True,False,False,False,calendar
42,15564.8697,0.0577,0.279,40206.4889,0.1027,False,False,False,False,calendar
43,31981.0254,0.2516,0.3762,16840.764,0.5102,False,True,False,True,calendar
44,31243.8916,0.5079,0.1069,72093.5737,0.4027,False,True,True,False,calendar
45,317925.0545,0.4105,0.1394,48194.4484,0.7714,False,True,False,True,calendar
46,2735.2052,0.1309,0.404,13236.1716,0.1846,False,False,False,False,calendar
47,342089.5395,0.5685,0.1182,242540.376,0.7307,False,True,True,True,calendar
48,83296.9992,0.6081,0.1019,50624.3489,0.8452,False,True,True,True,calendar
49,51038.0383,0.0681,0.6276,74431.2877,0.2397,True,False,False,False,calendar
5,2683.5889,0.0029,0.9497,20691.5772,0.2629,True,False,False,False,calendar
50,104108.5451,0.1126,0.675,41981.7589,0.2068,True,False,False,False,calendar
51,66620.03,0.3965,0.0508,2580.7169,0.5181,False,True,False,True,calendar
52,79812.3839,0.2213,0.0581,2551.9699,0.4986,False,True,False,False,calendar
53,493700.8779,0.1532,0.1238,15307.9874,0.6366,False,False,False,True,calendar
54,289034.6151,0.0028,0.8331,29521.9553,0.0283,True,False,False,False,calendar
55,65897.5942,0.2858,0.42,49526.8295,0.3943,False,True,False,False,calendar
56,764612.4848,0.0637,0.4647,38423.417,0.2983,False,False,False,False,calendar
58,54711.1532,0.4097,0.1992,21057.0532,0.4274,False,True,False,False,calendar
59,59930.4171,0.5044,0.1771,21481.4359,0.6113,False,True,True,True,calendar
6,2006.1234,0.0039,0.9704,75041.1146,0.2508,True,False,False,False,calendar
60,292594.9006,0.2072,0.24,91143.4362,0.6281,False,True,False,True,calendar
62,5889.4389,0.0572,0.6142,4619.5775,0.2265,True,False,False,False,calendar
63,148280.0601,0.1545,0.4614,67726.7947,0.3497,False,False,False,False,calendar
64,24716.6786,0.031,0.62,263.2876,0.002,True,False,False,False,calendar
65,131603.2519,0.0946,0.3248,6338.9817,0.5529,False,False,False,True,calendar
66,117006.7009,0.0675,0.2031,141.7817,0.0395,False,False,False,False,calendar
67,30747.791,0.257,0.2502,21694.7532,0.4525,False,True,False,False,calendar
68,199661.9499,0.2049,0.4412,205871.5492,0.169,False,True,False,False,calendar
69,129151.1062,0.2142,0.3957,82536.1821,0.5514,False,True,False,True,calendar
7,6.7732,0.0,0.7763,24193.8836,0.4596,False,False,False,False,calendar
70,120581.5784,0.0226,0.6259,41880.4577,0.3445,True,False,False,False,calendar
71,32473.5421,0.0098,0.8619,38187.7618,0.1683,True,False,False,False,calendar
72,37963.0849,0.2405,0.2133,32979.0434,0.582,False,True,False,True,calendar
73,155220.0495,0.0139,0.5634,20889.0286,0.0851,True,False,False,False,calendar
74,95902.5032,0.0007,0.8979,151274.9288,0.0089,True,False,False,False,calendar
75,116604.0578,0.1419,0.3321,6480.221,0.2871,False,False,False,False,calendar
76,59188.0131,0.003,0.6443,1840.3114,0.1283,True,False,False,False,calendar
77,27625.2222,0.0256,0.7694,9309.3337,0.2077,True,False,False,False,calendar
78,210705.5831,0.0838,0.5225,54014.1864,0.3465,True,False,False,False,calendar
79,225610.7993,0.0587,0.4826,6035.3562,0.2607,False,False,False,False,calendar
8,8601.5342,0.0228,0.7265,117920.0394,0.3057,True,False,False,False,calendar
80,80813.6751,0.0082,0.8794,388.2529,0.0081,True,False,False,False,calendar
82,38542.9436,0.0562,0.2992,319.0343,0.1073,False,False,False,False,calendar
83,479527.7112,0.2134,0.3674,144417.2042,0.4772,False,True,False,False,calendar
84,39400.0963,0.0152,0.8831,24221.8503,0.1658,True,False,False,False,calendar
85,17942.3523,0.334,0.4277,6656.8009,0.1957,False,True,False,False,calendar
86,3235.7752,0.0,0.9994,11698.6964,0.0023,True,False,False,False,calendar
87,213607.5834,0.0785,0.6414,159788.8473,0.0493,True,False,False,False,calendar
88,1484.7786,0.0,0.9306,1846.2908,0.0016,True,False,False,False,calendar
89,480551.2038,0.0227,0.4303,7961.8329,0.359,False,False,False,False,calendar
9,3223.6122,0.4367,0.1357,150710.044,0.7683,False,True,False,True,calendar
90,152445.6619,0.1962,0.3455,74393.9893,0.6258,False,False,False,True,calendar
91,41632.5248,0.093,0.4864,12552.7982,0.2643,False,False,False,False,calendar
92,27598.3152,0.0034,0.5466,6569.7845,0.6324,True,False,False,True,calendar
94,11910.2175,0.0012,0.9877,1385.7225,0.0025,True,False,False,False,calendar
95,154807.9057,0.082,0.4265,107122.4349,0.2571,False,False,False,False,calendar
96,13848.8073,0.0027,0.9577,7105.5752,0.0443,True,False,False,False,calendar
97,73425.9495,0.0218,0.8052,240335.7593,0.0394,True,False,False,False,calendar
98,3087.0277,0.0193,0.7884,48638.735,0.1426,True,False,False,False,calendar
99,28681.3565,0.1041,0.5676,17379.5596,0.107,True,False,False,False,calendar
AMZ_CerraPant001,15418.3175,0.027,0.7228,18958.001,0.2659,True,False,False,False,calendar
AMZ_CerraPant002,1914.0207,0.004,0.9907,10609.0122,0.0041,True,False,False,False,calendar
AMZ_CerraPant004,22379.2265,0.0503,0.1872,4748.8677,0.1475,False,False,False,False,calendar
AMZ_CerraPant005,11446.6213,0.0044,0.6491,3385.9786,0.001,True,False,False,False,calendar
AMZ_CerraPant008,3651.1872,0.2403,0.6067,1047.7865,0.3609,True,True,False,False,calendar
AMZ_CerraPant009,4346.5973,0.0005,0.9847,9660.0086,0.0118,True,False,False,False,calendar
AMZ_CerraPant010,10072.1247,0.0037,0.8711,4581.0365,0.007,True,False,False,False,calendar
AMZ_CerraPant011,7120.4163,0.0,0.9946,9925.2984,0.0292,True,False,False,False,calendar
AMZ_CerraPant012,2625.7609,0.0003,0.9874,13026.3277,0.0571,True,False,False,False,calendar
AMZ_CerraPant013,693.9166,0.0,0.9996,15637.5001,0.0132,False,False,False,False,calendar
AMZ_CerraPant014,4949.9382,0.659,0.0681,4084.1855,0.4857,False,True,True,False,calendar
AMZ_CerraPant015,2329.7571,0.5171,0.09,2712.2169,0.4524,False,True,True,False,calendar
AMZ_CerraPant016,1.496,0.0,0.0,3852.954,0.726,False,False,False,True,calendar
AMZ_CerraPant017,6128.3831,0.5142,0.114,5017.3861,0.2022,False,True,True,False,calendar
AMZ_CerraPant018,379.3608,0.19,0.395,410.1849,0.1141,False,False,False,False,calendar
AMZ_CerraPant019,19167.9019,0.0407,0.4226,17280.9787,0.8661,False,False,False,True,calendar
AMZ_CerraPant020,11383.7636,0.0484,0.6532,4334.785,0.2496,True,False,False,False,calendar
AMZ_CerraPant022,13.2191,0.0,0.5329,635.7799,0.1707,False,False,False,False,calendar
AMZ_CerraPant023,61087.0572,0.5415,0.2106,6675.3837,0.2319,False,True,True,False,calendar
AMZ_CerraPant024,50.5764,0.0555,0.825,13534.4757,0.0416,False,False,False,False,calendar
AMZ_CerraPant025,5132.4239,0.3462,0.2917,1132.5329,0.3875,False,True,False,False,calendar
AMZ_CerraPant026,4468.9917,0.0539,0.2289,20198.9542,0.4299,False,False,False,False,calendar
AMZ_CerraPant027,5743.1805,0.0782,0.1446,6472.1313,0.1968,False,False,False,False,calendar
AMZ_CerraPant028,1067.6122,0.7861,0.0273,3583.009,0.2688,False,True,True,False,calendar
AMZ_CerraPant029,12123.4775,0.0005,0.3749,31591.3319,0.1814,False,False,False,False,calendar
AMZ_CerraPant030,14103.3797,0.0484,0.4496,7889.6076,0.424,False,False,False,False,calendar
AMZ_CerraPant031,32076.5999,0.0,0.4676,9599.1121,0.1815,False,False,False,False,calendar
AMZ_CerraPant032,6588.3243,0.0009,0.994,3321.6381,0.0701,True,False,False,False,calendar
AMZ_CerraPant033,8826.4849,0.4212,0.3687,7615.8361,0.2235,False,True,False,False,calendar
AMZ_CerraPant034,21232.1951,0.1582,0.6501,11881.1439,0.2712,True,False,False,False,calendar
AMZ_CerraPant035,4899.9687,0.3512,0.4653,2041.2386,0.2495,False,True,False,False,calendar
AMZ_CerraPant036,3490.8223,0.247,0.3124,5956.5449,0.1581,False,True,False,False,calendar
AMZ_CerraPant037,3237.1709,0.0082,0.8355,17952.5394,0.3695,True,False,False,False,calendar
AMZ_CerraPant038,1872.1776,0.06,0.6925,5962.3924,0.4724,True,False,False,False,calendar
AMZ_CerraPant039,1124.4862,0.165,0.484,23613.9203,0.3043,False,False,False,False,calendar
AMZ_CerraPant041,17646.1017,0.4405,0.2195,28586.073,0.7248,False,True,False,True,calendar
AMZ_CerraPant042,64926.4266,0.5498,0.1902,21314.6429,0.45,False,True,True,False,calendar
AMZ_CerraPant043,459.7171,0.0482,0.324,1533.3838,0.194,False,False,False,False,calendar
AMZ_CerraPant044,57.9926,0.7041,0.0774,12685.8325,0.7401,False,False,False,True,calendar
AMZ_CerraPant045,5985.5973,0.1445,0.6977,3807.3456,0.1479,True,False,False,False,calendar
AMZ_CerraPant046,11623.0871,0.0,0.9952,36563.1396,0.0173,True,False,False,False,calendar
CAA_CerraPa001,713.3638,0.0,0.8989,7997.9744,0.2243,False,False,False,False,calendar
CAA_CerraPa002,762.8732,0.0028,0.6713,2546.073,0.408,False,False,False,False,calendar
CAA_CerraPa003,17616.3323,0.0442,0.3,27768.5565,0.0827,False,False,False,False,calendar
CAA_CerraPa004,2861.8903,0.0,0.9827,107.923,0.0,True,False,False,False,calendar
CAA_CerraPa005,569.96,0.0,0.9828,11273.9454,0.4341,False,False,False,False,calendar
CAA_CerraPa006,3282.2351,0.0023,0.8275,1377.8446,0.3768,True,False,False,False,calendar
CAA_CerraPa007,14096.2429,0.0,0.9356,,,True,False,False,False,calendar
CAA_CerraPa008,334.9914,0.0,0.8091,10737.7639,0.2276,False,False,False,False,calendar
CerraPa_MA001,0.0833,0.0,0.0,1532.0761,0.3194,False,False,False,False,calendar
CerraPa_MA002,,,,2445.9311,0.0472,False,False,False,False,calendar
CerraPa_MA003,,,,516.1596,0.0066,False,False,False,False,calendar
CerraPa_MA004,29512.865,0.0003,0.9563,364.4599,0.0554,True,False,False,False,calendar
CerraPa_MA005,,,,1208.9328,0.0334,False,False,False,False,calendar
1,186559.8872,0.1273,0.5879,189780.3133,0.369,True,False,False,False,class_stable
10,3017.2148,0.114,0.4739,23647.6002,0.3946,False,False,False,False,class_stable
100,1916.901,0.0,0.8506,16581.3972,0.0039,True,False,False,False,class_stable
101,171181.432,0.067,0.65,29081.6173,0.1093,True,False,False,False,class_stable
102,165567.976,0.2671,0.412,55517.5734,0.4512,False,True,False,False,class_stable
103,6163.304,0.2979,0.2681,1820.7847,0.1214,False,True,False,False,class_stable
104,40227.4904,0.0005,0.9401,8293.1643,0.1884,True,False,False,False,class_stable
105,24819.1722,0.0004,0.9654,7625.0031,0.1321,True,False,False,False,class_stable
106,477239.7213,0.0206,0.3417,3416.6009,0.5231,False,False,False,True,class_stable
107,34771.3326,0.0031,0.9625,6931.7576,0.1299,True,False,False,False,class_stable
108,177568.65,0.0319,0.463,29597.4573,0.3677,False,False,False,False,class_stable
109,67432.3226,0.3021,0.3017,65004.0048,0.5819,False,True,False,True,class_stable
11,87.2505,0.3755,0.2102,4764.2964,0.8553,False,False,False,True,class_stable
110,114161.8186,0.4412,0.2203,33346.2995,0.5916,False,True,False,True,class_stable
111,92390.1363,0.0257,0.3324,2167.1994,0.5138,False,False,False,True,class_stable
112,39070.5164,0.033,0.3627,27443.8808,0.0372,False,False,False,False,class_stable
113,29815.6957,0.0066,0.812,115708.8672,0.0285,True,False,False,False,class_stable
114,98002.6486,0.4737,0.2157,35230.4425,0.4271,False,True,False,False,class_stable
115,157921.4766,0.2668,0.3145,56964.5674,0.6461,False,True,False,True,class_stable
116,25260.5338,0.0494,0.8098,2481.2789,0.1005,True,False,False,False,class_stable
117,2513.2993,0.214,0.3293,340.1404,0.1056,False,True,False,False,class_stable
118,60768.981,0.0069,0.7374,981.2578,0.0453,True,False,False,False,class_stable
119,42575.9636,0.1612,0.4732,22942.5544,0.3637,False,False,False,False,class_stable
12,992.3883,0.0413,0.6537,9102.3636,0.3727,False,False,False,False,class_stable
120,69108.2231,0.1911,0.5127,30419.1525,0.4716,True,False,False,False,class_stable
121,25464.6625,0.0,0.9238,448.0852,0.0581,True,False,False,False,class_stable
122,5302.4766,0.0001,0.9597,296.8503,0.0085,True,False,False,False,class_stable
123,15124.3336,0.5664,0.1549,5328.68,0.3443,False,True,True,False,class_stable
124,67136.9582,0.0776,0.1631,797.2878,0.6128,False,False,False,False,class_stable
125,7332.949,0.0002,0.928,114.5813,0.0,True,False,False,False,class_stable
126,191917.5525,0.158,0.3056,34039.6537,0.2602,False,False,False,False,class_stable
127,26747.2716,0.0433,0.5138,36926.4464,0.1517,True,False,False,False,class_stable
128,62588.8425,0.1711,0.5346,36235.3866,0.4206,True,False,False,False,class_stable
129,227299.2276,0.0895,0.1201,27568.3049,0.1495,False,False,False,False,class_stable
13,13060.0169,0.301,0.3271,11203.7365,0.1437,False,True,False,False,class_stable
130,247933.4555,0.0508,0.4397,3823.1436,0.348,False,False,False,False,class_stable
131,9045.3207,0.8321,0.0097,2039.5805,0.3361,False,True,True,False,class_stable
132,22373.9541,0.1375,0.3289,1043.6169,0.3525,False,False,False,False,class_stable
133,24110.0006,0.1702,0.3708,11754.6803,0.0718,False,False,False,False,class_stable
134,256642.5582,0.0581,0.4748,136623.6336,0.1927,False,False,False,False,class_stable
135,31561.996,0.0,0.9684,291.7371,0.0056,True,False,False,False,class_stable
136,41449.4116,0.1642,0.3532,26819.3812,0.3358,False,False,False,False,class_stable
137,40932.0601,0.0357,0.5328,22203.3788,0.0633,True,False,False,False,class_stable
138,80773.5472,0.1021,0.432,66011.5418,0.0932,False,False,False,False,class_stable
139,245450.9315,0.1134,0.5953,29366.9675,0.3636,True,False,False,False,class_stable
14,35265.5295,0.7108,0.0289,85052.4306,0.5989,False,True,True,True,class_stable
140,26597.7468,0.3527,0.387,31366.865,0.14,False,True,False,False,class_stable
141,84600.5247,0.0002,0.9674,5075.6862,0.1733,True,False,False,False,class_stable
142,36106.079,0.5523,0.1225,20985.1952,0.701,False,True,True,True,class_stable
143,15155.8795,0.0,0.9936,312.0318,0.0025,True,False,False,False,class_stable
144,40652.3036,0.1191,0.5411,36311.395,0.3944,True,False,False,False,class_stable
145,61673.5486,0.0,0.8449,450.9895,0.2174,True,False,False,False,class_stable
146,139088.8087,0.2532,0.3244,121267.321,0.6213,False,True,False,True,class_stable
147,486386.944,0.0109,0.7366,19915.6187,0.2006,True,False,False,False,class_stable
148,4035.7483,0.0,0.9665,93.0965,0.1996,True,False,False,False,class_stable
149,16965.8447,0.0189,0.4927,25449.6302,0.2364,False,False,False,False,class_stable
15,33161.6064,0.8258,0.0209,7746.138,0.6777,False,True,True,True,class_stable
150,94770.6286,0.1102,0.4315,24319.9796,0.2734,False,False,False,False,class_stable
151,19969.5194,0.0743,0.6308,5434.3504,0.1363,True,False,False,False,class_stable
152,110929.4583,0.0002,0.9651,3923.8524,0.0483,True,False,False,False,class_stable
153,144538.3266,0.0356,0.5271,123731.7478,0.3471,True,False,False,False,class_stable
154,307.7561,0.0,0.4328,1632.9681,0.4189,False,False,False,False,class_stable
155,15999.2001,0.0219,0.4295,31482.0438,0.2099,False,False,False,False,class_stable
156,50875.8205,0.0345,0.425,94942.6937,0.3197,False,False,False,False,class_stable
157,26942.831,0.0041,0.6352,50024.4054,0.2039,True,False,False,False,class_stable
158,31099.4136,0.2894,0.427,37435.5814,0.2341,False,True,False,False,class_stable
159,115692.4537,0.1506,0.4923,65236.7579,0.1591,False,False,False,False,class_stable
16,99051.8332,0.627,0.075,26372.2771,0.5619,False,True,True,True,class_stable
160,6301.3497,0.0793,0.5421,1501.1814,0.2853,True,False,False,False,class_stable
161,31347.9166,0.1217,0.443,58549.4503,0.2508,False,False,False,False,class_stable
162,901.3224,0.0911,0.6168,2146.0858,0.1187,False,False,False,False,class_stable
163,19549.4238,0.0,0.9258,1732.2578,0.0037,True,False,False,False,class_stable
164,84871.3952,0.5056,0.0891,14554.5779,0.2401,False,True,True,False,class_stable
165,102629.9742,0.0299,0.7475,32782.2782,0.1988,True,False,False,False,class_stable
166,16842.8066,0.0055,0.8736,27425.7108,0.1096,True,False,False,False,class_stable
167,3936.4425,0.0,0.9926,366.6961,0.0024,True,False,False,False,class_stable
168,143715.4189,0.0181,0.6956,107147.0836,0.3018,True,False,False,False,class_stable
169,44718.5988,0.0898,0.4361,56358.6703,0.296,False,False,False,False,class_stable
17,1668.3545,0.3438,0.3414,2046.2018,0.7286,False,True,False,True,class_stable
170,54589.0816,0.0006,0.9179,5118.5455,0.1311,True,False,False,False,class_stable
172,11887.0853,0.0595,0.8743,4046.612,0.4856,True,False,False,False,class_stable
173,200662.9258,0.0037,0.9219,15216.1834,0.1562,True,False,False,False,class_stable
174,34744.5837,0.0054,0.811,10435.4113,0.1215,True,False,False,False,class_stable
175,5114.3079,0.184,0.4817,17085.2393,0.1116,False,False,False,False,class_stable
176,37164.2525,0.0138,0.7766,39377.2315,0.065,True,False,False,False,class_stable
177,12019.3668,0.0095,0.8604,12602.1353,0.084,True,False,False,False,class_stable
178,78148.1688,0.0004,0.9747,28433.4756,0.0798,True,False,False,False,class_stable
179,19141.189,0.0121,0.7877,24896.1083,0.1094,True,False,False,False,class_stable
18,207670.1229,0.2235,0.3523,97880.4085,0.2486,False,True,False,False,class_stable
180,25769.3345,0.0418,0.5335,32890.4953,0.2314,True,False,False,False,class_stable
181,29242.4712,0.0,0.9427,641.5045,0.0854,True,False,False,False,class_stable
182,17986.5296,0.0244,0.7037,11609.3199,0.2662,True,False,False,False,class_stable
183,344.078,0.0442,0.6985,72821.8854,0.0521,False,False,False,False,class_stable
184,20963.5784,0.0375,0.7573,28545.1509,0.1344,True,False,False,False,class_stable
185,31062.5483,0.0368,0.738,19260.2812,0.5049,True,False,False,True,class_stable
186,85555.2486,0.0002,0.9065,5170.3465,0.0292,True,False,False,False,class_stable
187,37735.4915,0.0001,0.884,2174.5322,0.1167,True,False,False,False,class_stable
188,94903.3434,0.0162,0.8254,17857.9447,0.1195,True,False,False,False,class_stable
189,46669.0849,0.059,0.2864,147529.8494,0.5656,False,False,False,True,class_stable
19,223839.4711,0.4263,0.1543,29291.7021,0.5753,False,True,False,True,class_stable
190,71784.3251,0.0032,0.9058,40892.2984,0.0599,True,False,False,False,class_stable
191,568.6673,0.0026,0.1494,36147.2601,0.0406,False,False,False,False,class_stable
192,9091.3598,0.0002,0.817,9580.4291,0.1054,True,False,False,False,class_stable
193,2929.1858,0.0001,0.8782,16664.5782,0.0241,True,False,False,False,class_stable
194,653.8388,0.0377,0.6896,1168.876,0.1108,False,False,False,False,class_stable
195,45000.4302,0.0218,0.8915,8938.3802,0.0864,True,False,False,False,class_stable
196,9763.973,0.0007,0.9111,8329.7217,0.1201,True,False,False,False,class_stable
197,21638.6347,0.1553,0.413,11723.611,0.1984,False,False,False,False,class_stable
198,183.9695,0.0177,0.8892,19176.4491,0.019,False,False,False,False,class_stable
199,54787.0461,0.009,0.6668,15284.328,0.0658,True,False,False,False,class_stable
2,19556.3588,0.299,0.3661,617472.6119,0.4296,False,True,False,False,class_stable
20,181106.8958,0.4479,0.1502,90309.8782,0.546,False,True,False,True,class_stable
200,55429.9455,0.0004,0.7647,26844.2758,0.0433,True,False,False,False,class_stable
201,19548.3893,0.0202,0.6656,22552.9267,0.1126,True,False,False,False,class_stable
202,20009.5135,0.0001,0.9237,2694.4984,0.0166,True,False,False,False,class_stable
203,31477.7286,0.0138,0.7357,54142.9706,0.0602,True,False,False,False,class_stable
204,1801.4386,0.0669,0.8858,26328.5006,0.0484,True,False,False,False,class_stable
205,43177.8894,0.0188,0.5411,32250.3146,0.3543,True,False,False,False,class_stable
206,12013.8537,0.0085,0.7785,13613.122,0.0869,True,False,False,False,class_stable
207,8183.1038,0.0011,0.7307,29335.0851,0.0555,True,False,False,False,class_stable
208,17642.6428,0.0022,0.8295,3656.5462,0.0974,True,False,False,False,class_stable
209,20686.399,0.0142,0.5718,28901.996,0.1161,True,False,False,False,class_stable
21,16162.3978,0.5604,0.1514,7257.1816,0.6005,False,True,True,True,class_stable
210,37662.7372,0.0003,0.9516,16245.0986,0.0956,True,False,False,False,class_stable
211,52290.7343,0.0167,0.7629,22547.371,0.1164,True,False,False,False,class_stable
212,25363.0437,0.015,0.6975,19423.4739,0.0821,True,False,False,False,class_stable
213,1099.7697,0.0278,0.6081,40731.6108,0.0492,True,False,False,False,class_stable
214,35235.7136,0.0031,0.8476,50643.7862,0.0373,True,False,False,False,class_stable
215,28353.9643,0.0001,0.8324,2015.5434,0.2406,True,False,False,False,class_stable
216,49875.0709,0.0475,0.798,40665.2486,0.2982,True,False,False,False,class_stable
217,36236.0008,0.0002,0.9563,92771.3891,0.083,True,False,False,False,class_stable
218,112907.9893,0.0342,0.6568,77976.375,0.1948,True,False,False,False,class_stable
219,93435.5064,0.06,0.4574,11928.6054,0.2791,False,False,False,False,class_stable
22,220798.9371,0.5421,0.1029,35559.8638,0.6825,False,True,True,True,class_stable
220,32789.8885,0.0522,0.4043,117842.9705,0.1253,False,False,False,False,class_stable
221,185324.5668,0.005,0.8084,181075.85,0.0642,True,False,False,False,class_stable
222,9571.3568,0.0,0.939,4517.9584,0.0462,True,False,False,False,class_stable
223,81341.1473,0.0381,0.6147,57036.7484,0.0999,True,False,False,False,class_stable
224,14888.5417,0.3178,0.1326,44794.8917,0.5446,False,True,False,True,class_stable
225,16148.6466,0.0044,0.8534,17532.3467,0.1747,True,False,False,False,class_stable
226,1.3633,0.0,1.0,2589.5508,0.0378,False,False,False,False,class_stable
227,8465.7373,0.0003,0.7453,37710.5838,0.0556,True,False,False,False,class_stable
228,5444.9891,0.0004,0.904,3395.2187,0.0344,True,False,False,False,class_stable
229,20377.1075,0.0098,0.8607,96220.731,0.2856,True,False,False,False,class_stable
23,288083.8838,0.238,0.2423,34021.4142,0.5716,False,True,False,True,class_stable
230,35625.1787,0.0015,0.9094,29428.315,0.035,True,False,False,False,class_stable
231,6270.5523,0.3738,0.3745,33932.876,0.0483,False,True,False,False,class_stable
232,9133.9176,0.0149,0.7343,2910.8549,0.0599,True,False,False,False,class_stable
233,3025.0322,0.0,0.9956,28334.4108,0.0224,True,False,False,False,class_stable
234,89676.8029,0.0093,0.8764,74858.895,0.1969,True,False,False,False,class_stable
235,7728.4224,0.0,0.9139,41803.6241,0.0658,True,False,False,False,class_stable
236,37192.029,0.0045,0.8342,14222.323,0.0335,True,False,False,False,class_stable
237,45207.254,0.0408,0.6191,53663.4069,0.1551,True,False,False,False,class_stable
238,31509.7997,0.0035,0.8998,110939.9052,0.0389,True,False,False,False,class_stable
239,46326.2799,0.2435,0.4138,67700.3175,0.0472,False,True,False,False,class_stable
24,383717.0256,0.6723,0.0569,94967.2599,0.5312,False,True,True,True,class_stable
240,5113.2713,0.0,0.9994,41554.7461,0.021,True,False,False,False,class_stable
241,10347.6997,0.001,0.9333,98718.1241,0.0255,True,False,False,False,class_stable
242,5267.998,0.0,0.9759,10412.1463,0.023,True,False,False,False,class_stable
243,52023.3692,0.0065,0.8839,65868.9383,0.0665,True,False,False,False,class_stable
244,2437.9384,0.0,0.9672,4092.9464,0.0182,True,False,False,False,class_stable
245,81035.9661,0.0777,0.6665,198069.8059,0.3236,True,False,False,False,class_stable
246,5524.7399,0.0484,0.7671,46444.67,0.3249,True,False,False,False,class_stable
247,2284.7802,0.0,0.8498,26158.4742,0.1139,True,False,False,False,class_stable
248,8298.5925,0.0,0.9959,1209.1585,0.0193,True,False,False,False,class_stable
249,98.7144,0.0,0.716,6288.2249,0.491,False,False,False,False,class_stable
25,13850.8243,0.5824,0.1649,2026.2845,0.4051,False,True,True,False,class_stable
250,663.2799,0.0,0.9973,82994.2385,0.0916,False,False,False,False,class_stable
251,6722.384,0.1237,0.3857,6201.4089,0.0925,False,False,False,False,class_stable
252,16919.7291,0.0509,0.3252,34769.1746,0.2901,False,False,False,False,class_stable
253,11787.9777,0.0111,0.9048,46677.6315,0.0292,True,False,False,False,class_stable
254,5482.3758,0.0292,0.5952,25091.4942,0.0663,True,False,False,False,class_stable
255,2481.6148,0.0211,0.7317,58424.1198,0.2041,True,False,False,False,class_stable
256,1004.5994,0.0229,0.9216,42531.7849,0.0323,True,False,False,False,class_stable
257,23503.6626,0.0269,0.1072,23112.2956,0.3328,False,False,False,False,class_stable
258,24344.4517,0.0292,0.2311,60649.8065,0.18,False,False,False,False,class_stable
259,30803.477,0.1303,0.5014,18864.6538,0.209,True,False,False,False,class_stable
26,16819.708,0.5616,0.1192,8225.599,0.3911,False,True,True,False,class_stable
260,7480.8411,0.1312,0.3529,19109.1561,0.1565,False,False,False,False,class_stable
261,610.3466,0.0,0.9798,136961.9392,0.0628,False,False,False,False,class_stable
262,,,,3220.7582,0.0908,False,False,False,False,class_stable
263,11.9344,0.0,0.8238,4897.1013,0.115,False,False,False,False,class_stable
264,11827.2939,0.2257,0.402,15631.3174,0.1573,False,True,False,False,class_stable
265,965.6548,0.0,0.2972,29499.5681,0.1385,False,False,False,False,class_stable
266,248.8158,0.0,0.9493,35032.8512,0.1615,False,False,False,False,class_stable
267,172.358,0.0,0.9649,15531.5399,0.0112,False,False,False,False,class_stable
268,,,,5336.7304,0.2206,False,False,False,False,class_stable
269,,,,6407.0677,0.023,False,False,False,False,class_stable
27,7840.721,0.3196,0.3004,15978.6017,0.5468,False,True,False,True,class_stable
270,737.6781,0.0,0.8715,18892.0186,0.0448,False,False,False,False,class_stable
271,4706.3301,0.0,0.9159,920.6698,0.0542,True,False,False,False,class_stable
272,43.9848,0.0,0.9638,19982.0136,0.1306,False,False,False,False,class_stable
273,441.7941,0.0,0.9856,55038.8797,0.1026,False,False,False,False,class_stable
274,9961.8614,0.0809,0.3263,25101.0811,0.1202,False,False,False,False,class_stable
275,2961.1575,0.0,0.9061,22719.4707,0.0237,True,False,False,False,class_stable
276,5280.6619,0.0012,0.8808,76384.4446,0.0429,True,False,False,False,class_stable
277,46271.5942,0.0304,0.8444,68952.5759,0.2041,True,False,False,False,class_stable
278,1854.6128,0.0098,0.8718,21920.1057,0.028,True,False,False,False,class_stable
279,102.1506,0.0,0.9772,31740.2862,0.1533,False,False,False,False,class_stable
28,558478.3022,0.4591,0.104,102320.3889,0.649,False,True,False,True,class_stable
280,15.0707,0.0,1.0,491.8187,0.0083,False,False,False,False,class_stable
281,2142.0835,0.0673,0.46,10179.0858,0.1559,False,False,False,False,class_stable
282,,,,4.2687,0.0,False,False,False,False,class_stable
283,5590.8785,0.0003,0.9748,48593.47,0.0556,True,False,False,False,class_stable
284,4.6768,0.0,1.0,786.8103,0.0353,False,False,False,False,class_stable
285,33220.08,0.0173,0.9158,59434.0032,0.2608,True,False,False,False,class_stable
287,1088.7921,0.0,0.9684,15164.5705,0.0433,True,False,False,False,class_stable
288,6.0802,0.0,1.0,29098.3308,0.0419,False,False,False,False,class_stable
289,857.0674,0.0,0.8312,13240.403,0.0211,False,False,False,False,class_stable
29,34955.3779,0.6444,0.0706,1507.7105,0.702,False,True,True,True,class_stable
290,63.3224,0.0,1.0,19180.6197,0.0844,False,False,False,False,class_stable
291,,,,16379.5922,0.0172,False,False,False,False,class_stable
292,4.4855,0.0,0.0,32503.2456,0.0786,False,False,False,False,class_stable
293,18.0846,0.0,1.0,4433.099,0.0789,False,False,False,False,class_stable
294,3.5658,0.0,1.0,1575.002,0.035,False,False,False,False,class_stable
295,23.9478,0.0,0.6504,10296.9635,0.0309,False,False,False,False,class_stable
296,,,,26021.1409,0.0193,False,False,False,False,class_stable
297,,,,526.262,0.0,False,False,False,False,class_stable
298,17219.3231,0.0568,0.7583,32502.7624,0.0325,True,False,False,False,class_stable
299,19.3249,0.0,1.0,5337.6345,0.0142,False,False,False,False,class_stable
3,7440.1895,0.0102,0.8047,87710.9963,0.3712,True,False,False,False,class_stable
30,12692.4705,0.422,0.3784,17377.442,0.1057,False,True,False,False,class_stable
300,246.1389,0.0,0.9774,8308.5733,0.0091,False,False,False,False,class_stable
31,119714.2763,0.4859,0.1591,68932.7594,0.5539,False,True,False,True,class_stable
32,19157.8948,0.2667,0.3634,50061.9079,0.0587,False,True,False,False,class_stable
33,74001.2448,0.0095,0.5146,1318.1328,0.3136,True,False,False,False,class_stable
34,144495.7543,0.3786,0.371,69225.0013,0.2113,False,True,False,False,class_stable
35,72723.2361,0.2604,0.224,2030.1541,0.5022,False,True,False,True,class_stable
36,407024.7871,0.47,0.1401,107308.5852,0.5976,False,True,False,True,class_stable
37,77673.4636,0.6102,0.139,52810.6288,0.6393,False,True,True,True,class_stable
38,21672.0634,0.525,0.1421,27520.8019,0.5374,False,True,True,True,class_stable
39,267171.4204,0.1307,0.4111,16311.5752,0.3965,False,False,False,False,class_stable
4,2206.8346,0.0121,0.9227,11672.8117,0.2078,True,False,False,False,class_stable
40,77135.1767,0.4331,0.0883,7620.2629,0.6212,False,True,False,True,class_stable
41,45086.6497,0.1764,0.6023,42775.334,0.1166,True,False,False,False,class_stable
42,14657.0271,0.0056,0.2975,39338.5237,0.09,False,False,False,False,class_stable
43,28104.7924,0.2697,0.3569,14668.8673,0.4983,False,True,False,False,class_stable
44,21823.0546,0.5668,0.065,61742.7081,0.355,False,True,True,False,class_stable
45,280089.6459,0.4262,0.1255,42115.275,0.7619,False,True,False,True,class_stable
46,778.5207,0.2245,0.2317,8252.7048,0.1032,False,False,False,False,class_stable
47,284399.2431,0.5965,0.0957,212886.9935,0.7123,False,True,True,True,class_stable
48,72627.7113,0.6326,0.086,45194.6622,0.8378,False,True,True,True,class_stable
49,28954.8138,0.077,0.648,51444.1243,0.1361,True,False,False,False,class_stable
5,1531.8306,0.0002,0.9541,18770.7885,0.2671,True,False,False,False,class_stable
50,74297.2404,0.1367,0.6054,29531.1242,0.1858,True,False,False,False,class_stable
51,61458.4876,0.3871,0.0491,2139.906,0.4877,False,True,False,False,class_stable
52,69539.2372,0.2175,0.0541,2126.389,0.4715,False,True,False,False,class_stable
53,474124.3808,0.1406,0.1189,11713.1622,0.6615,False,False,False,True,class_stable
54,288390.3008,0.0026,0.8329,29458.2132,0.028,True,False,False,False,class_stable
55,52250.4257,0.3324,0.3528,40952.953,0.3827,False,True,False,False,class_stable
56,744547.4129,0.062,0.4607,32172.3451,0.2639,False,False,False,False,class_stable
58,48976.743,0.4315,0.1752,19231.6281,0.4158,False,True,False,False,class_stable
59,53292.3763,0.5234,0.1576,18714.77,0.6032,False,True,True,True,class_stable
6,826.8106,0.0,0.9887,72297.4585,0.2509,False,False,False,False,class_stable
60,252040.501,0.2135,0.2264,78648.907,0.6311,False,True,False,True,class_stable
62,4270.2696,0.0681,0.5528,3821.662,0.2075,True,False,False,False,class_stable
63,121934.7885,0.1808,0.402,53805.5006,0.3419,False,False,False,False,class_stable
64,24164.6823,0.0311,0.6175,261.2725,0.0,True,False,False,False,class_stable
65,126513.2802,0.0893,0.3188,4086.1589,0.5915,False,False,False,True,class_stable
66,116687.2139,0.0675,0.2014,83.5448,0.0545,False,False,False,False,class_stable
67,20611.8324,0.3057,0.1811,14154.1879,0.4563,False,True,False,False,class_stable
68,116274.9506,0.2515,0.362,154866.2528,0.0919,False,True,False,False,class_stable
69,104080.378,0.24,0.3483,65793.3868,0.5648,False,True,False,True,class_stable
7,6.6841,0.0,0.7733,24184.169,0.4593,False,False,False,False,class_stable
70,99314.4535,0.0243,0.6061,31480.2736,0.3283,True,False,False,False,class_stable
71,21419.987,0.0118,0.8416,29568.9157,0.1501,True,False,False,False,class_stable
72,31796.4085,0.2473,0.1713,31171.6784,0.5977,False,True,False,True,class_stable
73,145204.9243,0.0137,0.5586,17008.9923,0.0477,True,False,False,False,class_stable
74,72999.1756,0.0008,0.884,137800.8129,0.0038,True,False,False,False,class_stable
75,112955.2561,0.1316,0.3266,3964.9733,0.2434,False,False,False,False,class_stable
76,59132.8158,0.0016,0.6442,1839.7867,0.1281,True,False,False,False,class_stable
77,22106.6456,0.0156,0.7785,6998.6771,0.1791,True,False,False,False,class_stable
78,186519.9662,0.0896,0.5018,42302.6794,0.3361,True,False,False,False,class_stable
79,217596.1686,0.0572,0.4713,3508.6332,0.2156,False,False,False,False,class_stable
8,4568.7019,0.034,0.6339,110597.0979,0.3103,True,False,False,False,class_stable
80,80776.2868,0.008,0.8793,380.6808,0.0078,True,False,False,False,class_stable
82,37942.4813,0.0539,0.2933,225.0329,0.0881,False,False,False,False,class_stable
83,431882.8241,0.222,0.3493,122462.8338,0.4787,False,True,False,False,class_stable
84,30215.6951,0.0152,0.8702,18945.1151,0.1529,True,False,False,False,class_stable
85,13597.576,0.3832,0.3616,5098.1611,0.1546,False,True,False,False,class_stable
86,1162.3299,0.0,0.999,10662.9854,0.0008,True,False,False,False,class_stable
87,168760.6024,0.0902,0.5863,141666.7886,0.0376,True,False,False,False,class_stable
88,1156.3903,0.0,0.9113,1714.2621,0.0002,True,False,False,False,class_stable
89,460959.212,0.0141,0.4258,3906.2845,0.2512,False,False,False,False,class_stable
9,2738.3927,0.3522,0.1326,148613.0628,0.7674,False,True,False,True,class_stable
90,129324.9519,0.1993,0.3354,62260.7732,0.6229,False,False,False,True,class_stable
91,34701.0955,0.1051,0.4419,9967.0106,0.2749,False,False,False,False,class_stable
92,24262.7884,0.0,0.5539,2860.1793,0.3317,True,False,False,False,class_stable
94,11861.0224,0.0012,0.9877,1320.3323,0.0026,True,False,False,False,class_stable
95,116471.9782,0.0642,0.3998,80332.7674,0.1526,False,False,False,False,class_stable
96,10678.9077,0.0034,0.9502,5704.4319,0.027,True,False,False,False,class_stable
97,55697.337,0.0247,0.7825,227348.4492,0.033,True,False,False,False,class_stable
98,2282.2078,0.0232,0.7164,47943.1584,0.1423,True,False,False,False,class_stable
99,20710.4049,0.1132,0.5033,14269.2702,0.0651,True,False,False,False,class_stable
AMZ_CerraPant001,10172.7234,0.0401,0.7308,18331.6548,0.2666,True,False,False,False,class_stable
AMZ_CerraPant002,529.8074,0.0,0.9834,9285.8365,0.0021,False,False,False,False,class_stable
AMZ_CerraPant004,19379.4049,0.0554,0.1575,3571.1705,0.0624,False,False,False,False,class_stable
AMZ_CerraPant005,9902.5716,0.003,0.6192,2886.0911,0.0007,True,False,False,False,class_stable
AMZ_CerraPant008,2269.0201,0.312,0.5033,598.8986,0.3598,True,True,False,False,class_stable
AMZ_CerraPant009,3267.901,0.0006,0.9843,9186.8768,0.009,True,False,False,False,class_stable
AMZ_CerraPant010,9216.2056,0.004,0.8607,4104.0105,0.004,True,False,False,False,class_stable
AMZ_CerraPant011,4949.4663,0.0,0.9925,8925.4614,0.0228,True,False,False,False,class_stable
AMZ_CerraPant012,2389.3365,0.0,0.9947,12917.6272,0.0565,True,False,False,False,class_stable
AMZ_CerraPant013,364.6259,0.0,0.9993,15287.1102,0.0114,False,False,False,False,class_stable
AMZ_CerraPant014,4029.0195,0.688,0.0488,3547.3546,0.4498,False,True,True,False,class_stable
AMZ_CerraPant015,1464.0641,0.6201,0.0578,1935.7385,0.3605,False,True,True,False,class_stable
AMZ_CerraPant016,1.496,0.0,0.0,3851.9859,0.726,False,False,False,True,class_stable
AMZ_CerraPant017,5219.7816,0.5419,0.0899,4475.9701,0.1562,False,True,True,False,class_stable
AMZ_CerraPant018,216.0621,0.2702,0.2601,292.9767,0.0623,False,False,False,False,class_stable
AMZ_CerraPant019,9642.7459,0.0594,0.5147,17090.2817,0.8678,True,False,False,True,class_stable
AMZ_CerraPant020,10005.384,0.0474,0.6238,3564.9313,0.267,True,False,False,False,class_stable
AMZ_CerraPant022,13.0451,0.0,0.5267,635.7799,0.1707,False,False,False,False,class_stable
AMZ_CerraPant023,54731.4909,0.5605,0.1872,5572.485,0.212,False,True,True,False,class_stable
AMZ_CerraPant024,47.8595,0.0586,0.8242,13532.3724,0.0416,False,False,False,False,class_stable
AMZ_CerraPant025,4319.9699,0.3728,0.2477,877.5579,0.366,False,True,False,False,class_stable
AMZ_CerraPant026,3312.0165,0.0532,0.1752,19540.721,0.4322,False,False,False,False,class_stable
AMZ_CerraPant027,4529.5778,0.076,0.1103,5784.0085,0.1518,False,False,False,False,class_stable
AMZ_CerraPant028,626.2718,0.8954,0.015,2841.2613,0.1355,False,False,False,False,class_stable
AMZ_CerraPant029,6552.356,0.0007,0.3816,25950.7696,0.0944,False,False,False,False,class_stable
AMZ_CerraPant030,12965.3249,0.0497,0.4218,7372.9985,0.4354,False,False,False,False,class_stable
AMZ_CerraPant031,27986.9222,0.0,0.433,7425.64,0.1274,False,False,False,False,class_stable
AMZ_CerraPant032,5019.5982,0.001,0.9928,2689.5344,0.0622,True,False,False,False,class_stable
AMZ_CerraPant033,6582.7213,0.5016,0.2842,6815.5113,0.1824,False,True,True,False,class_stable
AMZ_CerraPant034,13637.2782,0.2141,0.5534,9083.7754,0.2261,True,True,False,False,class_stable
AMZ_CerraPant035,3470.4268,0.4465,0.3555,1565.6408,0.1973,False,True,False,False,class_stable
AMZ_CerraPant036,2735.1138,0.2812,0.2116,5692.0651,0.1483,False,True,False,False,class_stable
AMZ_CerraPant037,2391.3246,0.0089,0.8637,17520.5326,0.37,True,False,False,False,class_stable
AMZ_CerraPant038,1839.0835,0.0602,0.6918,5945.0893,0.4714,True,False,False,False,class_stable
AMZ_CerraPant039,1107.9691,0.16,0.4806,23580.6207,0.3041,False,False,False,False,class_stable
AMZ_CerraPant041,16222.6877,0.4493,0.1963,27696.6801,0.7261,False,True,False,True,class_stable
AMZ_CerraPant042,59592.8867,0.5856,0.152,18652.9712,0.4242,False,True,True,False,class_stable
AMZ_CerraPant043,313.0754,0.0635,0.2037,1404.0713,0.1822,False,False,False,False,class_stable
AMZ_CerraPant044,57.9926,0.6692,0.0774,12684.6884,0.7401,False,False,False,True,class_stable
AMZ_CerraPant045,4918.8108,0.161,0.6585,3583.3149,0.124,True,False,False,False,class_stable
AMZ_CerraPant046,8191.2019,0.0,0.9933,34373.7877,0.0151,True,False,False,False,class_stable
CAA_CerraPa001,137.0838,0.0,0.9531,6558.2085,0.2327,False,False,False,False,class_stable
CAA_CerraPa002,507.0089,0.0037,0.6869,2411.9985,0.4053,False,False,False,False,class_stable
CAA_CerraPa003,16219.0898,0.0166,0.3216,27174.0339,0.0685,False,False,False,False,class_stable
CAA_CerraPa004,2849.564,0.0,0.9826,103.7856,0.0,True,False,False,False,class_stable
CAA_CerraPa005,202.846,0.0,0.9802,10563.866,0.4428,False,False,False,False,class_stable
CAA_CerraPa006,2046.3945,0.0002,0.8438,638.2706,0.4134,True,False,False,False,class_stable
CAA_CerraPa007,14022.3627,0.0,0.9358,,,True,False,False,False,class_stable
CAA_CerraPa008,187.1747,0.0,0.8007,10509.2638,0.2278,False,False,False,False,class_stable
CerraPa_MA001,,,,1457.8979,0.3071,False,False,False,False,class_stable
CerraPa_MA002,,,,2425.739,0.0475,False,False,False,False,class_stable
CerraPa_MA003,,,,511.4483,0.0061,False,False,False,False,class_stable
CerraPa_MA004,27493.2361,0.0002,0.959,174.7663,0.041,True,False,False,False,class_stable
CerraPa_MA005,,,,1065.2292,0.0235,False,False,False,False,class_stable
