unit,subperiod,month,burned_ha
1,sp1,1,1460.0
1,sp1,2,114.2
1,sp1,3,8.7
1,sp1,4,2.3
1,sp1,5,3.6
1,sp1,6,2.2
1,sp1,7,338.6
1,sp1,8,12754.4
1,sp1,9,37422.3
1,sp1,10,21298.7
1,sp1,11,14025.8
1,sp1,12,3994.9
1,sp2,1,1018.4
1,sp2,2,48.8
1,sp2,3,8.4
1,sp2,4,13.2
1,sp2,5,26.7
1,sp2,6,191.5
1,sp2,7,981.1
1,sp2,8,17410.2
1,sp2,9,61509.6
1,sp2,10,29864.0
1,sp2,11,14535.3
1,sp2,12,3091.7
10,sp1,1,12.2
10,sp1,2,0.0
10,sp1,3,0.0
10,sp1,4,0.0
10,sp1,5,0.0
10,sp1,6,0.1
10,sp1,7,27.0
10,sp1,8,50.3
10,sp1,9,440.1
10,sp1,10,923.0
10,sp1,11,246.4
10,sp1,12,27.1
10,sp2,1,2.8
10,sp2,2,0.1
10,sp2,3,1.0
10,sp2,4,0.1
10,sp2,5,0.3
10,sp2,6,2.6
10,sp2,7,4.3
10,sp2,8,66.0
10,sp2,9,1557.2
10,sp2,10,995.7
10,sp2,11,152.8
10,sp2,12,15.2
100,sp1,1,0.3
100,sp1,2,0.0
100,sp1,3,0.0
100,sp1,4,0.0
100,sp1,5,0.0
100,sp1,6,0.0
100,sp1,7,0.0
100,sp1,8,0.0
100,sp1,9,0.2
100,sp1,10,0.0
100,sp1,11,2.2
100,sp1,12,0.0
100,sp2,1,0.0
100,sp2,2,0.3
100,sp2,3,0.0
100,sp2,4,0.0
100,sp2,5,0.0
100,sp2,6,0.0
100,sp2,7,0.0
100,sp2,8,19.0
100,sp2,9,39.4
100,sp2,10,230.8
100,sp2,11,0.0
100,sp2,12,0.0
101,sp1,1,170.9
101,sp1,2,60.8
101,sp1,3,31.9
101,sp1,4,16.3
101,sp1,5,130.2
101,sp1,6,63.4
101,sp1,7,1908.1
101,sp1,8,2687.9
101,sp1,9,21576.9
101,sp1,10,6344.0
101,sp1,11,241.1
101,sp1,12,137.6
101,sp2,1,10.1
101,sp2,2,3.7
101,sp2,3,1.3
101,sp2,4,1.7
101,sp2,5,203.1
101,sp2,6,371.3
101,sp2,7,1752.5
101,sp2,8,1565.8
101,sp2,9,24947.0
101,sp2,10,7259.0
101,sp2,11,178.4
101,sp2,12,1.2
102,sp1,1,103.3
102,sp1,2,96.7
102,sp1,3,154.6
102,sp1,4,1060.2
102,sp1,5,2342.1
102,sp1,6,4029.5
102,sp1,7,7469.2
102,sp1,8,16555.7
102,sp1,9,24209.8
102,sp1,10,57314.8
102,sp1,11,2880.2
102,sp1,12,68.8
102,sp2,1,197.2
102,sp2,2,119.1
102,sp2,3,143.5
102,sp2,4,1231.6
102,sp2,5,3520.0
102,sp2,6,9692.0
102,sp2,7,9165.5
102,sp2,8,6512.9
102,sp2,9,25699.3
102,sp2,10,31734.3
102,sp2,11,2597.3
102,sp2,12,698.8
103,sp1,1,0.5
103,sp1,2,0.0
103,sp1,3,0.3
103,sp1,4,0.6
103,sp1,5,0.0
103,sp1,6,0.2
103,sp1,7,10.5
103,sp1,8,551.5
103,sp1,9,2199.5
103,sp1,10,865.3
103,sp1,11,0.3
103,sp1,12,0.1
103,sp2,1,0.0
103,sp2,2,0.0
103,sp2,3,0.0
103,sp2,4,0.2
103,sp2,5,0.0
103,sp2,6,0.0
103,sp2,7,1.6
103,sp2,8,237.4
103,sp2,9,1004.7
103,sp2,10,948.7
103,sp2,11,0.3
103,sp2,12,0.0
104,sp1,1,97.2
104,sp1,2,2.6
104,sp1,3,0.0
104,sp1,4,0.3
104,sp1,5,0.0
104,sp1,6,1.5
104,sp1,7,1.1
104,sp1,8,9.9
104,sp1,9,14.4
104,sp1,10,284.0
104,sp1,11,31.1
104,sp1,12,324.2
104,sp2,1,270.6
104,sp2,2,0.0
104,sp2,3,0.0
104,sp2,4,0.0
104,sp2,5,0.0
104,sp2,6,0.0
104,sp2,7,0.1
104,sp2,8,3.4
104,sp2,9,8.3
104,sp2,10,611.0
104,sp2,11,80.1
104,sp2,12,155.6
105,sp1,1,0.0
105,sp1,2,0.0
105,sp1,3,0.0
105,sp1,4,0.0
105,sp1,5,0.0
105,sp1,6,0.0
105,sp1,7,0.0
105,sp1,8,0.0
105,sp1,9,0.1
105,sp1,10,34.1
105,sp1,11,0.0
105,sp1,12,104.8
105,sp2,1,0.0
105,sp2,2,0.0
105,sp2,3,0.0
105,sp2,4,0.0
105,sp2,5,0.0
105,sp2,6,0.0
105,sp2,7,0.0
105,sp2,8,0.0
105,sp2,9,1.6
105,sp2,10,108.2
105,sp2,11,29.5
105,sp2,12,1.7
106,sp1,1,12243.2
106,sp1,2,6005.1
106,sp1,3,980.5
106,sp1,4,250.7
106,sp1,5,176.0
106,sp1,6,816.6
106,sp1,7,2643.1
106,sp1,8,11923.2
106,sp1,9,40062.9
106,sp1,10,91998.3
106,sp1,11,14233.0
106,sp1,12,6625.6
106,sp2,1,1941.0
106,sp2,2,77.7
106,sp2,3,176.3
106,sp2,4,123.0
106,sp2,5,129.5
106,sp2,6,935.2
106,sp2,7,2045.2
106,sp2,8,19309.7
106,sp2,9,87838.8
106,sp2,10,183937.2
106,sp2,11,5616.8
106,sp2,12,1704.5
107,sp1,1,8.6
107,sp1,2,24.9
107,sp1,3,1.7
107,sp1,4,0.3
107,sp1,5,0.3
107,sp1,6,2.4
107,sp1,7,10.9
107,sp1,8,89.1
107,sp1,9,102.4
107,sp1,10,593.4
107,sp1,11,123.2
107,sp1,12,45.5
107,sp2,1,2.5
107,sp2,2,0.0
107,sp2,3,0.0
107,sp2,4,0.0
107,sp2,5,1.0
107,sp2,6,1.2
107,sp2,7,3.2
107,sp2,8,66.7
107,sp2,9,144.7
107,sp2,10,165.2
107,sp2,11,16.5
107,sp2,12,10.9
108,sp1,1,1150.4
108,sp1,2,60.3
108,sp1,3,67.6
108,sp1,4,17.8
108,sp1,5,306.6
108,sp1,6,343.5
108,sp1,7,2216.1
108,sp1,8,5060.2
108,sp1,9,19296.1
108,sp1,10,21236.3
108,sp1,11,2541.2
108,sp1,12,269.7
108,sp2,1,82.2
108,sp2,2,41.0
108,sp2,3,24.6
108,sp2,4,76.6
108,sp2,5,332.4
108,sp2,6,385.9
108,sp2,7,2068.0
108,sp2,8,6829.9
108,sp2,9,19350.4
108,sp2,10,52633.5
108,sp2,11,2110.3
108,sp2,12,355.3
109,sp1,1,2.9
109,sp1,2,0.7
109,sp1,3,13.3
109,sp1,4,24.6
109,sp1,5,250.1
109,sp1,6,1133.4
109,sp1,7,1517.0
109,sp1,8,5106.5
109,sp1,9,24926.6
109,sp1,10,25575.8
109,sp1,11,776.5
109,sp1,12,54.0
109,sp2,1,0.7
109,sp2,2,1.3
109,sp2,3,3.1
109,sp2,4,15.2
109,sp2,5,188.7
109,sp2,6,591.3
109,sp2,7,595.9
109,sp2,8,3822.2
109,sp2,9,14179.2
109,sp2,10,14279.5
109,sp2,11,2062.2
109,sp2,12,238.6
11,sp1,1,0.0
11,sp1,2,0.0
11,sp1,3,0.0
11,sp1,4,0.0
11,sp1,5,0.0
11,sp1,6,0.0
11,sp1,7,0.0
11,sp1,8,12.6
11,sp1,9,127.1
11,sp1,10,287.3
11,sp1,11,47.7
11,sp1,12,13.3
11,sp2,1,0.0
11,sp2,2,0.0
11,sp2,3,0.0
11,sp2,4,0.0
11,sp2,5,0.0
11,sp2,6,0.0
11,sp2,7,0.0
11,sp2,8,0.5
11,sp2,9,26.1
11,sp2,10,135.9
11,sp2,11,43.4
11,sp2,12,0.0
110,sp1,1,10.7
110,sp1,2,13.3
110,sp1,3,37.0
110,sp1,4,20.4
110,sp1,5,553.0
110,sp1,6,3583.3
110,sp1,7,8848.1
110,sp1,8,20865.0
110,sp1,9,36009.1
110,sp1,10,43150.3
110,sp1,11,1118.8
110,sp1,12,92.6
110,sp2,1,35.5
110,sp2,2,46.8
110,sp2,3,90.0
110,sp2,4,799.0
110,sp2,5,1895.5
110,sp2,6,4175.1
110,sp2,7,3459.1
110,sp2,8,8241.9
110,sp2,9,16916.2
110,sp2,10,24751.8
110,sp2,11,3593.2
110,sp2,12,264.1
111,sp1,1,1573.1
111,sp1,2,28.7
111,sp1,3,103.7
111,sp1,4,104.7
111,sp1,5,115.1
111,sp1,6,91.9
111,sp1,7,431.2
111,sp1,8,2128.3
111,sp1,9,19016.0
111,sp1,10,10053.1
111,sp1,11,2658.7
111,sp1,12,579.2
111,sp2,1,108.2
111,sp2,2,31.4
111,sp2,3,4.3
111,sp2,4,8.0
111,sp2,5,41.0
111,sp2,6,154.1
111,sp2,7,1019.2
111,sp2,8,1565.3
111,sp2,9,6755.2
111,sp2,10,35953.6
111,sp2,11,588.8
111,sp2,12,828.4
112,sp1,1,3.0
112,sp1,2,5.4
112,sp1,3,2.2
112,sp1,4,16.2
112,sp1,5,16.9
112,sp1,6,9.0
112,sp1,7,1482.1
112,sp1,8,1389.5
112,sp1,9,7088.0
112,sp1,10,1821.2
112,sp1,11,49.0
112,sp1,12,57.4
112,sp2,1,2.6
112,sp2,2,0.0
112,sp2,3,0.1
112,sp2,4,7.7
112,sp2,5,17.6
112,sp2,6,493.7
112,sp2,7,839.1
112,sp2,8,3036.2
112,sp2,9,6322.3
112,sp2,10,1112.4
112,sp2,11,383.2
112,sp2,12,4.4
113,sp1,1,0.7
113,sp1,2,2.3
113,sp1,3,1.0
113,sp1,4,0.8
113,sp1,5,1.7
113,sp1,6,3.6
113,sp1,7,16.0
113,sp1,8,216.9
113,sp1,9,929.3
113,sp1,10,1546.1
113,sp1,11,75.2
113,sp1,12,3.1
113,sp2,1,0.9
113,sp2,2,0.2
113,sp2,3,0.1
113,sp2,4,0.0
113,sp2,5,0.3
113,sp2,6,1.6
113,sp2,7,1.3
113,sp2,8,213.7
113,sp2,9,2263.2
113,sp2,10,1258.7
113,sp2,11,80.3
113,sp2,12,3.6
114,sp1,1,447.0
114,sp1,2,114.3
114,sp1,3,81.8
114,sp1,4,55.7
114,sp1,5,3288.2
114,sp1,6,1597.6
114,sp1,7,1569.1
114,sp1,8,8996.3
114,sp1,9,22735.0
114,sp1,10,22818.9
114,sp1,11,744.6
114,sp1,12,157.2
114,sp2,1,430.2
114,sp2,2,70.4
114,sp2,3,50.5
114,sp2,4,238.9
114,sp2,5,689.4
114,sp2,6,2021.0
114,sp2,7,2290.2
114,sp2,8,4256.5
114,sp2,9,21377.5
114,sp2,10,30544.8
114,sp2,11,4031.5
114,sp2,12,91.8
115,sp1,1,298.9
115,sp1,2,140.8
115,sp1,3,90.0
115,sp1,4,124.5
115,sp1,5,368.3
115,sp1,6,1533.0
115,sp1,7,3804.5
115,sp1,8,10206.2
115,sp1,9,35897.9
115,sp1,10,51288.0
115,sp1,11,609.4
115,sp1,12,117.3
115,sp2,1,16.4
115,sp2,2,260.7
115,sp2,3,54.6
115,sp2,4,202.1
115,sp2,5,650.5
115,sp2,6,2163.1
115,sp2,7,4234.6
115,sp2,8,5767.2
115,sp2,9,36612.1
115,sp2,10,30634.3
115,sp2,11,1670.3
115,sp2,12,112.6
116,sp1,1,0.0
116,sp1,2,0.0
116,sp1,3,0.0
116,sp1,4,0.1
116,sp1,5,0.3
116,sp1,6,2.0
116,sp1,7,8.6
116,sp1,8,47.3
116,sp1,9,692.3
116,sp1,10,678.1
116,sp1,11,2.8
116,sp1,12,0.3
116,sp2,1,2.0
116,sp2,2,0.0
116,sp2,3,0.0
116,sp2,4,0.3
116,sp2,5,8.8
116,sp2,6,1.2
116,sp2,7,2.8
116,sp2,8,266.2
116,sp2,9,1884.3
116,sp2,10,751.6
116,sp2,11,1.6
116,sp2,12,0.4
117,sp1,1,0.0
117,sp1,2,0.4
117,sp1,3,0.4
117,sp1,4,0.3
117,sp1,5,2.0
117,sp1,6,0.1
117,sp1,7,1.0
117,sp1,8,701.6
117,sp1,9,622.0
117,sp1,10,80.0
117,sp1,11,22.5
117,sp1,12,0.0
117,sp2,1,0.0
117,sp2,2,1.0
117,sp2,3,0.2
117,sp2,4,0.1
117,sp2,5,0.0
117,sp2,6,0.3
117,sp2,7,0.2
117,sp2,8,141.6
117,sp2,9,712.3
117,sp2,10,82.6
117,sp2,11,0.0
117,sp2,12,0.3
118,sp1,1,0.9
118,sp1,2,0.2
118,sp1,3,1.3
118,sp1,4,2.9
118,sp1,5,0.0
118,sp1,6,1.6
118,sp1,7,2.7
118,sp1,8,46.0
118,sp1,9,2690.5
118,sp1,10,9856.8
118,sp1,11,544.2
118,sp1,12,203.0
118,sp2,1,0.0
118,sp2,2,0.0
118,sp2,3,0.1
118,sp2,4,0.0
118,sp2,5,0.1
118,sp2,6,1.1
118,sp2,7,0.9
118,sp2,8,25.8
118,sp2,9,73.0
118,sp2,10,1836.5
118,sp2,11,20.7
118,sp2,12,1.5
119,sp1,1,0.5
119,sp1,2,0.3
119,sp1,3,0.1
119,sp1,4,0.9
119,sp1,5,1.0
119,sp1,6,12.9
119,sp1,7,363.6
119,sp1,8,1779.0
119,sp1,9,11496.8
119,sp1,10,5475.2
119,sp1,11,28.6
119,sp1,12,2.3
119,sp2,1,1.6
119,sp2,2,0.8
119,sp2,3,0.1
119,sp2,4,0.3
119,sp2,5,3.8
119,sp2,6,24.0
119,sp2,7,672.4
119,sp2,8,6900.7
119,sp2,9,6908.1
119,sp2,10,3174.6
119,sp2,11,38.9
119,sp2,12,6.1
12,sp1,1,0.0
12,sp1,2,0.0
12,sp1,3,0.0
12,sp1,4,0.0
12,sp1,5,0.0
12,sp1,6,0.0
12,sp1,7,1.5
12,sp1,8,64.5
12,sp1,9,270.6
12,sp1,10,250.7
12,sp1,11,97.7
12,sp1,12,43.3
12,sp2,1,0.0
12,sp2,2,0.0
12,sp2,3,0.0
12,sp2,4,0.0
12,sp2,5,0.0
12,sp2,6,0.0
12,sp2,7,0.0
12,sp2,8,2.6
12,sp2,9,126.4
12,sp2,10,81.4
12,sp2,11,20.1
12,sp2,12,6.2
120,sp1,1,174.9
120,sp1,2,4.4
120,sp1,3,1.0
120,sp1,4,3.4
120,sp1,5,220.3
120,sp1,6,1333.4
120,sp1,7,5290.4
120,sp1,8,4061.5
120,sp1,9,3877.9
120,sp1,10,12766.9
120,sp1,11,1110.7
120,sp1,12,38.3
120,sp2,1,44.5
120,sp2,2,50.0
120,sp2,3,39.8
120,sp2,4,104.3
120,sp2,5,14.3
120,sp2,6,59.1
120,sp2,7,220.5
120,sp2,8,2486.5
120,sp2,9,5963.8
120,sp2,10,7629.3
120,sp2,11,4049.4
120,sp2,12,534.0
121,sp1,1,59.4
121,sp1,2,3.1
121,sp1,3,1.6
121,sp1,4,0.6
121,sp1,5,0.2
121,sp1,6,0.1
121,sp1,7,0.0
121,sp1,8,0.3
121,sp1,9,47.0
121,sp1,10,946.7
121,sp1,11,179.0
121,sp1,12,3.0
121,sp2,1,48.1
121,sp2,2,0.0
121,sp2,3,0.0
121,sp2,4,0.0
121,sp2,5,0.0
121,sp2,6,0.1
121,sp2,7,0.0
121,sp2,8,0.3
121,sp2,9,0.3
121,sp2,10,55.6
121,sp2,11,249.1
121,sp2,12,63.8
122,sp1,1,1.2
122,sp1,2,5.8
122,sp1,3,3.6
122,sp1,4,0.0
122,sp1,5,0.0
122,sp1,6,0.0
122,sp1,7,0.3
122,sp1,8,0.3
122,sp1,9,0.7
122,sp1,10,13.0
122,sp1,11,4.7
122,sp1,12,16.9
122,sp2,1,0.1
122,sp2,2,0.0
122,sp2,3,0.0
122,sp2,4,0.0
122,sp2,5,0.0
122,sp2,6,6.9
122,sp2,7,0.6
122,sp2,8,3.3
122,sp2,9,2.1
122,sp2,10,3.9
122,sp2,11,0.0
122,sp2,12,0.2
123,sp1,1,4.0
123,sp1,2,0.1
123,sp1,3,0.3
123,sp1,4,12.7
123,sp1,5,74.1
123,sp1,6,109.8
123,sp1,7,594.7
123,sp1,8,2984.1
123,sp1,9,21151.1
123,sp1,10,13842.5
123,sp1,11,179.3
123,sp1,12,6.2
123,sp2,1,58.3
123,sp2,2,0.8
123,sp2,3,0.0
123,sp2,4,11.3
123,sp2,5,46.1
123,sp2,6,286.1
123,sp2,7,1319.1
123,sp2,8,5412.7
123,sp2,9,33504.1
123,sp2,10,9313.9
123,sp2,11,344.5
123,sp2,12,180.5
124,sp1,1,1642.1
124,sp1,2,338.0
124,sp1,3,58.0
124,sp1,4,6.6
124,sp1,5,20.6
124,sp1,6,677.7
124,sp1,7,998.9
124,sp1,8,920.2
124,sp1,9,5141.1
124,sp1,10,35821.2
124,sp1,11,3009.4
124,sp1,12,2339.3
124,sp2,1,41.5
124,sp2,2,133.0
124,sp2,3,77.0
124,sp2,4,87.5
124,sp2,5,140.0
124,sp2,6,236.4
124,sp2,7,1006.0
124,sp2,8,7713.1
124,sp2,9,9614.8
124,sp2,10,30049.5
124,sp2,11,650.4
124,sp2,12,6.9
125,sp1,1,0.0
125,sp1,2,0.0
125,sp1,3,0.0
125,sp1,4,0.0
125,sp1,5,0.0
125,sp1,6,0.0
125,sp1,7,0.0
125,sp1,8,15.4
125,sp1,9,3.1
125,sp1,10,27.2
125,sp1,11,4.5
125,sp1,12,0.3
125,sp2,1,0.0
125,sp2,2,0.0
125,sp2,3,0.0
125,sp2,4,0.0
125,sp2,5,0.0
125,sp2,6,0.0
125,sp2,7,0.0
125,sp2,8,16.3
125,sp2,9,56.4
125,sp2,10,70.4
125,sp2,11,2.8
125,sp2,12,0.0
126,sp1,1,2.1
126,sp1,2,13.6
126,sp1,3,2.2
126,sp1,4,20.1
126,sp1,5,75.7
126,sp1,6,475.7
126,sp1,7,1486.3
126,sp1,8,12213.2
126,sp1,9,83963.0
126,sp1,10,7220.2
126,sp1,11,732.4
126,sp1,12,12.3
126,sp2,1,3.9
126,sp2,2,3.1
126,sp2,3,3.3
126,sp2,4,9.8
126,sp2,5,55.8
126,sp2,6,233.6
126,sp2,7,932.8
126,sp2,8,30022.1
126,sp2,9,100030.8
126,sp2,10,56743.3
126,sp2,11,106.1
126,sp2,12,43.6
127,sp1,1,0.0
127,sp1,2,0.0
127,sp1,3,0.4
127,sp1,4,0.5
127,sp1,5,46.8
127,sp1,6,15.2
127,sp1,7,177.2
127,sp1,8,2630.2
127,sp1,9,3728.1
127,sp1,10,493.3
127,sp1,11,7.5
127,sp1,12,1.3
127,sp2,1,0.0
127,sp2,2,0.3
127,sp2,3,3.0
127,sp2,4,0.2
127,sp2,5,2.9
127,sp2,6,57.4
127,sp2,7,90.4
127,sp2,8,3717.6
127,sp2,9,7937.2
127,sp2,10,1802.1
127,sp2,11,34.4
127,sp2,12,0.3
128,sp1,1,14.6
128,sp1,2,22.3
128,sp1,3,0.2
128,sp1,4,0.3
128,sp1,5,31.3
128,sp1,6,50.3
128,sp1,7,345.9
128,sp1,8,1123.4
128,sp1,9,6592.9
128,sp1,10,14609.4
128,sp1,11,668.0
128,sp1,12,7.1
128,sp2,1,5.7
128,sp2,2,10.7
128,sp2,3,0.1
128,sp2,4,20.2
128,sp2,5,36.4
128,sp2,6,33.1
128,sp2,7,88.7
128,sp2,8,668.0
128,sp2,9,11044.3
128,sp2,10,12916.6
128,sp2,11,372.9
128,sp2,12,43.3
129,sp1,1,254.0
129,sp1,2,89.3
129,sp1,3,42.2
129,sp1,4,20.3
129,sp1,5,439.8
129,sp1,6,515.5
129,sp1,7,11858.2
129,sp1,8,36186.8
129,sp1,9,23645.3
129,sp1,10,5445.5
129,sp1,11,785.7
129,sp1,12,269.8
129,sp2,1,1195.1
129,sp2,2,3.1
129,sp2,3,5.9
129,sp2,4,11.8
129,sp2,5,63.7
129,sp2,6,3535.8
129,sp2,7,6619.3
129,sp2,8,97560.4
129,sp2,9,92132.2
129,sp2,10,44436.5
129,sp2,11,1327.9
129,sp2,12,709.4
13,sp1,1,1.4
13,sp1,2,0.2
13,sp1,3,1.0
13,sp1,4,0.8
13,sp1,5,9.7
13,sp1,6,255.3
13,sp1,7,4023.4
13,sp1,8,4287.4
13,sp1,9,2480.9
13,sp1,10,1567.0
13,sp1,11,76.9
13,sp1,12,26.4
13,sp2,1,7.3
13,sp2,2,40.3
13,sp2,3,0.6
13,sp2,4,0.4
13,sp2,5,9.4
13,sp2,6,325.3
13,sp2,7,2362.5
13,sp2,8,2832.4
13,sp2,9,1667.2
13,sp2,10,377.5
13,sp2,11,173.3
13,sp2,12,3.5
130,sp1,1,2759.4
130,sp1,2,933.4
130,sp1,3,151.5
130,sp1,4,22.0
130,sp1,5,45.2
130,sp1,6,122.6
130,sp1,7,674.1
130,sp1,8,7537.1
130,sp1,9,13949.1
130,sp1,10,37551.4
130,sp1,11,4641.1
130,sp1,12,822.8
130,sp2,1,1113.1
130,sp2,2,117.4
130,sp2,3,43.6
130,sp2,4,47.8
130,sp2,5,40.2
130,sp2,6,218.5
130,sp2,7,1436.0
130,sp2,8,5732.7
130,sp2,9,37815.5
130,sp2,10,86179.7
130,sp2,11,2982.1
130,sp2,12,610.8
131,sp1,1,19.6
131,sp1,2,5.5
131,sp1,3,1.1
131,sp1,4,0.2
131,sp1,5,1.4
131,sp1,6,25.3
131,sp1,7,311.0
131,sp1,8,2237.6
131,sp1,9,25655.1
131,sp1,10,8726.2
131,sp1,11,859.4
131,sp1,12,416.1
131,sp2,1,11.7
131,sp2,2,1.6
131,sp2,3,0.1
131,sp2,4,2.1
131,sp2,5,17.8
131,sp2,6,168.2
131,sp2,7,2052.6
131,sp2,8,6464.3
131,sp2,9,25438.9
131,sp2,10,12907.7
131,sp2,11,34.5
131,sp2,12,1.5
132,sp1,1,5.1
132,sp1,2,1.9
132,sp1,3,17.7
132,sp1,4,5.7
132,sp1,5,21.0
132,sp1,6,72.9
132,sp1,7,181.8
132,sp1,8,1429.3
132,sp1,9,2129.1
132,sp1,10,3885.4
132,sp1,11,1129.9
132,sp1,12,281.4
132,sp2,1,0.9
132,sp2,2,0.0
132,sp2,3,0.4
132,sp2,4,31.6
132,sp2,5,20.6
132,sp2,6,7.8
132,sp2,7,34.1
132,sp2,8,68.9
132,sp2,9,5760.9
132,sp2,10,578.4
132,sp2,11,8.4
132,sp2,12,1.0
133,sp1,1,0.2
133,sp1,2,0.3
133,sp1,3,0.5
133,sp1,4,0.0
133,sp1,5,0.1
133,sp1,6,0.8
133,sp1,7,5.8
133,sp1,8,387.6
133,sp1,9,10818.4
133,sp1,10,4702.5
133,sp1,11,138.0
133,sp1,12,2.8
133,sp2,1,1.8
133,sp2,2,0.3
133,sp2,3,0.0
133,sp2,4,0.2
133,sp2,5,1.0
133,sp2,6,576.6
133,sp2,7,54.4
133,sp2,8,47.5
133,sp2,9,10005.5
133,sp2,10,6655.4
133,sp2,11,36.9
133,sp2,12,0.1
134,sp1,1,30.9
134,sp1,2,14.8
134,sp1,3,25.6
134,sp1,4,29.4
134,sp1,5,147.2
134,sp1,6,960.8
134,sp1,7,2711.6
134,sp1,8,11936.8
134,sp1,9,37374.6
134,sp1,10,11588.2
134,sp1,11,1179.8
134,sp1,12,101.7
134,sp2,1,38.7
134,sp2,2,15.3
134,sp2,3,23.1
134,sp2,4,16.2
134,sp2,5,117.0
134,sp2,6,843.7
134,sp2,7,930.4
134,sp2,8,19372.5
134,sp2,9,111481.5
134,sp2,10,23070.2
134,sp2,11,1161.2
134,sp2,12,186.9
135,sp1,1,28.4
135,sp1,2,17.2
135,sp1,3,0.1
135,sp1,4,0.0
135,sp1,5,0.1
135,sp1,6,0.0
135,sp1,7,3.0
135,sp1,8,1.8
135,sp1,9,7.7
135,sp1,10,8.0
135,sp1,11,286.4
135,sp1,12,37.8
135,sp2,1,10.7
135,sp2,2,7.9
135,sp2,3,0.0
135,sp2,4,0.0
135,sp2,5,0.0
135,sp2,6,0.0
135,sp2,7,0.1
135,sp2,8,21.5
135,sp2,9,140.2
135,sp2,10,175.6
135,sp2,11,147.6
135,sp2,12,8.5
136,sp1,1,2.8
136,sp1,2,0.6
136,sp1,3,1.1
136,sp1,4,2.8
136,sp1,5,12.4
136,sp1,6,49.4
136,sp1,7,556.7
136,sp1,8,3387.3
136,sp1,9,11875.6
136,sp1,10,5622.4
136,sp1,11,50.0
136,sp1,12,5.2
136,sp2,1,6.2
136,sp2,2,1.6
136,sp2,3,10.0
136,sp2,4,8.2
136,sp2,5,7.8
136,sp2,6,14.6
136,sp2,7,183.9
136,sp2,8,214.6
136,sp2,9,26893.8
136,sp2,10,3548.4
136,sp2,11,33.3
136,sp2,12,2.4
137,sp1,1,69.4
137,sp1,2,3.0
137,sp1,3,3.3
137,sp1,4,6.0
137,sp1,5,17.7
137,sp1,6,223.2
137,sp1,7,2469.1
137,sp1,8,2880.2
137,sp1,9,1588.6
137,sp1,10,2124.9
137,sp1,11,93.0
137,sp1,12,29.6
137,sp2,1,1.9
137,sp2,2,3.0
137,sp2,3,5.3
137,sp2,4,13.9
137,sp2,5,18.1
137,sp2,6,210.5
137,sp2,7,459.6
137,sp2,8,4091.3
137,sp2,9,12747.3
137,sp2,10,1783.0
137,sp2,11,40.8
137,sp2,12,16.9
138,sp1,1,3.0
138,sp1,2,0.7
138,sp1,3,0.7
138,sp1,4,5.4
138,sp1,5,2.6
138,sp1,6,15.3
138,sp1,7,113.7
138,sp1,8,4175.6
138,sp1,9,23893.1
138,sp1,10,11105.1
138,sp1,11,440.2
138,sp1,12,8.0
138,sp2,1,60.4
138,sp2,2,0.9
138,sp2,3,1.5
138,sp2,4,2.6
138,sp2,5,7.5
138,sp2,6,11.9
138,sp2,7,174.9
138,sp2,8,564.1
138,sp2,9,19842.4
138,sp2,10,15392.6
138,sp2,11,211.1
138,sp2,12,25.2
139,sp1,1,265.1
139,sp1,2,202.0
139,sp1,3,322.0
139,sp1,4,87.1
139,sp1,5,111.0
139,sp1,6,106.7
139,sp1,7,874.7
139,sp1,8,3384.8
139,sp1,9,10603.5
139,sp1,10,21445.9
139,sp1,11,4770.5
139,sp1,12,210.0
139,sp2,1,43.7
139,sp2,2,29.4
139,sp2,3,93.9
139,sp2,4,76.0
139,sp2,5,81.4
139,sp2,6,193.5
139,sp2,7,1012.9
139,sp2,8,3428.2
139,sp2,9,18727.3
139,sp2,10,28509.8
139,sp2,11,1393.3
139,sp2,12,49.1
14,sp1,1,693.5
14,sp1,2,10.3
14,sp1,3,2.0
14,sp1,4,30.4
14,sp1,5,262.6
14,sp1,6,1219.7
14,sp1,7,9797.8
14,sp1,8,46323.0
14,sp1,9,17012.7
14,sp1,10,6427.3
14,sp1,11,1794.3
14,sp1,12,228.5
14,sp2,1,105.7
14,sp2,2,8.7
14,sp2,3,17.5
14,sp2,4,29.2
14,sp2,5,398.9
14,sp2,6,2109.4
14,sp2,7,15798.5
14,sp2,8,24626.2
14,sp2,9,22437.5
14,sp2,10,8563.5
14,sp2,11,518.9
14,sp2,12,44.6
140,sp1,1,8.0
140,sp1,2,1.2
140,sp1,3,0.4
140,sp1,4,2.7
140,sp1,5,21.4
140,sp1,6,102.2
140,sp1,7,1341.0
140,sp1,8,3272.3
140,sp1,9,10674.2
140,sp1,10,2591.1
140,sp1,11,157.8
140,sp1,12,2.4
140,sp2,1,47.3
140,sp2,2,9.3
140,sp2,3,0.2
140,sp2,4,4.9
140,sp2,5,9.3
140,sp2,6,230.0
140,sp2,7,831.5
140,sp2,8,3404.5
140,sp2,9,8790.0
140,sp2,10,1465.9
140,sp2,11,698.6
140,sp2,12,50.8
141,sp1,1,4.1
141,sp1,2,0.0
141,sp1,3,1.8
141,sp1,4,0.0
141,sp1,5,3.3
141,sp1,6,3.0
141,sp1,7,36.3
141,sp1,8,10.5
141,sp1,9,184.9
141,sp1,10,918.3
141,sp1,11,57.0
141,sp1,12,36.4
141,sp2,1,37.4
141,sp2,2,0.0
141,sp2,3,2.3
141,sp2,4,0.0
141,sp2,5,0.0
141,sp2,6,0.0
141,sp2,7,3.4
141,sp2,8,23.1
141,sp2,9,133.6
141,sp2,10,238.7
141,sp2,11,35.9
141,sp2,12,14.0
142,sp1,1,40.9
142,sp1,2,13.2
142,sp1,3,0.1
142,sp1,4,21.6
142,sp1,5,74.0
142,sp1,6,345.2
142,sp1,7,970.0
142,sp1,8,5575.5
142,sp1,9,25166.3
142,sp1,10,7410.1
142,sp1,11,201.9
142,sp1,12,21.9
142,sp2,1,0.5
142,sp2,2,0.8
142,sp2,3,1.6
142,sp2,4,0.2
142,sp2,5,14.6
142,sp2,6,26.4
142,sp2,7,535.9
142,sp2,8,4143.5
142,sp2,9,31617.0
142,sp2,10,13890.4
142,sp2,11,462.9
142,sp2,12,3.1
143,sp1,1,2.1
143,sp1,2,0.0
143,sp1,3,0.0
143,sp1,4,0.0
143,sp1,5,0.0
143,sp1,6,0.0
143,sp1,7,0.0
143,sp1,8,0.2
143,sp1,9,0.1
143,sp1,10,6.4
143,sp1,11,82.7
143,sp1,12,1.5
143,sp2,1,0.0
143,sp2,2,0.0
143,sp2,3,0.0
143,sp2,4,0.0
143,sp2,5,0.0
143,sp2,6,0.0
143,sp2,7,0.0
143,sp2,8,0.0
143,sp2,9,0.2
143,sp2,10,0.6
143,sp2,11,4.2
143,sp2,12,0.0
144,sp1,1,7.5
144,sp1,2,25.2
144,sp1,3,4.8
144,sp1,4,69.2
144,sp1,5,155.9
144,sp1,6,174.3
144,sp1,7,156.9
144,sp1,8,437.6
144,sp1,9,4351.6
144,sp1,10,7090.9
144,sp1,11,353.3
144,sp1,12,9.3
144,sp2,1,49.8
144,sp2,2,16.1
144,sp2,3,2.1
144,sp2,4,1.6
144,sp2,5,8.7
144,sp2,6,354.1
144,sp2,7,1121.1
144,sp2,8,943.5
144,sp2,9,4152.6
144,sp2,10,4419.0
144,sp2,11,168.0
144,sp2,12,41.8
145,sp1,1,17.1
145,sp1,2,3.9
145,sp1,3,0.1
145,sp1,4,0.1
145,sp1,5,0.1
145,sp1,6,0.0
145,sp1,7,0.3
145,sp1,8,0.1
145,sp1,9,0.6
145,sp1,10,183.5
145,sp1,11,69.6
145,sp1,12,3.4
145,sp2,1,0.0
145,sp2,2,0.0
145,sp2,3,0.6
145,sp2,4,0.0
145,sp2,5,0.0
145,sp2,6,0.0
145,sp2,7,2.4
145,sp2,8,13.5
145,sp2,9,707.5
145,sp2,10,290.9
145,sp2,11,2.9
145,sp2,12,0.8
146,sp1,1,55.0
146,sp1,2,121.8
146,sp1,3,29.2
146,sp1,4,99.3
146,sp1,5,533.8
146,sp1,6,700.2
146,sp1,7,2662.1
146,sp1,8,11703.5
146,sp1,9,29317.9
146,sp1,10,49611.5
146,sp1,11,1038.4
146,sp1,12,189.1
146,sp2,1,13.9
146,sp2,2,42.2
146,sp2,3,83.8
146,sp2,4,79.5
146,sp2,5,216.1
146,sp2,6,2011.6
146,sp2,7,2922.7
146,sp2,8,10634.1
146,sp2,9,50135.0
146,sp2,10,36576.2
146,sp2,11,540.3
146,sp2,12,113.5
147,sp1,1,4749.8
147,sp1,2,1293.3
147,sp1,3,134.7
147,sp1,4,7.6
147,sp1,5,13.8
147,sp1,6,17.3
147,sp1,7,213.3
147,sp1,8,1374.0
147,sp1,9,7596.0
147,sp1,10,41582.3
147,sp1,11,5617.2
147,sp1,12,1433.1
147,sp2,1,596.0
147,sp2,2,11.6
147,sp2,3,0.3
147,sp2,4,0.5
147,sp2,5,2.5
147,sp2,6,6.3
147,sp2,7,55.5
147,sp2,8,271.6
147,sp2,9,9937.4
147,sp2,10,44273.7
147,sp2,11,1542.5
147,sp2,12,435.1
148,sp1,1,0.0
148,sp1,2,0.0
148,sp1,3,0.0
148,sp1,4,0.0
148,sp1,5,0.0
148,sp1,6,0.0
148,sp1,7,0.0
148,sp1,8,0.0
148,sp1,9,0.0
148,sp1,10,0.0
148,sp1,11,0.0
148,sp1,12,0.0
148,sp2,1,0.0
148,sp2,2,0.0
148,sp2,3,0.0
148,sp2,4,0.0
148,sp2,5,0.0
148,sp2,6,0.0
148,sp2,7,0.0
148,sp2,8,0.0
148,sp2,9,1.7
148,sp2,10,6.6
148,sp2,11,30.6
148,sp2,12,0.0
149,sp1,1,0.0
149,sp1,2,0.0
149,sp1,3,0.2
149,sp1,4,0.7
149,sp1,5,16.9
149,sp1,6,163.5
149,sp1,7,3.0
149,sp1,8,1180.9
149,sp1,9,3262.5
149,sp1,10,196.5
149,sp1,11,1.4
149,sp1,12,0.0
149,sp2,1,0.0
149,sp2,2,0.0
149,sp2,3,0.1
149,sp2,4,0.0
149,sp2,5,4.1
149,sp2,6,317.3
149,sp2,7,20.3
149,sp2,8,2103.7
149,sp2,9,4701.6
149,sp2,10,812.7
149,sp2,11,9.1
149,sp2,12,0.0
15,sp1,1,276.4
15,sp1,2,40.8
15,sp1,3,13.2
15,sp1,4,7.0
15,sp1,5,218.4
15,sp1,6,3799.1
15,sp1,7,28747.9
15,sp1,8,37785.8
15,sp1,9,13008.9
15,sp1,10,6942.4
15,sp1,11,2483.2
15,sp1,12,69.4
15,sp2,1,189.3
15,sp2,2,52.8
15,sp2,3,28.4
15,sp2,4,77.1
15,sp2,5,2017.2
15,sp2,6,8417.1
15,sp2,7,19344.9
15,sp2,8,23870.5
15,sp2,9,22217.3
15,sp2,10,9234.7
15,sp2,11,680.7
15,sp2,12,98.3
150,sp1,1,7.7
150,sp1,2,14.5
150,sp1,3,3.2
150,sp1,4,7.1
150,sp1,5,9.3
150,sp1,6,158.8
150,sp1,7,1019.5
150,sp1,8,11022.3
150,sp1,9,26922.8
150,sp1,10,2129.2
150,sp1,11,139.9
150,sp1,12,1.6
150,sp2,1,117.5
150,sp2,2,4.1
150,sp2,3,4.8
150,sp2,4,3.8
150,sp2,5,18.8
150,sp2,6,47.2
150,sp2,7,1268.9
150,sp2,8,22079.8
150,sp2,9,44513.2
150,sp2,10,8356.9
150,sp2,11,981.9
150,sp2,12,83.3
151,sp1,1,0.0
151,sp1,2,0.0
151,sp1,3,0.2
151,sp1,4,0.0
151,sp1,5,1.4
151,sp1,6,1.0
151,sp1,7,200.9
151,sp1,8,1896.1
151,sp1,9,3950.6
151,sp1,10,231.5
151,sp1,11,1.3
151,sp1,12,2.6
151,sp2,1,0.5
151,sp2,2,6.5
151,sp2,3,0.1
151,sp2,4,1.6
151,sp2,5,1.2
151,sp2,6,0.7
151,sp2,7,2.2
151,sp2,8,665.1
151,sp2,9,5342.4
151,sp2,10,862.0
151,sp2,11,26.1
151,sp2,12,1.1
152,sp1,1,86.2
152,sp1,2,30.3
152,sp1,3,53.8
152,sp1,4,10.3
152,sp1,5,17.3
152,sp1,6,5.3
152,sp1,7,11.3
152,sp1,8,28.3
152,sp1,9,167.0
152,sp1,10,692.3
152,sp1,11,189.5
152,sp1,12,81.4
152,sp2,1,32.3
152,sp2,2,1.8
152,sp2,3,18.1
152,sp2,4,8.8
152,sp2,5,1.4
152,sp2,6,5.3
152,sp2,7,49.5
152,sp2,8,20.5
152,sp2,9,81.1
152,sp2,10,222.2
152,sp2,11,61.7
152,sp2,12,13.3
153,sp1,1,330.7
153,sp1,2,9.9
153,sp1,3,10.7
153,sp1,4,11.7
153,sp1,5,140.0
153,sp1,6,282.5
153,sp1,7,832.9
153,sp1,8,6677.3
153,sp1,9,8593.1
153,sp1,10,1896.2
153,sp1,11,277.4
153,sp1,12,19.6
153,sp2,1,68.4
153,sp2,2,122.0
153,sp2,3,6.1
153,sp2,4,3.6
153,sp2,5,55.1
153,sp2,6,190.8
153,sp2,7,578.6
153,sp2,8,8488.2
153,sp2,9,53673.5
153,sp2,10,27442.3
153,sp2,11,13975.8
153,sp2,12,476.3
154,sp1,1,0.0
154,sp1,2,0.0
154,sp1,3,0.0
154,sp1,4,0.0
154,sp1,5,0.0
154,sp1,6,0.0
154,sp1,7,0.0
154,sp1,8,0.0
154,sp1,9,0.0
154,sp1,10,0.0
154,sp1,11,0.0
154,sp1,12,0.0
154,sp2,1,0.0
154,sp2,2,0.0
154,sp2,3,0.0
154,sp2,4,0.0
154,sp2,5,0.0
154,sp2,6,0.4
154,sp2,7,0.3
154,sp2,8,0.0
154,sp2,9,12.4
154,sp2,10,284.2
154,sp2,11,30.4
154,sp2,12,0.0
155,sp1,1,0.0
155,sp1,2,0.0
155,sp1,3,0.0
155,sp1,4,0.0
155,sp1,5,0.0
155,sp1,6,0.0
155,sp1,7,2.2
155,sp1,8,277.8
155,sp1,9,766.6
155,sp1,10,83.3
155,sp1,11,3.0
155,sp1,12,0.0
155,sp2,1,0.0
155,sp2,2,0.1
155,sp2,3,0.0
155,sp2,4,2.2
155,sp2,5,1.6
155,sp2,6,119.9
155,sp2,7,76.0
155,sp2,8,1979.0
155,sp2,9,9478.5
155,sp2,10,3517.3
155,sp2,11,2.8
155,sp2,12,0.8
156,sp1,1,0.2
156,sp1,2,14.2
156,sp1,3,0.4
156,sp1,4,2.0
156,sp1,5,37.9
156,sp1,6,23.6
156,sp1,7,97.9
156,sp1,8,1571.3
156,sp1,9,8849.5
156,sp1,10,3661.3
156,sp1,11,315.7
156,sp1,12,9.6
156,sp2,1,0.3
156,sp2,2,0.4
156,sp2,3,0.1
156,sp2,4,3.2
156,sp2,5,23.5
156,sp2,6,21.1
156,sp2,7,58.2
156,sp2,8,1210.5
156,sp2,9,16050.9
156,sp2,10,8582.3
156,sp2,11,994.7
156,sp2,12,34.6
157,sp1,1,0.0
157,sp1,2,6.3
157,sp1,3,0.4
157,sp1,4,0.2
157,sp1,5,0.9
157,sp1,6,6.0
157,sp1,7,11.0
157,sp1,8,98.4
157,sp1,9,2166.8
157,sp1,10,218.8
157,sp1,11,2.5
157,sp1,12,0.1
157,sp2,1,8.3
157,sp2,2,0.5
157,sp2,3,0.7
157,sp2,4,0.8
157,sp2,5,3.3
157,sp2,6,1.4
157,sp2,7,4.7
157,sp2,8,1364.0
157,sp2,9,5570.5
157,sp2,10,1993.3
157,sp2,11,318.3
157,sp2,12,2.9
158,sp1,1,9.2
158,sp1,2,0.0
158,sp1,3,0.0
158,sp1,4,2.2
158,sp1,5,23.3
158,sp1,6,123.1
158,sp1,7,551.2
158,sp1,8,2485.9
158,sp1,9,8205.2
158,sp1,10,6631.6
158,sp1,11,303.4
158,sp1,12,0.5
158,sp2,1,0.4
158,sp2,2,17.0
158,sp2,3,2.6
158,sp2,4,1.9
158,sp2,5,48.9
158,sp2,6,77.4
158,sp2,7,286.8
158,sp2,8,1496.3
158,sp2,9,6175.2
158,sp2,10,4781.3
158,sp2,11,118.2
158,sp2,12,20.8
159,sp1,1,22.5
159,sp1,2,21.5
159,sp1,3,9.9
159,sp1,4,63.1
159,sp1,5,455.1
159,sp1,6,853.2
159,sp1,7,3440.6
159,sp1,8,11263.4
159,sp1,9,18106.2
159,sp1,10,8393.8
159,sp1,11,658.5
159,sp1,12,16.1
159,sp2,1,12.5
159,sp2,2,10.5
159,sp2,3,82.5
159,sp2,4,151.0
159,sp2,5,245.5
159,sp2,6,1042.7
159,sp2,7,3558.3
159,sp2,8,8980.0
159,sp2,9,15300.4
159,sp2,10,9757.5
159,sp2,11,95.8
159,sp2,12,29.8
16,sp1,1,1545.1
16,sp1,2,53.2
16,sp1,3,64.6
16,sp1,4,77.3
16,sp1,5,1739.3
16,sp1,6,6737.3
16,sp1,7,30558.0
16,sp1,8,69770.6
16,sp1,9,68148.5
16,sp1,10,31376.7
16,sp1,11,1974.9
16,sp1,12,276.3
16,sp2,1,572.6
16,sp2,2,97.9
16,sp2,3,173.3
16,sp2,4,316.3
16,sp2,5,2537.4
16,sp2,6,14159.0
16,sp2,7,26523.2
16,sp2,8,47735.9
16,sp2,9,69620.7
16,sp2,10,31787.6
16,sp2,11,2958.3
16,sp2,12,545.0
160,sp1,1,0.0
160,sp1,2,0.0
160,sp1,3,6.5
160,sp1,4,0.0
160,sp1,5,63.5
160,sp1,6,23.5
160,sp1,7,170.8
160,sp1,8,277.3
160,sp1,9,289.2
160,sp1,10,855.6
160,sp1,11,15.7
160,sp1,12,0.0
160,sp2,1,0.1
160,sp2,2,0.0
160,sp2,3,0.2
160,sp2,4,0.9
160,sp2,5,0.0
160,sp2,6,14.7
160,sp2,7,2.8
160,sp2,8,290.4
160,sp2,9,121.0
160,sp2,10,1296.2
160,sp2,11,0.3
160,sp2,12,0.4
161,sp1,1,5.6
161,sp1,2,18.4
161,sp1,3,2.3
161,sp1,4,2.2
161,sp1,5,5.3
161,sp1,6,16.3
161,sp1,7,10.3
161,sp1,8,3107.0
161,sp1,9,7475.4
161,sp1,10,2077.7
161,sp1,11,339.2
161,sp1,12,10.4
161,sp2,1,115.1
161,sp2,2,11.4
161,sp2,3,0.9
161,sp2,4,10.7
161,sp2,5,109.4
161,sp2,6,353.8
161,sp2,7,351.1
161,sp2,8,4246.1
161,sp2,9,20889.3
161,sp2,10,3735.2
161,sp2,11,1024.3
161,sp2,12,250.5
162,sp1,1,0.0
162,sp1,2,0.0
162,sp1,3,0.0
162,sp1,4,0.0
162,sp1,5,0.8
162,sp1,6,6.1
162,sp1,7,1.6
162,sp1,8,29.2
162,sp1,9,221.0
162,sp1,10,4.2
162,sp1,11,0.3
162,sp1,12,0.0
162,sp2,1,0.0
162,sp2,2,0.0
162,sp2,3,0.0
162,sp2,4,0.1
162,sp2,5,0.0
162,sp2,6,0.0
162,sp2,7,37.8
162,sp2,8,2.2
162,sp2,9,0.7
162,sp2,10,2.3
162,sp2,11,4.2
162,sp2,12,0.2
163,sp1,1,0.4
163,sp1,2,0.0
163,sp1,3,0.0
163,sp1,4,0.0
163,sp1,5,0.0
163,sp1,6,0.0
163,sp1,7,0.0
163,sp1,8,3.5
163,sp1,9,3.3
163,sp1,10,127.8
163,sp1,11,17.1
163,sp1,12,2.9
163,sp2,1,0.0
163,sp2,2,0.0
163,sp2,3,0.0
163,sp2,4,0.0
163,sp2,5,0.0
163,sp2,6,0.2
163,sp2,7,35.6
163,sp2,8,81.7
163,sp2,9,765.0
163,sp2,10,530.2
163,sp2,11,32.7
163,sp2,12,0.3
164,sp1,1,99.5
164,sp1,2,12.2
164,sp1,3,0.7
164,sp1,4,60.1
164,sp1,5,74.1
164,sp1,6,203.6
164,sp1,7,3713.5
164,sp1,8,22263.2
164,sp1,9,42886.1
164,sp1,10,38148.6
164,sp1,11,320.0
164,sp1,12,1.5
164,sp2,1,38.8
164,sp2,2,1.9
164,sp2,3,2.9
164,sp2,4,20.0
164,sp2,5,90.1
164,sp2,6,575.7
164,sp2,7,2313.4
164,sp2,8,14782.6
164,sp2,9,60282.1
164,sp2,10,20280.3
164,sp2,11,162.1
164,sp2,12,144.6
165,sp1,1,0.2
165,sp1,2,0.1
165,sp1,3,1.5
165,sp1,4,1.5
165,sp1,5,48.2
165,sp1,6,22.7
165,sp1,7,41.9
165,sp1,8,1084.5
165,sp1,9,15633.4
165,sp1,10,3620.9
165,sp1,11,43.5
165,sp1,12,9.5
165,sp2,1,0.2
165,sp2,2,0.9
165,sp2,3,0.6
165,sp2,4,1.4
165,sp2,5,33.7
165,sp2,6,9.3
165,sp2,7,9.3
165,sp2,8,1976.2
165,sp2,9,11682.8
165,sp2,10,3196.7
165,sp2,11,16.9
165,sp2,12,0.5
166,sp1,1,0.0
166,sp1,2,0.0
166,sp1,3,0.3
166,sp1,4,0.6
166,sp1,5,0.0
166,sp1,6,2.2
166,sp1,7,5.9
166,sp1,8,53.0
166,sp1,9,1097.7
166,sp1,10,713.0
166,sp1,11,8.8
166,sp1,12,0.0
166,sp2,1,0.1
166,sp2,2,0.0
166,sp2,3,0.6
166,sp2,4,0.1
166,sp2,5,0.0
166,sp2,6,0.8
166,sp2,7,3.9
166,sp2,8,36.5
166,sp2,9,244.0
166,sp2,10,140.0
166,sp2,11,9.9
166,sp2,12,0.3
167,sp1,1,0.0
167,sp1,2,0.0
167,sp1,3,0.0
167,sp1,4,0.0
167,sp1,5,0.0
167,sp1,6,0.0
167,sp1,7,0.0
167,sp1,8,0.0
167,sp1,9,1.1
167,sp1,10,26.4
167,sp1,11,0.0
167,sp1,12,0.0
167,sp2,1,0.0
167,sp2,2,0.0
167,sp2,3,0.0
167,sp2,4,0.0
167,sp2,5,0.0
167,sp2,6,0.0
167,sp2,7,0.0
167,sp2,8,0.0
167,sp2,9,0.0
167,sp2,10,0.0
167,sp2,11,0.0
167,sp2,12,0.0
168,sp1,1,610.9
168,sp1,2,10.3
168,sp1,3,26.5
168,sp1,4,10.2
168,sp1,5,23.9
168,sp1,6,58.5
168,sp1,7,480.8
168,sp1,8,6074.3
168,sp1,9,9510.4
168,sp1,10,4063.2
168,sp1,11,1587.9
168,sp1,12,396.2
168,sp2,1,1230.7
168,sp2,2,1180.8
168,sp2,3,115.3
168,sp2,4,84.2
168,sp2,5,465.8
168,sp2,6,240.0
168,sp2,7,1310.8
168,sp2,8,10695.4
168,sp2,9,44031.9
168,sp2,10,49065.0
168,sp2,11,34064.4
168,sp2,12,4863.8
169,sp1,1,2.7
169,sp1,2,6.3
169,sp1,3,5.9
169,sp1,4,1.6
169,sp1,5,4.7
169,sp1,6,4.5
169,sp1,7,80.9
169,sp1,8,7409.2
169,sp1,9,8254.8
169,sp1,10,2932.7
169,sp1,11,1083.8
169,sp1,12,3.1
169,sp2,1,189.3
169,sp2,2,0.2
169,sp2,3,2.0
169,sp2,4,6.2
169,sp2,5,26.5
169,sp2,6,14.8
169,sp2,7,261.1
169,sp2,8,4356.4
169,sp2,9,22812.0
169,sp2,10,4438.1
169,sp2,11,1394.7
169,sp2,12,191.1
17,sp1,1,0.0
17,sp1,2,0.1
17,sp1,3,0.6
17,sp1,4,0.2
17,sp1,5,1.2
17,sp1,6,0.4
17,sp1,7,1.0
17,sp1,8,32.5
17,sp1,9,502.3
17,sp1,10,210.5
17,sp1,11,3.3
17,sp1,12,2.7
17,sp2,1,0.0
17,sp2,2,0.4
17,sp2,3,0.2
17,sp2,4,0.3
17,sp2,5,2.2
17,sp2,6,4.3
17,sp2,7,3.3
17,sp2,8,32.6
17,sp2,9,653.0
17,sp2,10,9.9
17,sp2,11,2.2
17,sp2,12,4.0
170,sp1,1,0.0
170,sp1,2,0.0
170,sp1,3,0.1
170,sp1,4,0.0
170,sp1,5,0.0
170,sp1,6,0.1
170,sp1,7,13.0
170,sp1,8,133.6
170,sp1,9,132.9
170,sp1,10,707.2
170,sp1,11,624.5
170,sp1,12,112.9
170,sp2,1,3.1
170,sp2,2,0.0
170,sp2,3,1.7
170,sp2,4,0.0
170,sp2,5,0.0
170,sp2,6,0.2
170,sp2,7,0.9
170,sp2,8,405.3
170,sp2,9,485.6
170,sp2,10,1426.6
170,sp2,11,57.4
170,sp2,12,244.1
172,sp1,1,0.8
172,sp1,2,0.2
172,sp1,3,8.8
172,sp1,4,0.5
172,sp1,5,0.2
172,sp1,6,1.4
172,sp1,7,14.8
172,sp1,8,100.0
172,sp1,9,11.9
172,sp1,10,74.0
172,sp1,11,1.3
172,sp1,12,0.0
172,sp2,1,6.0
172,sp2,2,0.0
172,sp2,3,0.0
172,sp2,4,0.0
172,sp2,5,0.0
172,sp2,6,0.5
172,sp2,7,4.5
172,sp2,8,10.1
172,sp2,9,116.9
172,sp2,10,10.9
172,sp2,11,42.2
172,sp2,12,1.3
173,sp1,1,345.7
173,sp1,2,94.0
173,sp1,3,6.8
173,sp1,4,0.2
173,sp1,5,0.1
173,sp1,6,0.2
173,sp1,7,5.8
173,sp1,8,74.2
173,sp1,9,462.0
173,sp1,10,3837.9
173,sp1,11,1608.6
173,sp1,12,700.1
173,sp2,1,73.4
173,sp2,2,1.6
173,sp2,3,6.5
173,sp2,4,0.7
173,sp2,5,0.3
173,sp2,6,4.6
173,sp2,7,21.5
173,sp2,8,47.7
173,sp2,9,2356.4
173,sp2,10,6904.5
173,sp2,11,637.3
173,sp2,12,109.6
174,sp1,1,15.1
174,sp1,2,1.5
174,sp1,3,0.0
174,sp1,4,0.3
174,sp1,5,0.6
174,sp1,6,28.9
174,sp1,7,62.6
174,sp1,8,130.4
174,sp1,9,685.7
174,sp1,10,2374.8
174,sp1,11,222.9
174,sp1,12,1.7
174,sp2,1,0.0
174,sp2,2,0.0
174,sp2,3,0.0
174,sp2,4,0.0
174,sp2,5,0.0
174,sp2,6,0.0
174,sp2,7,38.5
174,sp2,8,19.6
174,sp2,9,310.7
174,sp2,10,190.7
174,sp2,11,19.7
174,sp2,12,0.5
175,sp1,1,0.0
175,sp1,2,0.0
175,sp1,3,0.3
175,sp1,4,0.1
175,sp1,5,0.3
175,sp1,6,0.1
175,sp1,7,30.6
175,sp1,8,255.7
175,sp1,9,1607.5
175,sp1,10,136.9
175,sp1,11,2.0
175,sp1,12,0.0
175,sp2,1,0.0
175,sp2,2,0.0
175,sp2,3,0.0
175,sp2,4,0.0
175,sp2,5,0.0
175,sp2,6,0.0
175,sp2,7,12.9
175,sp2,8,182.4
175,sp2,9,836.6
175,sp2,10,723.8
175,sp2,11,1.1
175,sp2,12,0.0
176,sp1,1,2.8
176,sp1,2,2.6
176,sp1,3,0.0
176,sp1,4,0.2
176,sp1,5,57.0
176,sp1,6,31.7
176,sp1,7,234.4
176,sp1,8,842.4
176,sp1,9,1809.0
176,sp1,10,664.1
176,sp1,11,1.2
176,sp1,12,0.2
176,sp2,1,1.2
176,sp2,2,0.0
176,sp2,3,4.6
176,sp2,4,0.1
176,sp2,5,4.6
176,sp2,6,35.7
176,sp2,7,83.5
176,sp2,8,271.9
176,sp2,9,992.4
176,sp2,10,383.2
176,sp2,11,0.3
176,sp2,12,0.0
177,sp1,1,0.0
177,sp1,2,0.3
177,sp1,3,0.0
177,sp1,4,0.0
177,sp1,5,0.0
177,sp1,6,0.0
177,sp1,7,4.0
177,sp1,8,18.6
177,sp1,9,293.9
177,sp1,10,435.8
177,sp1,11,6.0
177,sp1,12,0.0
177,sp2,1,0.0
177,sp2,2,0.1
177,sp2,3,0.0
177,sp2,4,0.0
177,sp2,5,0.0
177,sp2,6,0.0
177,sp2,7,1.4
177,sp2,8,0.4
177,sp2,9,28.7
177,sp2,10,158.0
177,sp2,11,0.9
177,sp2,12,0.0
178,sp1,1,0.1
178,sp1,2,0.0
178,sp1,3,14.5
178,sp1,4,0.7
178,sp1,5,3.7
178,sp1,6,5.2
178,sp1,7,12.6
178,sp1,8,78.7
178,sp1,9,21.7
178,sp1,10,1069.4
178,sp1,11,49.7
178,sp1,12,0.9
178,sp2,1,7.4
178,sp2,2,0.3
178,sp2,3,0.9
178,sp2,4,0.2
178,sp2,5,0.8
178,sp2,6,2.8
178,sp2,7,10.1
178,sp2,8,55.0
178,sp2,9,125.0
178,sp2,10,114.6
178,sp2,11,70.2
178,sp2,12,2.6
179,sp1,1,0.2
179,sp1,2,0.3
179,sp1,3,0.0
179,sp1,4,2.6
179,sp1,5,5.1
179,sp1,6,2.0
179,sp1,7,3.7
179,sp1,8,284.9
179,sp1,9,1287.1
179,sp1,10,315.5
179,sp1,11,11.5
179,sp1,12,7.5
179,sp2,1,0.0
179,sp2,2,0.0
179,sp2,3,0.0
179,sp2,4,0.0
179,sp2,5,0.4
179,sp2,6,0.6
179,sp2,7,2.3
179,sp2,8,775.9
179,sp2,9,1765.3
179,sp2,10,722.7
179,sp2,11,12.3
179,sp2,12,0.1
18,sp1,1,59.1
18,sp1,2,353.9
18,sp1,3,88.4
18,sp1,4,42.7
18,sp1,5,1113.6
18,sp1,6,7413.2
18,sp1,7,26406.4
18,sp1,8,45190.5
18,sp1,9,48754.0
18,sp1,10,10927.4
18,sp1,11,446.9
18,sp1,12,562.3
18,sp2,1,188.6
18,sp2,2,35.1
18,sp2,3,29.4
18,sp2,4,88.3
18,sp2,5,2752.6
18,sp2,6,7463.1
18,sp2,7,14605.0
18,sp2,8,22724.9
18,sp2,9,60473.6
18,sp2,10,10699.3
18,sp2,11,760.2
18,sp2,12,72.9
180,sp1,1,6.9
180,sp1,2,8.8
180,sp1,3,7.5
180,sp1,4,23.4
180,sp1,5,74.4
180,sp1,6,78.6
180,sp1,7,146.0
180,sp1,8,1966.6
180,sp1,9,19107.1
180,sp1,10,25988.4
180,sp1,11,6027.4
180,sp1,12,465.2
180,sp2,1,678.0
180,sp2,2,29.7
180,sp2,3,23.5
180,sp2,4,8.1
180,sp2,5,19.1
180,sp2,6,8.2
180,sp2,7,423.0
180,sp2,8,5679.6
180,sp2,9,45614.2
180,sp2,10,37095.1
180,sp2,11,11077.7
180,sp2,12,455.8
181,sp1,1,39.7
181,sp1,2,7.3
181,sp1,3,0.9
181,sp1,4,0.1
181,sp1,5,0.1
181,sp1,6,0.0
181,sp1,7,16.8
181,sp1,8,11.0
181,sp1,9,47.5
181,sp1,10,434.2
181,sp1,11,192.9
181,sp1,12,33.5
181,sp2,1,0.0
181,sp2,2,0.0
181,sp2,3,0.0
181,sp2,4,0.0
181,sp2,5,0.0
181,sp2,6,0.0
181,sp2,7,0.0
181,sp2,8,12.0
181,sp2,9,47.2
181,sp2,10,24.9
181,sp2,11,39.3
181,sp2,12,0.1
182,sp1,1,72.9
182,sp1,2,8.1
182,sp1,3,2.6
182,sp1,4,1.1
182,sp1,5,0.4
182,sp1,6,0.5
182,sp1,7,15.7
182,sp1,8,142.0
182,sp1,9,6044.1
182,sp1,10,1180.0
182,sp1,11,156.6
182,sp1,12,3.1
182,sp2,1,45.4
182,sp2,2,15.2
182,sp2,3,7.7
182,sp2,4,6.1
182,sp2,5,2.6
182,sp2,6,12.2
182,sp2,7,49.0
182,sp2,8,824.1
182,sp2,9,17873.4
182,sp2,10,15260.0
182,sp2,11,2382.3
182,sp2,12,451.8
183,sp1,1,0.0
183,sp1,2,0.0
183,sp1,3,0.0
183,sp1,4,0.0
183,sp1,5,0.0
183,sp1,6,0.9
183,sp1,7,4.6
183,sp1,8,17.3
183,sp1,9,20.3
183,sp1,10,0.0
183,sp1,11,1.3
183,sp1,12,0.0
183,sp2,1,0.0
183,sp2,2,0.0
183,sp2,3,0.0
183,sp2,4,0.0
183,sp2,5,0.0
183,sp2,6,1.6
183,sp2,7,2.7
183,sp2,8,5.8
183,sp2,9,53.7
183,sp2,10,32.7
183,sp2,11,0.0
183,sp2,12,0.0
184,sp1,1,0.0
184,sp1,2,0.1
184,sp1,3,0.3
184,sp1,4,0.0
184,sp1,5,0.6
184,sp1,6,1.2
184,sp1,7,6.4
184,sp1,8,249.4
184,sp1,9,266.4
184,sp1,10,3329.2
184,sp1,11,41.1
184,sp1,12,0.0
184,sp2,1,0.0
184,sp2,2,0.0
184,sp2,3,0.0
184,sp2,4,0.0
184,sp2,5,0.0
184,sp2,6,0.0
184,sp2,7,2.8
184,sp2,8,14.4
184,sp2,9,169.9
184,sp2,10,668.8
184,sp2,11,19.7
184,sp2,12,1.4
185,sp1,1,5.1
185,sp1,2,2.1
185,sp1,3,9.2
185,sp1,4,0.6
185,sp1,5,1.0
185,sp1,6,1.6
185,sp1,7,65.4
185,sp1,8,252.5
185,sp1,9,2194.0
185,sp1,10,1985.2
185,sp1,11,412.6
185,sp1,12,66.0
185,sp2,1,13.9
185,sp2,2,10.5
185,sp2,3,43.7
185,sp2,4,23.3
185,sp2,5,2.1
185,sp2,6,4.3
185,sp2,7,29.0
185,sp2,8,4333.4
185,sp2,9,19251.0
185,sp2,10,10575.6
185,sp2,11,889.6
185,sp2,12,36.1
186,sp1,1,1.4
186,sp1,2,0.0
186,sp1,3,0.0
186,sp1,4,0.0
186,sp1,5,0.0
186,sp1,6,0.2
186,sp1,7,4.2
186,sp1,8,207.2
186,sp1,9,251.2
186,sp1,10,733.5
186,sp1,11,86.4
186,sp1,12,0.0
186,sp2,1,12.4
186,sp2,2,0.0
186,sp2,3,0.0
186,sp2,4,0.0
186,sp2,5,0.0
186,sp2,6,0.7
186,sp2,7,2.7
186,sp2,8,192.9
186,sp2,9,1066.3
186,sp2,10,1922.6
186,sp2,11,67.6
186,sp2,12,19.9
187,sp1,1,6.5
187,sp1,2,9.4
187,sp1,3,0.9
187,sp1,4,1.5
187,sp1,5,0.9
187,sp1,6,2.3
187,sp1,7,6.4
187,sp1,8,93.0
187,sp1,9,93.1
187,sp1,10,1149.7
187,sp1,11,175.4
187,sp1,12,6.2
187,sp2,1,16.2
187,sp2,2,0.0
187,sp2,3,0.0
187,sp2,4,0.0
187,sp2,5,0.0
187,sp2,6,0.2
187,sp2,7,0.0
187,sp2,8,174.4
187,sp2,9,157.4
187,sp2,10,173.1
187,sp2,11,72.6
187,sp2,12,67.4
188,sp1,1,6.0
188,sp1,2,13.7
188,sp1,3,0.0
188,sp1,4,0.2
188,sp1,5,3.9
188,sp1,6,13.4
188,sp1,7,48.8
188,sp1,8,291.1
188,sp1,9,1120.0
188,sp1,10,4014.0
188,sp1,11,315.4
188,sp1,12,4.8
188,sp2,1,0.5
188,sp2,2,0.0
188,sp2,3,0.1
188,sp2,4,0.2
188,sp2,5,4.5
188,sp2,6,0.9
188,sp2,7,2.7
188,sp2,8,9.0
188,sp2,9,6923.0
188,sp2,10,2086.1
188,sp2,11,403.2
188,sp2,12,44.0
189,sp1,1,44.2
189,sp1,2,4.4
189,sp1,3,9.6
189,sp1,4,5.4
189,sp1,5,20.4
189,sp1,6,34.3
189,sp1,7,73.1
189,sp1,8,541.8
189,sp1,9,3955.6
189,sp1,10,5130.0
189,sp1,11,9451.3
189,sp1,12,622.1
189,sp2,1,1153.1
189,sp2,2,140.7
189,sp2,3,56.3
189,sp2,4,10.2
189,sp2,5,34.7
189,sp2,6,72.7
189,sp2,7,387.3
189,sp2,8,11396.9
189,sp2,9,53079.4
189,sp2,10,32189.3
189,sp2,11,17508.0
189,sp2,12,1284.9
19,sp1,1,2928.0
19,sp1,2,133.2
19,sp1,3,34.2
19,sp1,4,86.3
19,sp1,5,1337.0
19,sp1,6,8455.2
19,sp1,7,28292.0
19,sp1,8,94026.0
19,sp1,9,86514.5
19,sp1,10,73118.4
19,sp1,11,14117.8
19,sp1,12,1213.8
19,sp2,1,634.5
19,sp2,2,94.8
19,sp2,3,55.3
19,sp2,4,184.4
19,sp2,5,2121.9
19,sp2,6,11108.2
19,sp2,7,19202.3
19,sp2,8,44392.2
19,sp2,9,102360.5
19,sp2,10,59409.1
19,sp2,11,5071.6
19,sp2,12,564.7
190,sp1,1,0.0
190,sp1,2,1.7
190,sp1,3,0.0
190,sp1,4,0.0
190,sp1,5,0.1
190,sp1,6,12.3
190,sp1,7,10.4
190,sp1,8,217.3
190,sp1,9,386.9
190,sp1,10,222.0
190,sp1,11,2.9
190,sp1,12,0.5
190,sp2,1,0.0
190,sp2,2,0.0
190,sp2,3,0.0
190,sp2,4,0.0
190,sp2,5,0.1
190,sp2,6,1.6
190,sp2,7,11.4
190,sp2,8,10.4
190,sp2,9,494.1
190,sp2,10,26.4
190,sp2,11,9.9
190,sp2,12,3.0
191,sp1,1,0.0
191,sp1,2,0.0
191,sp1,3,0.0
191,sp1,4,0.0
191,sp1,5,0.0
191,sp1,6,0.0
191,sp1,7,0.0
191,sp1,8,0.0
191,sp1,9,12.1
191,sp1,10,2.0
191,sp1,11,0.0
191,sp1,12,0.0
191,sp2,1,0.0
191,sp2,2,0.0
191,sp2,3,0.0
191,sp2,4,0.0
191,sp2,5,0.0
191,sp2,6,0.0
191,sp2,7,0.1
191,sp2,8,0.0
191,sp2,9,235.7
191,sp2,10,139.1
191,sp2,11,0.0
191,sp2,12,0.0
192,sp1,1,0.0
192,sp1,2,0.1
192,sp1,3,0.0
192,sp1,4,0.1
192,sp1,5,0.0
192,sp1,6,0.0
192,sp1,7,0.0
192,sp1,8,914.0
192,sp1,9,180.5
192,sp1,10,0.6
192,sp1,11,10.4
192,sp1,12,0.0
192,sp2,1,0.0
192,sp2,2,0.0
192,sp2,3,0.0
192,sp2,4,0.0
192,sp2,5,0.0
192,sp2,6,0.0
192,sp2,7,4.9
192,sp2,8,58.8
192,sp2,9,475.7
192,sp2,10,44.1
192,sp2,11,0.0
192,sp2,12,0.0
193,sp1,1,0.0
193,sp1,2,0.0
193,sp1,3,0.0
193,sp1,4,0.0
193,sp1,5,0.4
193,sp1,6,0.0
193,sp1,7,0.2
193,sp1,8,11.9
193,sp1,9,5.5
193,sp1,10,4.3
193,sp1,11,0.0
193,sp1,12,0.0
193,sp2,1,0.0
193,sp2,2,0.0
193,sp2,3,0.0
193,sp2,4,0.0
193,sp2,5,0.0
193,sp2,6,2.1
193,sp2,7,2.0
193,sp2,8,29.3
193,sp2,9,3.3
193,sp2,10,10.8
193,sp2,11,0.0
193,sp2,12,0.0
194,sp1,1,0.0
194,sp1,2,0.0
194,sp1,3,0.0
194,sp1,4,0.0
194,sp1,5,0.0
194,sp1,6,0.0
194,sp1,7,0.0
194,sp1,8,0.9
194,sp1,9,33.3
194,sp1,10,1.0
194,sp1,11,0.0
194,sp1,12,0.0
194,sp2,1,0.0
194,sp2,2,0.0
194,sp2,3,0.0
194,sp2,4,0.0
194,sp2,5,0.0
194,sp2,6,0.0
194,sp2,7,0.0
194,sp2,8,0.0
194,sp2,9,7.9
194,sp2,10,133.6
194,sp2,11,0.0
194,sp2,12,0.0
195,sp1,1,1.3
195,sp1,2,0.9
195,sp1,3,0.1
195,sp1,4,1.5
195,sp1,5,37.3
195,sp1,6,198.6
195,sp1,7,456.4
195,sp1,8,648.9
195,sp1,9,6350.9
195,sp1,10,1239.6
195,sp1,11,156.0
195,sp1,12,24.1
195,sp2,1,2.5
195,sp2,2,0.7
195,sp2,3,0.5
195,sp2,4,0.4
195,sp2,5,0.6
195,sp2,6,3.8
195,sp2,7,113.9
195,sp2,8,897.5
195,sp2,9,3138.8
195,sp2,10,282.7
195,sp2,11,191.4
195,sp2,12,8.6
196,sp1,1,0.1
196,sp1,2,0.1
196,sp1,3,0.0
196,sp1,4,0.0
196,sp1,5,0.0
196,sp1,6,0.0
196,sp1,7,0.9
196,sp1,8,5.8
196,sp1,9,126.0
196,sp1,10,264.4
196,sp1,11,25.7
196,sp1,12,0.0
196,sp2,1,0.0
196,sp2,2,0.0
196,sp2,3,0.0
196,sp2,4,0.0
196,sp2,5,0.0
196,sp2,6,0.4
196,sp2,7,5.1
196,sp2,8,25.6
196,sp2,9,253.2
196,sp2,10,32.2
196,sp2,11,3.8
196,sp2,12,0.0
197,sp1,1,0.0
197,sp1,2,0.2
197,sp1,3,0.0
197,sp1,4,0.0
197,sp1,5,4.7
197,sp1,6,199.2
197,sp1,7,475.7
197,sp1,8,1987.1
197,sp1,9,1947.6
197,sp1,10,878.4
197,sp1,11,104.3
197,sp1,12,0.4
197,sp2,1,2.7
197,sp2,2,0.0
197,sp2,3,3.2
197,sp2,4,1.9
197,sp2,5,0.2
197,sp2,6,103.5
197,sp2,7,695.7
197,sp2,8,1968.5
197,sp2,9,1669.9
197,sp2,10,1620.7
197,sp2,11,1.2
197,sp2,12,0.1
198,sp1,1,0.0
198,sp1,2,0.0
198,sp1,3,0.0
198,sp1,4,0.0
198,sp1,5,0.0
198,sp1,6,0.0
198,sp1,7,0.6
198,sp1,8,1.0
198,sp1,9,12.9
198,sp1,10,1.5
198,sp1,11,0.0
198,sp1,12,0.0
198,sp2,1,0.0
198,sp2,2,0.0
198,sp2,3,0.0
198,sp2,4,0.0
198,sp2,5,0.0
198,sp2,6,0.0
198,sp2,7,6.4
198,sp2,8,2.2
198,sp2,9,0.6
198,sp2,10,0.2
198,sp2,11,0.0
198,sp2,12,0.0
199,sp1,1,12.2
199,sp1,2,0.3
199,sp1,3,0.0
199,sp1,4,0.2
199,sp1,5,2.8
199,sp1,6,10.0
199,sp1,7,100.4
199,sp1,8,832.7
199,sp1,9,4023.7
199,sp1,10,1686.7
199,sp1,11,52.7
199,sp1,12,1.4
199,sp2,1,21.9
199,sp2,2,1.0
199,sp2,3,0.5
199,sp2,4,0.1
199,sp2,5,11.3
199,sp2,6,25.1
199,sp2,7,12.8
199,sp2,8,348.6
199,sp2,9,7107.8
199,sp2,10,3623.3
199,sp2,11,725.9
199,sp2,12,67.3
2,sp1,1,570.7
2,sp1,2,48.5
2,sp1,3,0.6
2,sp1,4,0.4
2,sp1,5,2.9
2,sp1,6,12.4
2,sp1,7,216.6
2,sp1,8,3493.1
2,sp1,9,10151.6
2,sp1,10,7129.7
2,sp1,11,3398.9
2,sp1,12,1349.8
2,sp2,1,135.5
2,sp2,2,8.6
2,sp2,3,1.0
2,sp2,4,5.2
2,sp2,5,10.0
2,sp2,6,21.1
2,sp2,7,262.2
2,sp2,8,3131.3
2,sp2,9,11873.2
2,sp2,10,8867.5
2,sp2,11,3688.2
2,sp2,12,743.3
20,sp1,1,1593.0
20,sp1,2,13.4
20,sp1,3,18.3
20,sp1,4,57.0
20,sp1,5,248.2
20,sp1,6,1902.4
20,sp1,7,9594.1
20,sp1,8,43009.0
20,sp1,9,86284.4
20,sp1,10,97811.6
20,sp1,11,13494.5
20,sp1,12,2149.8
20,sp2,1,1510.0
20,sp2,2,213.9
20,sp2,3,53.4
20,sp2,4,82.7
20,sp2,5,707.2
20,sp2,6,2370.0
20,sp2,7,6889.0
20,sp2,8,25939.5
20,sp2,9,98061.6
20,sp2,10,68652.2
20,sp2,11,7650.8
20,sp2,12,1066.1
200,sp1,1,1.1
200,sp1,2,0.1
200,sp1,3,0.0
200,sp1,4,0.0
200,sp1,5,0.0
200,sp1,6,0.5
200,sp1,7,64.2
200,sp1,8,184.6
200,sp1,9,351.5
200,sp1,10,201.8
200,sp1,11,0.3
200,sp1,12,1.7
200,sp2,1,0.0
200,sp2,2,0.0
200,sp2,3,0.0
200,sp2,4,0.3
200,sp2,5,2.4
200,sp2,6,49.2
200,sp2,7,41.0
200,sp2,8,5.6
200,sp2,9,962.4
200,sp2,10,195.5
200,sp2,11,6.8
200,sp2,12,0.0
201,sp1,1,0.3
201,sp1,2,0.0
201,sp1,3,0.0
201,sp1,4,0.0
201,sp1,5,13.3
201,sp1,6,38.1
201,sp1,7,201.2
201,sp1,8,522.6
201,sp1,9,860.6
201,sp1,10,1334.6
201,sp1,11,6.4
201,sp1,12,0.0
201,sp2,1,24.2
201,sp2,2,0.0
201,sp2,3,0.5
201,sp2,4,0.0
201,sp2,5,25.9
201,sp2,6,15.6
201,sp2,7,39.7
201,sp2,8,266.2
201,sp2,9,376.9
201,sp2,10,198.6
201,sp2,11,80.4
201,sp2,12,6.2
202,sp1,1,0.0
202,sp1,2,0.0
202,sp1,3,0.0
202,sp1,4,0.0
202,sp1,5,0.0
202,sp1,6,3.7
202,sp1,7,0.2
202,sp1,8,2.1
202,sp1,9,23.1
202,sp1,10,125.7
202,sp1,11,19.3
202,sp1,12,0.0
202,sp2,1,0.0
202,sp2,2,0.0
202,sp2,3,0.0
202,sp2,4,0.0
202,sp2,5,0.0
202,sp2,6,1.4
202,sp2,7,0.8
202,sp2,8,564.7
202,sp2,9,132.5
202,sp2,10,525.0
202,sp2,11,29.0
202,sp2,12,0.2
203,sp1,1,0.0
203,sp1,2,25.4
203,sp1,3,68.5
203,sp1,4,1.4
203,sp1,5,0.0
203,sp1,6,0.1
203,sp1,7,190.0
203,sp1,8,561.9
203,sp1,9,1044.9
203,sp1,10,902.6
203,sp1,11,0.8
203,sp1,12,12.3
203,sp2,1,0.0
203,sp2,2,0.0
203,sp2,3,0.0
203,sp2,4,0.0
203,sp2,5,0.0
203,sp2,6,1.4
203,sp2,7,21.0
203,sp2,8,113.8
203,sp2,9,388.1
203,sp2,10,432.2
203,sp2,11,5.7
203,sp2,12,0.0
204,sp1,1,0.0
204,sp1,2,0.0
204,sp1,3,0.0
204,sp1,4,0.0
204,sp1,5,0.0
204,sp1,6,0.0
204,sp1,7,5.8
204,sp1,8,29.4
204,sp1,9,59.9
204,sp1,10,5.6
204,sp1,11,1.0
204,sp1,12,0.0
204,sp2,1,0.0
204,sp2,2,0.0
204,sp2,3,0.0
204,sp2,4,0.0
204,sp2,5,0.0
204,sp2,6,0.0
204,sp2,7,0.0
204,sp2,8,0.8
204,sp2,9,13.2
204,sp2,10,8.2
204,sp2,11,0.0
204,sp2,12,0.1
205,sp1,1,82.7
205,sp1,2,0.3
205,sp1,3,0.5
205,sp1,4,3.3
205,sp1,5,3.7
205,sp1,6,13.2
205,sp1,7,62.9
205,sp1,8,134.8
205,sp1,9,7622.6
205,sp1,10,4617.7
205,sp1,11,101.9
205,sp1,12,3.8
205,sp2,1,236.9
205,sp2,2,6.6
205,sp2,3,3.1
205,sp2,4,1.5
205,sp2,5,7.4
205,sp2,6,11.0
205,sp2,7,302.5
205,sp2,8,223.7
205,sp2,9,3611.7
205,sp2,10,9225.4
205,sp2,11,8892.3
205,sp2,12,246.5
206,sp1,1,0.0
206,sp1,2,0.2
206,sp1,3,0.0
206,sp1,4,0.1
206,sp1,5,1.8
206,sp1,6,43.6
206,sp1,7,121.8
206,sp1,8,220.6
206,sp1,9,417.2
206,sp1,10,191.4
206,sp1,11,8.5
206,sp1,12,0.0
206,sp2,1,0.0
206,sp2,2,0.0
206,sp2,3,0.0
206,sp2,4,0.0
206,sp2,5,0.0
206,sp2,6,0.2
206,sp2,7,0.0
206,sp2,8,1.0
206,sp2,9,1151.3
206,sp2,10,85.1
206,sp2,11,29.9
206,sp2,12,0.0
207,sp1,1,0.0
207,sp1,2,0.1
207,sp1,3,0.0
207,sp1,4,0.0
207,sp1,5,2.4
207,sp1,6,0.3
207,sp1,7,0.0
207,sp1,8,27.1
207,sp1,9,1062.0
207,sp1,10,104.5
207,sp1,11,1.8
207,sp1,12,0.0
207,sp2,1,0.0
207,sp2,2,0.0
207,sp2,3,0.0
207,sp2,4,0.0
207,sp2,5,0.0
207,sp2,6,0.0
207,sp2,7,0.0
207,sp2,8,0.0
207,sp2,9,174.7
207,sp2,10,24.0
207,sp2,11,0.0
207,sp2,12,0.0
208,sp1,1,0.0
208,sp1,2,0.0
208,sp1,3,0.0
208,sp1,4,0.0
208,sp1,5,0.2
208,sp1,6,0.0
208,sp1,7,0.1
208,sp1,8,40.3
208,sp1,9,234.3
208,sp1,10,1289.9
208,sp1,11,38.4
208,sp1,12,0.3
208,sp2,1,0.0
208,sp2,2,0.0
208,sp2,3,0.1
208,sp2,4,0.0
208,sp2,5,0.0
208,sp2,6,0.0
208,sp2,7,7.4
208,sp2,8,9.3
208,sp2,9,604.9
208,sp2,10,358.6
208,sp2,11,8.8
208,sp2,12,0.2
209,sp1,1,1.5
209,sp1,2,0.0
209,sp1,3,0.1
209,sp1,4,0.0
209,sp1,5,0.2
209,sp1,6,0.9
209,sp1,7,10.3
209,sp1,8,104.3
209,sp1,9,469.6
209,sp1,10,525.5
209,sp1,11,189.0
209,sp1,12,0.9
209,sp2,1,0.1
209,sp2,2,0.1
209,sp2,3,13.2
209,sp2,4,0.2
209,sp2,5,3.8
209,sp2,6,2.8
209,sp2,7,62.2
209,sp2,8,253.3
209,sp2,9,7521.4
209,sp2,10,2175.2
209,sp2,11,111.5
209,sp2,12,3.1
21,sp1,1,2.1
21,sp1,2,0.4
21,sp1,3,4.7
21,sp1,4,2.3
21,sp1,5,83.0
21,sp1,6,416.5
21,sp1,7,1940.3
21,sp1,8,7538.9
21,sp1,9,11868.0
21,sp1,10,4273.4
21,sp1,11,384.5
21,sp1,12,24.6
21,sp2,1,2.4
21,sp2,2,1.1
21,sp2,3,5.1
21,sp2,4,11.1
21,sp2,5,57.6
21,sp2,6,563.9
21,sp2,7,1751.4
21,sp2,8,4815.8
21,sp2,9,10380.0
21,sp2,10,6749.3
21,sp2,11,25.9
21,sp2,12,1.3
210,sp1,1,0.0
210,sp1,2,8.4
210,sp1,3,1.1
210,sp1,4,0.0
210,sp1,5,0.0
210,sp1,6,0.3
210,sp1,7,2.0
210,sp1,8,28.8
210,sp1,9,65.8
210,sp1,10,297.1
210,sp1,11,52.2
210,sp1,12,0.0
210,sp2,1,0.0
210,sp2,2,0.0
210,sp2,3,0.0
210,sp2,4,0.0
210,sp2,5,0.0
210,sp2,6,1.8
210,sp2,7,17.0
210,sp2,8,282.0
210,sp2,9,476.3
210,sp2,10,235.5
210,sp2,11,62.6
210,sp2,12,3.8
211,sp1,1,1.4
211,sp1,2,1.3
211,sp1,3,0.0
211,sp1,4,0.0
211,sp1,5,0.3
211,sp1,6,30.3
211,sp1,7,121.2
211,sp1,8,665.1
211,sp1,9,956.4
211,sp1,10,1268.7
211,sp1,11,39.4
211,sp1,12,0.2
211,sp2,1,0.0
211,sp2,2,5.4
211,sp2,3,12.2
211,sp2,4,7.3
211,sp2,5,4.7
211,sp2,6,104.5
211,sp2,7,229.9
211,sp2,8,2375.7
211,sp2,9,3685.9
211,sp2,10,1307.0
211,sp2,11,73.1
211,sp2,12,9.1
212,sp1,1,2.7
212,sp1,2,6.1
212,sp1,3,0.0
212,sp1,4,4.2
212,sp1,5,19.3
212,sp1,6,3.6
212,sp1,7,24.0
212,sp1,8,317.7
212,sp1,9,862.2
212,sp1,10,379.1
212,sp1,11,3.9
212,sp1,12,0.0
212,sp2,1,0.0
212,sp2,2,0.4
212,sp2,3,19.5
212,sp2,4,0.2
212,sp2,5,0.0
212,sp2,6,27.9
212,sp2,7,86.7
212,sp2,8,80.3
212,sp2,9,567.5
212,sp2,10,1155.9
212,sp2,11,13.9
212,sp2,12,0.0
213,sp1,1,0.0
213,sp1,2,0.0
213,sp1,3,0.0
213,sp1,4,0.0
213,sp1,5,0.0
213,sp1,6,0.0
213,sp1,7,9.6
213,sp1,8,51.2
213,sp1,9,182.7
213,sp1,10,11.3
213,sp1,11,1.5
213,sp1,12,0.0
213,sp2,1,0.0
213,sp2,2,0.0
213,sp2,3,0.0
213,sp2,4,0.0
213,sp2,5,0.0
213,sp2,6,4.1
213,sp2,7,10.6
213,sp2,8,9.2
213,sp2,9,727.1
213,sp2,10,49.7
213,sp2,11,2.2
213,sp2,12,0.9
214,sp1,1,0.1
214,sp1,2,0.0
214,sp1,3,0.0
214,sp1,4,0.4
214,sp1,5,3.7
214,sp1,6,4.3
214,sp1,7,10.6
214,sp1,8,169.3
214,sp1,9,505.9
214,sp1,10,161.8
214,sp1,11,18.4
214,sp1,12,0.0
214,sp2,1,0.0
214,sp2,2,0.0
214,sp2,3,0.0
214,sp2,4,0.0
214,sp2,5,0.0
214,sp2,6,0.0
214,sp2,7,30.0
214,sp2,8,73.2
214,sp2,9,402.1
214,sp2,10,240.8
214,sp2,11,1.4
214,sp2,12,0.0
215,sp1,1,18.3
215,sp1,2,5.6
215,sp1,3,3.1
215,sp1,4,0.0
215,sp1,5,0.0
215,sp1,6,0.1
215,sp1,7,1.0
215,sp1,8,0.4
215,sp1,9,2.3
215,sp1,10,904.2
215,sp1,11,42.6
215,sp1,12,14.9
215,sp2,1,0.0
215,sp2,2,0.0
215,sp2,3,0.0
215,sp2,4,1.2
215,sp2,5,0.6
215,sp2,6,0.4
215,sp2,7,2.0
215,sp2,8,69.0
215,sp2,9,17.3
215,sp2,10,3713.7
215,sp2,11,35.6
215,sp2,12,18.4
216,sp1,1,21.8
216,sp1,2,0.0
216,sp1,3,0.3
216,sp1,4,0.6
216,sp1,5,6.8
216,sp1,6,40.2
216,sp1,7,393.5
216,sp1,8,1710.1
216,sp1,9,6509.3
216,sp1,10,1405.6
216,sp1,11,898.3
216,sp1,12,129.2
216,sp2,1,12.2
216,sp2,2,0.0
216,sp2,3,1.3
216,sp2,4,0.2
216,sp2,5,13.1
216,sp2,6,29.3
216,sp2,7,12.8
216,sp2,8,367.2
216,sp2,9,1956.4
216,sp2,10,196.9
216,sp2,11,79.6
216,sp2,12,209.5
217,sp1,1,0.0
217,sp1,2,0.0
217,sp1,3,0.0
217,sp1,4,0.5
217,sp1,5,0.0
217,sp1,6,0.0
217,sp1,7,9.1
217,sp1,8,34.2
217,sp1,9,194.5
217,sp1,10,71.4
217,sp1,11,0.1
217,sp1,12,4.0
217,sp2,1,0.0
217,sp2,2,0.0
217,sp2,3,0.0
217,sp2,4,0.0
217,sp2,5,0.1
217,sp2,6,0.0
217,sp2,7,0.3
217,sp2,8,27.2
217,sp2,9,487.3
217,sp2,10,13.4
217,sp2,11,0.1
217,sp2,12,1.4
218,sp1,1,100.7
218,sp1,2,10.1
218,sp1,3,18.6
218,sp1,4,23.2
218,sp1,5,62.7
218,sp1,6,318.7
218,sp1,7,1461.4
218,sp1,8,4440.2
218,sp1,9,5252.2
218,sp1,10,6570.4
218,sp1,11,2573.7
218,sp1,12,104.0
218,sp2,1,117.7
218,sp2,2,6.8
218,sp2,3,63.3
218,sp2,4,41.1
218,sp2,5,129.9
218,sp2,6,981.4
218,sp2,7,3157.6
218,sp2,8,8547.4
218,sp2,9,14672.8
218,sp2,10,5428.8
218,sp2,11,380.0
218,sp2,12,84.8
219,sp1,1,33.1
219,sp1,2,14.9
219,sp1,3,3.8
219,sp1,4,9.7
219,sp1,5,11.8
219,sp1,6,98.2
219,sp1,7,1353.7
219,sp1,8,4963.2
219,sp1,9,6471.6
219,sp1,10,6706.4
219,sp1,11,332.2
219,sp1,12,66.8
219,sp2,1,15.8
219,sp2,2,30.7
219,sp2,3,10.5
219,sp2,4,28.9
219,sp2,5,57.8
219,sp2,6,349.1
219,sp2,7,3227.6
219,sp2,8,12154.3
219,sp2,9,17681.1
219,sp2,10,7094.7
219,sp2,11,429.6
219,sp2,12,33.3
22,sp1,1,7999.0
22,sp1,2,151.1
22,sp1,3,29.1
22,sp1,4,30.4
22,sp1,5,766.4
22,sp1,6,6331.3
22,sp1,7,17592.8
22,sp1,8,43367.5
22,sp1,9,106237.4
22,sp1,10,146561.2
22,sp1,11,7375.2
22,sp1,12,4660.3
22,sp2,1,7766.2
22,sp2,2,536.6
22,sp2,3,88.5
22,sp2,4,72.0
22,sp2,5,869.7
22,sp2,6,7023.5
22,sp2,7,17925.9
22,sp2,8,33733.5
22,sp2,9,117791.7
22,sp2,10,145107.5
22,sp2,11,21390.4
22,sp2,12,1258.2
220,sp1,1,4.4
220,sp1,2,1.7
220,sp1,3,1.0
220,sp1,4,4.5
220,sp1,5,18.7
220,sp1,6,8.1
220,sp1,7,167.1
220,sp1,8,99.2
220,sp1,9,20540.4
220,sp1,10,3046.1
220,sp1,11,230.1
220,sp1,12,6.4
220,sp2,1,54.2
220,sp2,2,0.0
220,sp2,3,0.7
220,sp2,4,0.0
220,sp2,5,0.1
220,sp2,6,0.1
220,sp2,7,19.9
220,sp2,8,60.2
220,sp2,9,6270.7
220,sp2,10,4071.2
220,sp2,11,1834.3
220,sp2,12,194.4
221,sp1,1,25.6
221,sp1,2,8.0
221,sp1,3,29.8
221,sp1,4,10.8
221,sp1,5,36.6
221,sp1,6,409.8
221,sp1,7,2011.1
221,sp1,8,4985.8
221,sp1,9,1557.7
221,sp1,10,4808.9
221,sp1,11,41.4
221,sp1,12,25.0
221,sp2,1,3.8
221,sp2,2,1.3
221,sp2,3,1.5
221,sp2,4,0.5
221,sp2,5,23.9
221,sp2,6,325.1
221,sp2,7,922.7
221,sp2,8,3350.9
221,sp2,9,3144.4
221,sp2,10,5178.0
221,sp2,11,47.6
221,sp2,12,25.4
222,sp1,1,0.0
222,sp1,2,0.0
222,sp1,3,0.0
222,sp1,4,0.0
222,sp1,5,0.0
222,sp1,6,0.0
222,sp1,7,0.0
222,sp1,8,0.9
222,sp1,9,26.9
222,sp1,10,41.3
222,sp1,11,0.7
222,sp1,12,0.1
222,sp2,1,0.0
222,sp2,2,0.0
222,sp2,3,0.0
222,sp2,4,0.1
222,sp2,5,0.0
222,sp2,6,0.4
222,sp2,7,1.4
222,sp2,8,167.8
222,sp2,9,37.1
222,sp2,10,419.5
222,sp2,11,8.9
222,sp2,12,0.2
223,sp1,1,47.4
223,sp1,2,20.4
223,sp1,3,300.5
223,sp1,4,23.3
223,sp1,5,115.1
223,sp1,6,188.2
223,sp1,7,1245.1
223,sp1,8,4565.3
223,sp1,9,5748.4
223,sp1,10,4238.8
223,sp1,11,157.5
223,sp1,12,20.3
223,sp2,1,2.1
223,sp2,2,1.3
223,sp2,3,38.1
223,sp2,4,203.0
223,sp2,5,31.5
223,sp2,6,243.1
223,sp2,7,408.6
223,sp2,8,1179.9
223,sp2,9,3390.9
223,sp2,10,1913.1
223,sp2,11,264.3
223,sp2,12,12.9
224,sp1,1,1454.3
224,sp1,2,1586.9
224,sp1,3,105.1
224,sp1,4,140.8
224,sp1,5,205.0
224,sp1,6,40.5
224,sp1,7,625.4
224,sp1,8,8595.9
224,sp1,9,7293.9
224,sp1,10,2307.7
224,sp1,11,803.1
224,sp1,12,120.5
224,sp2,1,910.3
224,sp2,2,1377.1
224,sp2,3,802.4
224,sp2,4,986.3
224,sp2,5,292.4
224,sp2,6,816.1
224,sp2,7,2138.4
224,sp2,8,10429.8
224,sp2,9,5607.1
224,sp2,10,30274.0
224,sp2,11,19282.6
224,sp2,12,518.8
225,sp1,1,0.3
225,sp1,2,0.0
225,sp1,3,0.2
225,sp1,4,0.0
225,sp1,5,0.1
225,sp1,6,0.3
225,sp1,7,3.5
225,sp1,8,44.8
225,sp1,9,533.1
225,sp1,10,84.7
225,sp1,11,7.4
225,sp1,12,53.1
225,sp2,1,0.0
225,sp2,2,0.0
225,sp2,3,5.3
225,sp2,4,0.7
225,sp2,5,7.7
225,sp2,6,0.0
225,sp2,7,0.3
225,sp2,8,5.5
225,sp2,9,76.9
225,sp2,10,74.5
225,sp2,11,13.9
225,sp2,12,3.2
226,sp1,1,0.0
226,sp1,2,0.0
226,sp1,3,0.0
226,sp1,4,0.0
226,sp1,5,0.0
226,sp1,6,0.0
226,sp1,7,0.0
226,sp1,8,0.0
226,sp1,9,0.0
226,sp1,10,0.0
226,sp1,11,0.0
226,sp1,12,0.0
226,sp2,1,0.0
226,sp2,2,0.0
226,sp2,3,0.0
226,sp2,4,0.0
226,sp2,5,0.0
226,sp2,6,0.0
226,sp2,7,0.0
226,sp2,8,0.0
226,sp2,9,0.0
226,sp2,10,0.0
226,sp2,11,0.0
226,sp2,12,0.0
227,sp1,1,0.0
227,sp1,2,0.0
227,sp1,3,0.0
227,sp1,4,0.0
227,sp1,5,0.0
227,sp1,6,0.4
227,sp1,7,21.9
227,sp1,8,22.4
227,sp1,9,1.1
227,sp1,10,40.8
227,sp1,11,0.0
227,sp1,12,0.0
227,sp2,1,0.0
227,sp2,2,0.0
227,sp2,3,0.0
227,sp2,4,0.1
227,sp2,5,0.1
227,sp2,6,0.0
227,sp2,7,8.7
227,sp2,8,10.4
227,sp2,9,1519.3
227,sp2,10,450.5
227,sp2,11,38.4
227,sp2,12,0.0
228,sp1,1,0.0
228,sp1,2,0.0
228,sp1,3,0.0
228,sp1,4,0.0
228,sp1,5,0.0
228,sp1,6,0.0
228,sp1,7,0.8
228,sp1,8,72.6
228,sp1,9,202.2
228,sp1,10,58.8
228,sp1,11,0.0
228,sp1,12,0.0
228,sp2,1,0.0
228,sp2,2,0.0
228,sp2,3,0.0
228,sp2,4,0.0
228,sp2,5,0.0
228,sp2,6,0.3
228,sp2,7,7.1
228,sp2,8,6.6
228,sp2,9,42.1
228,sp2,10,41.4
228,sp2,11,30.0
228,sp2,12,0.0
229,sp1,1,118.6
229,sp1,2,13.8
229,sp1,3,16.3
229,sp1,4,5.7
229,sp1,5,8.4
229,sp1,6,15.8
229,sp1,7,121.3
229,sp1,8,4290.3
229,sp1,9,5263.4
229,sp1,10,1443.4
229,sp1,11,901.7
229,sp1,12,270.5
229,sp2,1,457.2
229,sp2,2,104.3
229,sp2,3,45.2
229,sp2,4,47.8
229,sp2,5,161.6
229,sp2,6,89.4
229,sp2,7,2097.3
229,sp2,8,1834.8
229,sp2,9,4163.7
229,sp2,10,2174.3
229,sp2,11,1819.1
229,sp2,12,253.8
23,sp1,1,53864.1
23,sp1,2,9657.4
23,sp1,3,117.0
23,sp1,4,394.7
23,sp1,5,802.6
23,sp1,6,2531.0
23,sp1,7,9191.5
23,sp1,8,36235.8
23,sp1,9,89902.5
23,sp1,10,88183.1
23,sp1,11,19750.6
23,sp1,12,14755.0
23,sp2,1,15898.4
23,sp2,2,4030.8
23,sp2,3,264.7
23,sp2,4,309.1
23,sp2,5,1004.0
23,sp2,6,2847.1
23,sp2,7,9980.4
23,sp2,8,25529.0
23,sp2,9,98269.1
23,sp2,10,136692.1
23,sp2,11,18381.7
23,sp2,12,5420.5
230,sp1,1,8.4
230,sp1,2,0.9
230,sp1,3,10.0
230,sp1,4,10.3
230,sp1,5,2.6
230,sp1,6,1.0
230,sp1,7,20.0
230,sp1,8,155.1
230,sp1,9,172.2
230,sp1,10,1337.7
230,sp1,11,140.4
230,sp1,12,0.3
230,sp2,1,0.0
230,sp2,2,0.0
230,sp2,3,0.0
230,sp2,4,0.0
230,sp2,5,0.2
230,sp2,6,0.9
230,sp2,7,20.6
230,sp2,8,83.6
230,sp2,9,134.8
230,sp2,10,302.4
230,sp2,11,7.4
230,sp2,12,0.0
231,sp1,1,0.0
231,sp1,2,1.8
231,sp1,3,0.0
231,sp1,4,109.1
231,sp1,5,65.8
231,sp1,6,5.3
231,sp1,7,411.2
231,sp1,8,2115.8
231,sp1,9,1721.3
231,sp1,10,510.3
231,sp1,11,3.5
231,sp1,12,0.0
231,sp2,1,8.0
231,sp2,2,0.3
231,sp2,3,0.1
231,sp2,4,4.7
231,sp2,5,0.1
231,sp2,6,13.8
231,sp2,7,66.3
231,sp2,8,3221.7
231,sp2,9,1780.4
231,sp2,10,927.3
231,sp2,11,69.3
231,sp2,12,3.1
232,sp1,1,0.0
232,sp1,2,0.0
232,sp1,3,0.0
232,sp1,4,0.0
232,sp1,5,0.3
232,sp1,6,2.0
232,sp1,7,16.8
232,sp1,8,221.6
232,sp1,9,98.6
232,sp1,10,706.5
232,sp1,11,0.4
232,sp1,12,3.0
232,sp2,1,0.0
232,sp2,2,0.2
232,sp2,3,7.4
232,sp2,4,1.0
232,sp2,5,1.8
232,sp2,6,9.0
232,sp2,7,45.2
232,sp2,8,674.7
232,sp2,9,160.5
232,sp2,10,8.2
232,sp2,11,0.3
232,sp2,12,4.6
233,sp1,1,0.0
233,sp1,2,0.0
233,sp1,3,0.0
233,sp1,4,0.0
233,sp1,5,0.0
233,sp1,6,0.0
233,sp1,7,0.0
233,sp1,8,0.0
233,sp1,9,0.0
233,sp1,10,0.0
233,sp1,11,0.0
233,sp1,12,0.0
233,sp2,1,0.0
233,sp2,2,0.0
233,sp2,3,0.0
233,sp2,4,0.0
233,sp2,5,0.0
233,sp2,6,0.0
233,sp2,7,0.0
233,sp2,8,0.0
233,sp2,9,0.0
233,sp2,10,0.0
233,sp2,11,0.0
233,sp2,12,3.1
234,sp1,1,121.5
234,sp1,2,74.0
234,sp1,3,99.3
234,sp1,4,46.9
234,sp1,5,44.1
234,sp1,6,96.2
234,sp1,7,567.5
234,sp1,8,1820.7
234,sp1,9,5233.1
234,sp1,10,1335.1
234,sp1,11,1540.5
234,sp1,12,410.7
234,sp2,1,85.8
234,sp2,2,85.6
234,sp2,3,18.5
234,sp2,4,6.9
234,sp2,5,93.0
234,sp2,6,85.2
234,sp2,7,304.6
234,sp2,8,713.9
234,sp2,9,4344.1
234,sp2,10,1326.8
234,sp2,11,368.3
234,sp2,12,180.2
235,sp1,1,0.0
235,sp1,2,0.0
235,sp1,3,0.0
235,sp1,4,0.0
235,sp1,5,0.0
235,sp1,6,0.0
235,sp1,7,0.0
235,sp1,8,0.1
235,sp1,9,1.4
235,sp1,10,0.0
235,sp1,11,0.0
235,sp1,12,0.0
235,sp2,1,0.1
235,sp2,2,0.0
235,sp2,3,0.0
235,sp2,4,0.0
235,sp2,5,0.0
235,sp2,6,0.0
235,sp2,7,0.2
235,sp2,8,3.0
235,sp2,9,151.8
235,sp2,10,22.0
235,sp2,11,13.6
235,sp2,12,0.2
236,sp1,1,0.0
236,sp1,2,0.0
236,sp1,3,0.0
236,sp1,4,0.2
236,sp1,5,1.2
236,sp1,6,93.7
236,sp1,7,327.4
236,sp1,8,910.3
236,sp1,9,608.7
236,sp1,10,259.7
236,sp1,11,7.6
236,sp1,12,0.0
236,sp2,1,0.0
236,sp2,2,9.7
236,sp2,3,27.4
236,sp2,4,6.6
236,sp2,5,7.8
236,sp2,6,128.7
236,sp2,7,796.5
236,sp2,8,478.5
236,sp2,9,514.9
236,sp2,10,406.4
236,sp2,11,3.9
236,sp2,12,0.0
237,sp1,1,156.2
237,sp1,2,15.1
237,sp1,3,18.2
237,sp1,4,4.7
237,sp1,5,36.4
237,sp1,6,31.9
237,sp1,7,644.9
237,sp1,8,2074.8
237,sp1,9,1953.6
237,sp1,10,2900.8
237,sp1,11,538.0
237,sp1,12,72.0
237,sp2,1,103.8
237,sp2,2,8.7
237,sp2,3,52.2
237,sp2,4,28.0
237,sp2,5,125.4
237,sp2,6,483.1
237,sp2,7,715.1
237,sp2,8,4099.6
237,sp2,9,4602.7
237,sp2,10,2574.5
237,sp2,11,550.3
237,sp2,12,71.8
238,sp1,1,0.0
238,sp1,2,5.0
238,sp1,3,0.0
238,sp1,4,0.0
238,sp1,5,4.6
238,sp1,6,9.4
238,sp1,7,75.3
238,sp1,8,197.2
238,sp1,9,194.8
238,sp1,10,384.5
238,sp1,11,4.6
238,sp1,12,13.2
238,sp2,1,1.2
238,sp2,2,0.1
238,sp2,3,14.4
238,sp2,4,0.5
238,sp2,5,14.4
238,sp2,6,26.4
238,sp2,7,146.8
238,sp2,8,663.5
238,sp2,9,382.9
238,sp2,10,416.4
238,sp2,11,75.4
238,sp2,12,10.0
239,sp1,1,338.7
239,sp1,2,66.9
239,sp1,3,46.5
239,sp1,4,14.6
239,sp1,5,162.8
239,sp1,6,351.7
239,sp1,7,5118.0
239,sp1,8,9689.2
239,sp1,9,7335.5
239,sp1,10,4871.4
239,sp1,11,32.6
239,sp1,12,2.0
239,sp2,1,21.4
239,sp2,2,0.0
239,sp2,3,64.6
239,sp2,4,14.9
239,sp2,5,425.2
239,sp2,6,709.1
239,sp2,7,1242.5
239,sp2,8,7693.9
239,sp2,9,12136.5
239,sp2,10,1072.9
239,sp2,11,278.9
239,sp2,12,80.9
24,sp1,1,620.6
24,sp1,2,188.9
24,sp1,3,292.1
24,sp1,4,1239.3
24,sp1,5,7928.0
24,sp1,6,61211.9
24,sp1,7,151475.0
24,sp1,8,174379.2
24,sp1,9,118033.3
24,sp1,10,168174.8
24,sp1,11,12107.3
24,sp1,12,874.9
24,sp2,1,569.7
24,sp2,2,201.1
24,sp2,3,216.9
24,sp2,4,1853.2
24,sp2,5,8241.8
24,sp2,6,58548.5
24,sp2,7,69791.6
24,sp2,8,126116.7
24,sp2,9,143856.9
24,sp2,10,181296.0
24,sp2,11,3117.6
24,sp2,12,1348.8
240,sp1,1,0.0
240,sp1,2,0.0
240,sp1,3,0.0
240,sp1,4,0.0
240,sp1,5,0.0
240,sp1,6,0.0
240,sp1,7,0.0
240,sp1,8,0.0
240,sp1,9,0.0
240,sp1,10,0.0
240,sp1,11,0.0
240,sp1,12,0.0
240,sp2,1,0.0
240,sp2,2,0.0
240,sp2,3,0.0
240,sp2,4,0.0
240,sp2,5,0.0
240,sp2,6,0.0
240,sp2,7,0.0
240,sp2,8,0.0
240,sp2,9,5.9
240,sp2,10,0.0
240,sp2,11,0.3
240,sp2,12,0.0
241,sp1,1,0.0
241,sp1,2,0.0
241,sp1,3,0.0
241,sp1,4,0.0
241,sp1,5,0.0
241,sp1,6,1.3
241,sp1,7,0.1
241,sp1,8,44.8
241,sp1,9,153.1
241,sp1,10,15.6
241,sp1,11,0.8
241,sp1,12,0.0
241,sp2,1,0.0
241,sp2,2,0.0
241,sp2,3,0.0
241,sp2,4,0.0
241,sp2,5,0.3
241,sp2,6,0.0
241,sp2,7,5.0
241,sp2,8,86.9
241,sp2,9,216.2
241,sp2,10,24.3
241,sp2,11,0.0
241,sp2,12,0.0
242,sp1,1,0.0
242,sp1,2,0.0
242,sp1,3,0.0
242,sp1,4,0.0
242,sp1,5,0.0
242,sp1,6,0.0
242,sp1,7,0.0
242,sp1,8,10.2
242,sp1,9,0.0
242,sp1,10,0.0
242,sp1,11,0.0
242,sp1,12,0.0
242,sp2,1,0.0
242,sp2,2,0.0
242,sp2,3,0.0
242,sp2,4,0.0
242,sp2,5,0.0
242,sp2,6,0.0
242,sp2,7,0.0
242,sp2,8,0.0
242,sp2,9,0.0
242,sp2,10,0.0
242,sp2,11,0.0
242,sp2,12,0.0
243,sp1,1,169.3
243,sp1,2,47.5
243,sp1,3,50.1
243,sp1,4,21.4
243,sp1,5,58.6
243,sp1,6,253.5
243,sp1,7,1071.6
243,sp1,8,1761.1
243,sp1,9,1453.7
243,sp1,10,591.7
243,sp1,11,230.1
243,sp1,12,133.2
243,sp2,1,284.0
243,sp2,2,14.3
243,sp2,3,90.8
243,sp2,4,16.9
243,sp2,5,203.9
243,sp2,6,223.6
243,sp2,7,165.2
243,sp2,8,825.2
243,sp2,9,1014.6
243,sp2,10,844.0
243,sp2,11,1081.0
243,sp2,12,89.0
244,sp1,1,0.0
244,sp1,2,0.0
244,sp1,3,0.0
244,sp1,4,0.0
244,sp1,5,0.0
244,sp1,6,0.0
244,sp1,7,0.0
244,sp1,8,0.5
244,sp1,9,8.6
244,sp1,10,13.3
244,sp1,11,0.0
244,sp1,12,0.0
244,sp2,1,0.0
244,sp2,2,0.0
244,sp2,3,0.0
244,sp2,4,0.0
244,sp2,5,0.0
244,sp2,6,0.0
244,sp2,7,5.9
244,sp2,8,6.3
244,sp2,9,0.9
244,sp2,10,0.0
244,sp2,11,0.0
244,sp2,12,0.0
245,sp1,1,356.6
245,sp1,2,195.5
245,sp1,3,197.2
245,sp1,4,380.1
245,sp1,5,258.8
245,sp1,6,532.5
245,sp1,7,1684.1
245,sp1,8,8526.8
245,sp1,9,17244.2
245,sp1,10,6286.5
245,sp1,11,2723.7
245,sp1,12,1218.0
245,sp2,1,2706.4
245,sp2,2,641.8
245,sp2,3,151.8
245,sp2,4,177.3
245,sp2,5,165.9
245,sp2,6,561.5
245,sp2,7,1027.3
245,sp2,8,46112.9
245,sp2,9,21641.4
245,sp2,10,10946.6
245,sp2,11,19557.7
245,sp2,12,2514.4
246,sp1,1,121.2
246,sp1,2,42.7
246,sp1,3,62.4
246,sp1,4,40.5
246,sp1,5,4.1
246,sp1,6,19.8
246,sp1,7,328.4
246,sp1,8,1717.9
246,sp1,9,2261.0
246,sp1,10,857.0
246,sp1,11,161.1
246,sp1,12,152.3
246,sp2,1,186.1
246,sp2,2,23.8
246,sp2,3,18.5
246,sp2,4,49.0
246,sp2,5,8.2
246,sp2,6,20.9
246,sp2,7,930.2
246,sp2,8,3731.1
246,sp2,9,2567.7
246,sp2,10,5101.0
246,sp2,11,1191.6
246,sp2,12,150.7
247,sp1,1,0.0
247,sp1,2,0.0
247,sp1,3,0.0
247,sp1,4,0.0
247,sp1,5,0.0
247,sp1,6,0.0
247,sp1,7,0.0
247,sp1,8,0.3
247,sp1,9,25.8
247,sp1,10,1.9
247,sp1,11,0.0
247,sp1,12,0.0
247,sp2,1,0.0
247,sp2,2,0.0
247,sp2,3,0.0
247,sp2,4,0.0
247,sp2,5,0.0
247,sp2,6,0.0
247,sp2,7,0.0
247,sp2,8,0.0
247,sp2,9,397.9
247,sp2,10,0.7
247,sp2,11,4.0
247,sp2,12,0.0
248,sp1,1,0.0
248,sp1,2,0.0
248,sp1,3,0.0
248,sp1,4,0.0
248,sp1,5,0.0
248,sp1,6,0.0
248,sp1,7,0.0
248,sp1,8,0.0
248,sp1,9,0.0
248,sp1,10,0.0
248,sp1,11,0.0
248,sp1,12,0.0
248,sp2,1,0.0
248,sp2,2,0.0
248,sp2,3,0.0
248,sp2,4,0.0
248,sp2,5,0.0
248,sp2,6,0.0
248,sp2,7,0.0
248,sp2,8,0.1
248,sp2,9,28.1
248,sp2,10,7.2
248,sp2,11,17.6
248,sp2,12,0.0
249,sp1,1,0.0
249,sp1,2,0.0
249,sp1,3,0.0
249,sp1,4,0.0
249,sp1,5,0.0
249,sp1,6,0.0
249,sp1,7,0.0
249,sp1,8,0.0
249,sp1,9,13.9
249,sp1,10,0.0
249,sp1,11,0.0
249,sp1,12,0.0
249,sp2,1,0.0
249,sp2,2,0.0
249,sp2,3,0.0
249,sp2,4,0.0
249,sp2,5,0.0
249,sp2,6,0.0
249,sp2,7,3.9
249,sp2,8,111.0
249,sp2,9,36.5
249,sp2,10,1.7
249,sp2,11,0.0
249,sp2,12,0.0
25,sp1,1,0.5
25,sp1,2,54.9
25,sp1,3,8.2
25,sp1,4,12.5
25,sp1,5,443.2
25,sp1,6,731.1
25,sp1,7,5188.2
25,sp1,8,4959.4
25,sp1,9,2914.0
25,sp1,10,344.5
25,sp1,11,12.8
25,sp1,12,14.8
25,sp2,1,7.9
25,sp2,2,24.7
25,sp2,3,0.6
25,sp2,4,23.7
25,sp2,5,580.5
25,sp2,6,2247.5
25,sp2,7,3516.8
25,sp2,8,4404.3
25,sp2,9,2089.2
25,sp2,10,160.2
25,sp2,11,25.5
25,sp2,12,249.1
250,sp1,1,0.0
250,sp1,2,0.0
250,sp1,3,0.0
250,sp1,4,0.0
250,sp1,5,0.0
250,sp1,6,0.0
250,sp1,7,0.0
250,sp1,8,0.0
250,sp1,9,0.0
250,sp1,10,21.3
250,sp1,11,0.0
250,sp1,12,0.0
250,sp2,1,0.0
250,sp2,2,0.0
250,sp2,3,0.0
250,sp2,4,0.0
250,sp2,5,0.0
250,sp2,6,0.0
250,sp2,7,0.0
250,sp2,8,0.0
250,sp2,9,0.7
250,sp2,10,0.0
250,sp2,11,0.0
250,sp2,12,0.0
251,sp1,1,10.0
251,sp1,2,0.4
251,sp1,3,9.2
251,sp1,4,0.0
251,sp1,5,50.8
251,sp1,6,18.8
251,sp1,7,280.0
251,sp1,8,514.6
251,sp1,9,500.6
251,sp1,10,578.5
251,sp1,11,86.0
251,sp1,12,4.0
251,sp2,1,5.2
251,sp2,2,0.0
251,sp2,3,0.3
251,sp2,4,0.2
251,sp2,5,25.5
251,sp2,6,67.7
251,sp2,7,487.0
251,sp2,8,342.8
251,sp2,9,869.0
251,sp2,10,509.8
251,sp2,11,8.7
251,sp2,12,0.0
252,sp1,1,753.2
252,sp1,2,977.7
252,sp1,3,1930.4
252,sp1,4,257.2
252,sp1,5,154.4
252,sp1,6,239.4
252,sp1,7,2743.3
252,sp1,8,11436.3
252,sp1,9,27642.6
252,sp1,10,13811.8
252,sp1,11,6385.6
252,sp1,12,3613.4
252,sp2,1,1618.5
252,sp2,2,1069.2
252,sp2,3,385.0
252,sp2,4,638.0
252,sp2,5,556.0
252,sp2,6,803.9
252,sp2,7,7083.6
252,sp2,8,40339.2
252,sp2,9,22811.9
252,sp2,10,43172.6
252,sp2,11,34705.6
252,sp2,12,12912.9
253,sp1,1,0.0
253,sp1,2,0.5
253,sp1,3,0.0
253,sp1,4,0.0
253,sp1,5,0.0
253,sp1,6,14.0
253,sp1,7,34.3
253,sp1,8,84.8
253,sp1,9,131.7
253,sp1,10,44.1
253,sp1,11,0.6
253,sp1,12,0.0
253,sp2,1,0.1
253,sp2,2,0.2
253,sp2,3,0.1
253,sp2,4,0.3
253,sp2,5,4.7
253,sp2,6,36.8
253,sp2,7,144.5
253,sp2,8,260.8
253,sp2,9,173.2
253,sp2,10,208.9
253,sp2,11,1.2
253,sp2,12,1.4
254,sp1,1,0.0
254,sp1,2,0.0
254,sp1,3,0.0
254,sp1,4,0.8
254,sp1,5,0.7
254,sp1,6,1.9
254,sp1,7,3.0
254,sp1,8,172.1
254,sp1,9,352.5
254,sp1,10,539.9
254,sp1,11,6.3
254,sp1,12,5.1
254,sp2,1,0.0
254,sp2,2,0.0
254,sp2,3,0.2
254,sp2,4,0.2
254,sp2,5,0.6
254,sp2,6,2.1
254,sp2,7,88.4
254,sp2,8,596.2
254,sp2,9,698.4
254,sp2,10,65.1
254,sp2,11,3.9
254,sp2,12,0.0
255,sp1,1,0.0
255,sp1,2,0.0
255,sp1,3,0.0
255,sp1,4,0.0
255,sp1,5,0.0
255,sp1,6,0.0
255,sp1,7,0.3
255,sp1,8,0.0
255,sp1,9,147.9
255,sp1,10,0.6
255,sp1,11,0.0
255,sp1,12,0.0
255,sp2,1,0.0
255,sp2,2,0.0
255,sp2,3,0.0
255,sp2,4,9.8
255,sp2,5,1.0
255,sp2,6,0.2
255,sp2,7,0.2
255,sp2,8,0.0
255,sp2,9,52.1
255,sp2,10,1763.9
255,sp2,11,101.0
255,sp2,12,0.8
256,sp1,1,0.0
256,sp1,2,0.0
256,sp1,3,0.0
256,sp1,4,0.1
256,sp1,5,0.0
256,sp1,6,3.3
256,sp1,7,7.6
256,sp1,8,9.5
256,sp1,9,16.6
256,sp1,10,33.2
256,sp1,11,0.1
256,sp1,12,0.0
256,sp2,1,0.0
256,sp2,2,0.0
256,sp2,3,0.0
256,sp2,4,0.0
256,sp2,5,0.3
256,sp2,6,3.6
256,sp2,7,22.6
256,sp2,8,39.6
256,sp2,9,20.4
256,sp2,10,8.5
256,sp2,11,0.5
256,sp2,12,0.0
257,sp1,1,6.6
257,sp1,2,2.8
257,sp1,3,0.0
257,sp1,4,0.5
257,sp1,5,0.0
257,sp1,6,1.4
257,sp1,7,5.1
257,sp1,8,278.4
257,sp1,9,203.1
257,sp1,10,157.1
257,sp1,11,22.7
257,sp1,12,0.2
257,sp2,1,624.0
257,sp2,2,2.9
257,sp2,3,18.8
257,sp2,4,21.5
257,sp2,5,4.2
257,sp2,6,48.1
257,sp2,7,755.8
257,sp2,8,33417.2
257,sp2,9,13552.5
257,sp2,10,7656.6
257,sp2,11,21419.6
257,sp2,12,14302.9
258,sp1,1,7.2
258,sp1,2,0.0
258,sp1,3,0.0
258,sp1,4,0.7
258,sp1,5,18.2
258,sp1,6,2.9
258,sp1,7,77.6
258,sp1,8,182.1
258,sp1,9,93.5
258,sp1,10,50.8
258,sp1,11,14.5
258,sp1,12,5.0
258,sp2,1,1344.7
258,sp2,2,56.5
258,sp2,3,14.3
258,sp2,4,19.4
258,sp2,5,16.8
258,sp2,6,148.8
258,sp2,7,77.1
258,sp2,8,13421.9
258,sp2,9,1354.7
258,sp2,10,627.3
258,sp2,11,12544.6
258,sp2,12,13835.2
259,sp1,1,74.6
259,sp1,2,11.4
259,sp1,3,13.0
259,sp1,4,12.7
259,sp1,5,109.5
259,sp1,6,102.1
259,sp1,7,388.1
259,sp1,8,2840.4
259,sp1,9,3872.9
259,sp1,10,2509.9
259,sp1,11,115.2
259,sp1,12,3.8
259,sp2,1,10.6
259,sp2,2,0.0
259,sp2,3,14.0
259,sp2,4,49.1
259,sp2,5,45.0
259,sp2,6,159.6
259,sp2,7,537.0
259,sp2,8,1732.5
259,sp2,9,3526.6
259,sp2,10,949.7
259,sp2,11,184.9
259,sp2,12,25.3
26,sp1,1,4.1
26,sp1,2,144.6
26,sp1,3,18.4
26,sp1,4,28.2
26,sp1,5,929.3
26,sp1,6,1827.8
26,sp1,7,5530.1
26,sp1,8,8083.3
26,sp1,9,11061.6
26,sp1,10,1407.1
26,sp1,11,21.9
26,sp1,12,30.2
26,sp2,1,7.5
26,sp2,2,21.0
26,sp2,3,2.8
26,sp2,4,16.2
26,sp2,5,872.7
26,sp2,6,2793.8
26,sp2,7,3172.3
26,sp2,8,5810.2
26,sp2,9,7465.6
26,sp2,10,1997.8
26,sp2,11,316.2
26,sp2,12,27.8
260,sp1,1,1460.9
260,sp1,2,421.6
260,sp1,3,326.3
260,sp1,4,293.6
260,sp1,5,178.6
260,sp1,6,594.8
260,sp1,7,713.7
260,sp1,8,1500.2
260,sp1,9,7180.3
260,sp1,10,16421.5
260,sp1,11,8773.1
260,sp1,12,2171.3
260,sp2,1,1665.9
260,sp2,2,763.4
260,sp2,3,62.4
260,sp2,4,175.6
260,sp2,5,271.9
260,sp2,6,444.0
260,sp2,7,1427.3
260,sp2,8,30938.1
260,sp2,9,13431.5
260,sp2,10,23949.1
260,sp2,11,8382.7
260,sp2,12,8178.8
261,sp1,1,0.0
261,sp1,2,0.0
261,sp1,3,0.0
261,sp1,4,0.0
261,sp1,5,0.0
261,sp1,6,0.0
261,sp1,7,3.8
261,sp1,8,0.1
261,sp1,9,1.8
261,sp1,10,0.0
261,sp1,11,44.4
261,sp1,12,0.0
261,sp2,1,0.0
261,sp2,2,0.0
261,sp2,3,0.0
261,sp2,4,0.0
261,sp2,5,0.0
261,sp2,6,0.4
261,sp2,7,5.5
261,sp2,8,24.2
261,sp2,9,119.2
261,sp2,10,8.6
261,sp2,11,0.0
261,sp2,12,0.0
263,sp1,1,0.0
263,sp1,2,0.0
263,sp1,3,0.0
263,sp1,4,0.0
263,sp1,5,0.0
263,sp1,6,0.0
263,sp1,7,0.0
263,sp1,8,0.0
263,sp1,9,0.0
263,sp1,10,0.0
263,sp1,11,0.0
263,sp1,12,0.0
263,sp2,1,0.0
263,sp2,2,0.0
263,sp2,3,0.0
263,sp2,4,0.0
263,sp2,5,0.0
263,sp2,6,0.0
263,sp2,7,0.0
263,sp2,8,0.0
263,sp2,9,8.6
263,sp2,10,0.0
263,sp2,11,0.0
263,sp2,12,0.0
264,sp1,1,1.3
264,sp1,2,71.5
264,sp1,3,0.2
264,sp1,4,2.1
264,sp1,5,2.8
264,sp1,6,10.3
264,sp1,7,161.5
264,sp1,8,1707.5
264,sp1,9,1947.4
264,sp1,10,1477.6
264,sp1,11,2.9
264,sp1,12,8.9
264,sp2,1,1.8
264,sp2,2,38.8
264,sp2,3,4.5
264,sp2,4,2.6
264,sp2,5,82.5
264,sp2,6,125.0
264,sp2,7,399.8
264,sp2,8,2082.2
264,sp2,9,2408.8
264,sp2,10,222.1
264,sp2,11,12.6
264,sp2,12,0.0
265,sp1,1,0.0
265,sp1,2,0.0
265,sp1,3,0.0
265,sp1,4,0.0
265,sp1,5,0.0
265,sp1,6,0.0
265,sp1,7,0.0
265,sp1,8,0.4
265,sp1,9,4.9
265,sp1,10,6.3
265,sp1,11,0.0
265,sp1,12,0.0
265,sp2,1,0.0
265,sp2,2,0.2
265,sp2,3,0.0
265,sp2,4,0.4
265,sp2,5,0.2
265,sp2,6,0.0
265,sp2,7,0.5
265,sp2,8,825.1
265,sp2,9,401.8
265,sp2,10,4.2
265,sp2,11,1.2
265,sp2,12,0.0
266,sp1,1,0.0
266,sp1,2,0.0
266,sp1,3,0.0
266,sp1,4,0.0
266,sp1,5,0.0
266,sp1,6,0.3
266,sp1,7,0.6
266,sp1,8,0.9
266,sp1,9,0.4
266,sp1,10,5.9
266,sp1,11,0.1
266,sp1,12,0.0
266,sp2,1,0.0
266,sp2,2,0.0
266,sp2,3,0.0
266,sp2,4,0.0
266,sp2,5,0.0
266,sp2,6,0.0
266,sp2,7,0.0
266,sp2,8,3.0
266,sp2,9,21.5
266,sp2,10,0.1
266,sp2,11,1.4
266,sp2,12,0.0
267,sp1,1,0.0
267,sp1,2,0.0
267,sp1,3,0.0
267,sp1,4,0.0
267,sp1,5,0.0
267,sp1,6,0.0
267,sp1,7,0.0
267,sp1,8,0.4
267,sp1,9,2.1
267,sp1,10,0.0
267,sp1,11,0.0
267,sp1,12,0.4
267,sp2,1,0.0
267,sp2,2,0.0
267,sp2,3,0.0
267,sp2,4,0.0
267,sp2,5,0.0
267,sp2,6,0.0
267,sp2,7,0.0
267,sp2,8,1.3
267,sp2,9,0.1
267,sp2,10,0.0
267,sp2,11,0.0
267,sp2,12,0.0
27,sp1,1,53.3
27,sp1,2,23.1
27,sp1,3,27.6
27,sp1,4,3.7
27,sp1,5,50.9
27,sp1,6,92.8
27,sp1,7,234.5
27,sp1,8,486.5
27,sp1,9,3524.1
27,sp1,10,1816.7
27,sp1,11,310.2
27,sp1,12,35.4
27,sp2,1,26.5
27,sp2,2,0.0
27,sp2,3,0.2
27,sp2,4,11.8
27,sp2,5,19.6
27,sp2,6,17.1
27,sp2,7,187.0
27,sp2,8,355.3
27,sp2,9,158.3
27,sp2,10,264.6
27,sp2,11,0.6
27,sp2,12,8.9
270,sp1,1,0.0
270,sp1,2,0.0
270,sp1,3,0.0
270,sp1,4,0.0
270,sp1,5,0.0
270,sp1,6,0.0
270,sp1,7,0.0
270,sp1,8,0.0
270,sp1,9,0.0
270,sp1,10,0.0
270,sp1,11,0.0
270,sp1,12,0.0
270,sp2,1,0.0
270,sp2,2,0.0
270,sp2,3,0.0
270,sp2,4,0.0
270,sp2,5,0.0
270,sp2,6,0.0
270,sp2,7,0.0
270,sp2,8,0.0
270,sp2,9,0.3
270,sp2,10,0.0
270,sp2,11,0.0
270,sp2,12,0.0
271,sp1,1,0.0
271,sp1,2,0.0
271,sp1,3,0.0
271,sp1,4,0.0
271,sp1,5,0.0
271,sp1,6,0.0
271,sp1,7,0.0
271,sp1,8,0.0
271,sp1,9,0.0
271,sp1,10,0.0
271,sp1,11,0.0
271,sp1,12,0.0
271,sp2,1,0.0
271,sp2,2,0.0
271,sp2,3,0.0
271,sp2,4,0.0
271,sp2,5,0.0
271,sp2,6,0.0
271,sp2,7,0.0
271,sp2,8,27.0
271,sp2,9,0.0
271,sp2,10,0.0
271,sp2,11,0.0
271,sp2,12,0.0
272,sp1,1,0.0
272,sp1,2,0.0
272,sp1,3,0.0
272,sp1,4,0.0
272,sp1,5,0.0
272,sp1,6,0.0
272,sp1,7,0.0
272,sp1,8,0.0
272,sp1,9,0.0
272,sp1,10,0.0
272,sp1,11,0.0
272,sp1,12,0.0
272,sp2,1,0.0
272,sp2,2,0.0
272,sp2,3,0.0
272,sp2,4,0.0
272,sp2,5,0.0
272,sp2,6,0.0
272,sp2,7,0.0
272,sp2,8,0.1
272,sp2,9,1.5
272,sp2,10,0.0
272,sp2,11,0.0
272,sp2,12,0.0
273,sp1,1,0.0
273,sp1,2,0.0
273,sp1,3,0.0
273,sp1,4,3.3
273,sp1,5,0.0
273,sp1,6,0.0
273,sp1,7,1.9
273,sp1,8,0.0
273,sp1,9,0.1
273,sp1,10,0.0
273,sp1,11,0.0
273,sp1,12,0.0
273,sp2,1,0.0
273,sp2,2,0.0
273,sp2,3,0.0
273,sp2,4,0.0
273,sp2,5,0.0
273,sp2,6,0.0
273,sp2,7,0.0
273,sp2,8,0.0
273,sp2,9,0.7
273,sp2,10,0.0
273,sp2,11,0.0
273,sp2,12,0.0
274,sp1,1,15.8
274,sp1,2,1.6
274,sp1,3,0.0
274,sp1,4,0.1
274,sp1,5,6.4
274,sp1,6,8.5
274,sp1,7,48.4
274,sp1,8,876.7
274,sp1,9,1142.8
274,sp1,10,629.7
274,sp1,11,30.4
274,sp1,12,1.8
274,sp2,1,0.0
274,sp2,2,0.2
274,sp2,3,27.0
274,sp2,4,36.4
274,sp2,5,2.3
274,sp2,6,18.4
274,sp2,7,53.6
274,sp2,8,829.7
274,sp2,9,5880.4
274,sp2,10,800.0
274,sp2,11,15.7
274,sp2,12,0.3
275,sp1,1,0.0
275,sp1,2,0.0
275,sp1,3,0.0
275,sp1,4,0.0
275,sp1,5,0.0
275,sp1,6,0.0
275,sp1,7,0.3
275,sp1,8,43.2
275,sp1,9,30.4
275,sp1,10,0.1
275,sp1,11,0.0
275,sp1,12,0.0
275,sp2,1,0.0
275,sp2,2,0.0
275,sp2,3,0.0
275,sp2,4,0.0
275,sp2,5,0.1
275,sp2,6,0.0
275,sp2,7,0.0
275,sp2,8,11.4
275,sp2,9,17.0
275,sp2,10,5.0
275,sp2,11,0.0
275,sp2,12,0.0
276,sp1,1,10.3
276,sp1,2,14.8
276,sp1,3,0.0
276,sp1,4,0.0
276,sp1,5,0.0
276,sp1,6,0.0
276,sp1,7,0.7
276,sp1,8,0.0
276,sp1,9,0.0
276,sp1,10,0.0
276,sp1,11,0.0
276,sp1,12,0.0
276,sp2,1,12.8
276,sp2,2,3.4
276,sp2,3,0.0
276,sp2,4,0.0
276,sp2,5,1.3
276,sp2,6,0.0
276,sp2,7,473.8
276,sp2,8,42.6
276,sp2,9,94.8
276,sp2,10,3.4
276,sp2,11,4.5
276,sp2,12,0.0
277,sp1,1,236.3
277,sp1,2,122.3
277,sp1,3,0.3
277,sp1,4,1.0
277,sp1,5,1.8
277,sp1,6,0.7
277,sp1,7,8.5
277,sp1,8,41.4
277,sp1,9,482.1
277,sp1,10,4471.1
277,sp1,11,919.4
277,sp1,12,619.9
277,sp2,1,0.9
277,sp2,2,1.4
277,sp2,3,2.8
277,sp2,4,13.7
277,sp2,5,2.9
277,sp2,6,17.3
277,sp2,7,2018.8
277,sp2,8,7781.0
277,sp2,9,10448.4
277,sp2,10,8249.9
277,sp2,11,2516.8
277,sp2,12,19.3
278,sp1,1,0.0
278,sp1,2,0.0
278,sp1,3,0.0
278,sp1,4,0.0
278,sp1,5,0.0
278,sp1,6,0.0
278,sp1,7,5.0
278,sp1,8,1.7
278,sp1,9,45.7
278,sp1,10,20.2
278,sp1,11,0.0
278,sp1,12,0.0
278,sp2,1,18.5
278,sp2,2,0.1
278,sp2,3,0.0
278,sp2,4,0.0
278,sp2,5,0.0
278,sp2,6,1.4
278,sp2,7,0.8
278,sp2,8,22.3
278,sp2,9,80.9
278,sp2,10,30.6
278,sp2,11,0.0
278,sp2,12,0.0
279,sp1,1,0.0
279,sp1,2,0.0
279,sp1,3,0.0
279,sp1,4,0.0
279,sp1,5,0.0
279,sp1,6,0.0
279,sp1,7,0.0
279,sp1,8,0.2
279,sp1,9,0.0
279,sp1,10,0.0
279,sp1,11,0.0
279,sp1,12,0.0
279,sp2,1,0.0
279,sp2,2,0.0
279,sp2,3,0.0
279,sp2,4,0.0
279,sp2,5,0.0
279,sp2,6,0.0
279,sp2,7,0.0
279,sp2,8,1.3
279,sp2,9,3.9
279,sp2,10,23.9
279,sp2,11,0.2
279,sp2,12,0.0
28,sp1,1,16667.5
28,sp1,2,387.9
28,sp1,3,164.7
28,sp1,4,334.9
28,sp1,5,1229.5
28,sp1,6,7829.9
28,sp1,7,41930.5
28,sp1,8,88176.9
28,sp1,9,180739.4
28,sp1,10,378491.2
28,sp1,11,35856.6
28,sp1,12,9128.6
28,sp2,1,14111.3
28,sp2,2,394.7
28,sp2,3,168.5
28,sp2,4,327.9
28,sp2,5,760.5
28,sp2,6,8325.9
28,sp2,7,27806.9
28,sp2,8,51294.0
28,sp2,9,216877.5
28,sp2,10,333624.7
28,sp2,11,25092.2
28,sp2,12,5278.5
280,sp1,1,0.0
280,sp1,2,0.0
280,sp1,3,0.0
280,sp1,4,0.0
280,sp1,5,0.0
280,sp1,6,0.0
280,sp1,7,0.0
280,sp1,8,0.0
280,sp1,9,0.0
280,sp1,10,0.0
280,sp1,11,0.0
280,sp1,12,0.0
280,sp2,1,0.0
280,sp2,2,0.0
280,sp2,3,0.0
280,sp2,4,0.0
280,sp2,5,0.0
280,sp2,6,0.0
280,sp2,7,0.0
280,sp2,8,0.0
280,sp2,9,0.0
280,sp2,10,0.0
280,sp2,11,0.0
280,sp2,12,0.0
281,sp1,1,5.6
281,sp1,2,2.8
281,sp1,3,0.0
281,sp1,4,0.0
281,sp1,5,0.0
281,sp1,6,0.0
281,sp1,7,0.0
281,sp1,8,23.6
281,sp1,9,564.2
281,sp1,10,138.2
281,sp1,11,17.5
281,sp1,12,0.0
281,sp2,1,0.0
281,sp2,2,0.0
281,sp2,3,0.0
281,sp2,4,0.0
281,sp2,5,0.0
281,sp2,6,0.8
281,sp2,7,0.9
281,sp2,8,52.5
281,sp2,9,14.1
281,sp2,10,3.1
281,sp2,11,10.5
281,sp2,12,0.0
283,sp1,1,1.8
283,sp1,2,0.0
283,sp1,3,0.0
283,sp1,4,94.2
283,sp1,5,0.0
283,sp1,6,0.0
283,sp1,7,0.0
283,sp1,8,0.0
283,sp1,9,0.0
283,sp1,10,0.0
283,sp1,11,0.0
283,sp1,12,0.0
283,sp2,1,0.0
283,sp2,2,0.0
283,sp2,3,0.0
283,sp2,4,0.0
283,sp2,5,0.0
283,sp2,6,0.0
283,sp2,7,0.0
283,sp2,8,3.4
283,sp2,9,73.4
283,sp2,10,0.0
283,sp2,11,18.4
283,sp2,12,0.0
284,sp1,1,0.0
284,sp1,2,0.0
284,sp1,3,0.0
284,sp1,4,0.0
284,sp1,5,0.0
284,sp1,6,0.0
284,sp1,7,0.0
284,sp1,8,0.0
284,sp1,9,0.0
284,sp1,10,0.0
284,sp1,11,0.0
284,sp1,12,0.0
284,sp2,1,0.0
284,sp2,2,0.0
284,sp2,3,0.0
284,sp2,4,0.0
284,sp2,5,0.0
284,sp2,6,0.0
284,sp2,7,0.0
284,sp2,8,0.0
284,sp2,9,0.0
284,sp2,10,0.0
284,sp2,11,0.0
284,sp2,12,0.0
285,sp1,1,800.9
285,sp1,2,3.3
285,sp1,3,10.7
285,sp1,4,5.7
285,sp1,5,5.2
285,sp1,6,2.4
285,sp1,7,47.0
285,sp1,8,270.4
285,sp1,9,224.5
285,sp1,10,139.1
285,sp1,11,35.0
285,sp1,12,3.0
285,sp2,1,53.3
285,sp2,2,150.5
285,sp2,3,31.7
285,sp2,4,5.2
285,sp2,5,5.9
285,sp2,6,73.8
285,sp2,7,280.5
285,sp2,8,8118.3
285,sp2,9,1697.8
285,sp2,10,693.4
285,sp2,11,161.1
285,sp2,12,6.2
287,sp1,1,9.5
287,sp1,2,0.1
287,sp1,3,0.0
287,sp1,4,0.0
287,sp1,5,0.0
287,sp1,6,0.0
287,sp1,7,0.0
287,sp1,8,0.0
287,sp1,9,1.2
287,sp1,10,0.0
287,sp1,11,1.0
287,sp1,12,0.0
287,sp2,1,0.0
287,sp2,2,0.0
287,sp2,3,1.6
287,sp2,4,0.0
287,sp2,5,0.0
287,sp2,6,0.0
287,sp2,7,0.0
287,sp2,8,0.2
287,sp2,9,5.0
287,sp2,10,0.8
287,sp2,11,2.4
287,sp2,12,0.8
288,sp1,1,0.0
288,sp1,2,0.0
288,sp1,3,0.0
288,sp1,4,0.0
288,sp1,5,0.0
288,sp1,6,0.0
288,sp1,7,0.0
288,sp1,8,0.0
288,sp1,9,0.0
288,sp1,10,0.0
288,sp1,11,0.0
288,sp1,12,0.0
288,sp2,1,0.0
288,sp2,2,0.0
288,sp2,3,0.0
288,sp2,4,0.0
288,sp2,5,0.0
288,sp2,6,0.0
288,sp2,7,0.0
288,sp2,8,0.0
288,sp2,9,0.0
288,sp2,10,0.0
288,sp2,11,0.0
288,sp2,12,0.0
289,sp1,1,0.0
289,sp1,2,0.0
289,sp1,3,0.0
289,sp1,4,0.0
289,sp1,5,0.1
289,sp1,6,0.0
289,sp1,7,0.0
289,sp1,8,1.2
289,sp1,9,0.8
289,sp1,10,0.2
289,sp1,11,0.0
289,sp1,12,0.0
289,sp2,1,1.3
289,sp2,2,0.0
289,sp2,3,0.0
289,sp2,4,0.0
289,sp2,5,0.0
289,sp2,6,0.0
289,sp2,7,0.0
289,sp2,8,0.0
289,sp2,9,84.5
289,sp2,10,0.0
289,sp2,11,0.0
289,sp2,12,0.0
29,sp1,1,2265.4
29,sp1,2,34.7
29,sp1,3,2.2
29,sp1,4,27.1
29,sp1,5,123.6
29,sp1,6,666.8
29,sp1,7,2525.7
29,sp1,8,9269.4
29,sp1,9,22510.9
29,sp1,10,18250.1
29,sp1,11,3283.4
29,sp1,12,386.6
29,sp2,1,1698.6
29,sp2,2,95.3
29,sp2,3,15.0
29,sp2,4,8.0
29,sp2,5,133.1
29,sp2,6,672.3
29,sp2,7,2046.5
29,sp2,8,5932.5
29,sp2,9,31087.6
29,sp2,10,29450.5
29,sp2,11,1859.5
29,sp2,12,277.6
290,sp1,1,0.0
290,sp1,2,0.0
290,sp1,3,0.0
290,sp1,4,0.0
290,sp1,5,0.0
290,sp1,6,0.0
290,sp1,7,0.0
290,sp1,8,0.0
290,sp1,9,0.0
290,sp1,10,0.0
290,sp1,11,0.0
290,sp1,12,0.0
290,sp2,1,0.0
290,sp2,2,0.0
290,sp2,3,0.0
290,sp2,4,0.0
290,sp2,5,0.0
290,sp2,6,0.0
290,sp2,7,0.0
290,sp2,8,0.0
290,sp2,9,0.0
290,sp2,10,0.0
290,sp2,11,0.0
290,sp2,12,0.0
292,sp1,1,0.0
292,sp1,2,0.0
292,sp1,3,0.0
292,sp1,4,0.0
292,sp1,5,0.0
292,sp1,6,0.0
292,sp1,7,0.0
292,sp1,8,0.0
292,sp1,9,0.0
292,sp1,10,0.0
292,sp1,11,0.0
292,sp1,12,0.0
292,sp2,1,0.0
292,sp2,2,0.0
292,sp2,3,0.0
292,sp2,4,0.0
292,sp2,5,0.0
292,sp2,6,0.0
292,sp2,7,0.0
292,sp2,8,4.3
292,sp2,9,0.2
292,sp2,10,0.6
292,sp2,11,0.0
292,sp2,12,0.0
293,sp1,1,0.0
293,sp1,2,0.0
293,sp1,3,0.0
293,sp1,4,0.0
293,sp1,5,0.0
293,sp1,6,0.0
293,sp1,7,0.0
293,sp1,8,0.0
293,sp1,9,0.0
293,sp1,10,0.0
293,sp1,11,0.0
293,sp1,12,0.0
293,sp2,1,0.0
293,sp2,2,0.0
293,sp2,3,0.0
293,sp2,4,0.0
293,sp2,5,0.0
293,sp2,6,0.0
293,sp2,7,0.0
293,sp2,8,0.0
293,sp2,9,0.0
293,sp2,10,0.0
293,sp2,11,0.0
293,sp2,12,0.0
294,sp1,1,0.0
294,sp1,2,0.0
294,sp1,3,0.0
294,sp1,4,0.0
294,sp1,5,0.0
294,sp1,6,0.0
294,sp1,7,0.0
294,sp1,8,0.0
294,sp1,9,0.0
294,sp1,10,0.0
294,sp1,11,0.0
294,sp1,12,0.0
294,sp2,1,0.0
294,sp2,2,0.0
294,sp2,3,0.0
294,sp2,4,0.0
294,sp2,5,0.0
294,sp2,6,0.0
294,sp2,7,0.0
294,sp2,8,0.0
294,sp2,9,0.0
294,sp2,10,0.0
294,sp2,11,0.0
294,sp2,12,0.0
295,sp1,1,0.0
295,sp1,2,0.0
295,sp1,3,0.0
295,sp1,4,0.0
295,sp1,5,0.0
295,sp1,6,0.0
295,sp1,7,0.0
295,sp1,8,0.0
295,sp1,9,0.1
295,sp1,10,0.0
295,sp1,11,0.0
295,sp1,12,0.0
295,sp2,1,0.0
295,sp2,2,0.0
295,sp2,3,0.0
295,sp2,4,0.0
295,sp2,5,0.0
295,sp2,6,0.0
295,sp2,7,0.0
295,sp2,8,0.2
295,sp2,9,0.1
295,sp2,10,1.3
295,sp2,11,0.0
295,sp2,12,0.0
298,sp1,1,3.3
298,sp1,2,3.9
298,sp1,3,12.6
298,sp1,4,1.8
298,sp1,5,13.0
298,sp1,6,2.9
298,sp1,7,85.8
298,sp1,8,1423.6
298,sp1,9,293.8
298,sp1,10,108.4
298,sp1,11,20.4
298,sp1,12,59.4
298,sp2,1,60.5
298,sp2,2,10.7
298,sp2,3,45.7
298,sp2,4,58.7
298,sp2,5,17.1
298,sp2,6,11.6
298,sp2,7,732.0
298,sp2,8,1213.2
298,sp2,9,453.3
298,sp2,10,218.4
298,sp2,11,30.2
298,sp2,12,54.2
299,sp1,1,0.0
299,sp1,2,0.0
299,sp1,3,0.0
299,sp1,4,0.0
299,sp1,5,0.0
299,sp1,6,0.0
299,sp1,7,0.0
299,sp1,8,0.0
299,sp1,9,0.0
299,sp1,10,0.0
299,sp1,11,0.0
299,sp1,12,0.0
299,sp2,1,0.0
299,sp2,2,0.0
299,sp2,3,0.0
299,sp2,4,0.1
299,sp2,5,0.0
299,sp2,6,0.0
299,sp2,7,0.0
299,sp2,8,0.4
299,sp2,9,0.0
299,sp2,10,0.0
299,sp2,11,0.0
299,sp2,12,0.0
3,sp1,1,133.7
3,sp1,2,9.9
3,sp1,3,1.9
3,sp1,4,0.0
3,sp1,5,0.4
3,sp1,6,0.1
3,sp1,7,0.1
3,sp1,8,13.4
3,sp1,9,433.4
3,sp1,10,1526.3
3,sp1,11,978.3
3,sp1,12,812.0
3,sp2,1,15.1
3,sp2,2,2.4
3,sp2,3,0.0
3,sp2,4,0.0
3,sp2,5,0.0
3,sp2,6,0.0
3,sp2,7,0.4
3,sp2,8,28.2
3,sp2,9,374.1
3,sp2,10,511.8
3,sp2,11,407.7
3,sp2,12,124.7
30,sp1,1,0.5
30,sp1,2,97.5
30,sp1,3,3.4
30,sp1,4,7.3
30,sp1,5,99.9
30,sp1,6,372.3
30,sp1,7,1185.0
30,sp1,8,1740.8
30,sp1,9,2611.4
30,sp1,10,557.9
30,sp1,11,16.6
30,sp1,12,51.2
30,sp2,1,0.3
30,sp2,2,0.9
30,sp2,3,1.1
30,sp2,4,3.1
30,sp2,5,311.2
30,sp2,6,753.1
30,sp2,7,572.0
30,sp2,8,791.7
30,sp2,9,564.8
30,sp2,10,274.1
30,sp2,11,11.8
30,sp2,12,10.8
300,sp1,1,0.0
300,sp1,2,0.0
300,sp1,3,3.1
300,sp1,4,0.3
300,sp1,5,0.2
300,sp1,6,0.2
300,sp1,7,0.1
300,sp1,8,0.2
300,sp1,9,0.0
300,sp1,10,0.0
300,sp1,11,0.0
300,sp1,12,0.0
300,sp2,1,0.0
300,sp2,2,0.0
300,sp2,3,0.0
300,sp2,4,0.0
300,sp2,5,0.0
300,sp2,6,0.0
300,sp2,7,0.0
300,sp2,8,0.0
300,sp2,9,0.0
300,sp2,10,0.0
300,sp2,11,0.0
300,sp2,12,0.0
31,sp1,1,29.7
31,sp1,2,18.8
31,sp1,3,38.5
31,sp1,4,113.3
31,sp1,5,3182.3
31,sp1,6,16013.3
31,sp1,7,40971.1
31,sp1,8,32187.1
31,sp1,9,41078.6
31,sp1,10,27789.8
31,sp1,11,1334.8
31,sp1,12,502.5
31,sp2,1,211.6
31,sp2,2,46.5
31,sp2,3,39.9
31,sp2,4,83.9
31,sp2,5,3972.3
31,sp2,6,25931.2
31,sp2,7,27472.0
31,sp2,8,17441.3
31,sp2,9,43151.5
31,sp2,10,21770.0
31,sp2,11,443.6
31,sp2,12,393.8
32,sp1,1,5.5
32,sp1,2,24.7
32,sp1,3,2.3
32,sp1,4,15.7
32,sp1,5,44.1
32,sp1,6,254.4
32,sp1,7,1675.6
32,sp1,8,2734.0
32,sp1,9,6275.5
32,sp1,10,2070.0
32,sp1,11,134.2
32,sp1,12,33.6
32,sp2,1,8.2
32,sp2,2,9.5
32,sp2,3,2.0
32,sp2,4,4.4
32,sp2,5,114.8
32,sp2,6,650.4
32,sp2,7,1870.6
32,sp2,8,1681.9
32,sp2,9,4108.0
32,sp2,10,1319.2
32,sp2,11,41.3
32,sp2,12,2.9
33,sp1,1,124.1
33,sp1,2,143.2
33,sp1,3,13.8
33,sp1,4,0.1
33,sp1,5,0.2
33,sp1,6,31.7
33,sp1,7,151.3
33,sp1,8,171.0
33,sp1,9,6013.1
33,sp1,10,11797.6
33,sp1,11,3732.9
33,sp1,12,594.7
33,sp2,1,738.8
33,sp2,2,18.8
33,sp2,3,7.2
33,sp2,4,0.0
33,sp2,5,0.1
33,sp2,6,0.0
33,sp2,7,1.2
33,sp2,8,20.0
33,sp2,9,1398.1
33,sp2,10,16879.3
33,sp2,11,1919.7
33,sp2,12,197.5
34,sp1,1,57.3
34,sp1,2,44.6
34,sp1,3,68.3
34,sp1,4,69.4
34,sp1,5,1456.8
34,sp1,6,9987.6
34,sp1,7,22333.7
34,sp1,8,27190.9
34,sp1,9,34632.1
34,sp1,10,8712.5
34,sp1,11,214.5
34,sp1,12,92.3
34,sp2,1,17.6
34,sp2,2,48.7
34,sp2,3,50.8
34,sp2,4,38.7
34,sp2,5,1202.2
34,sp2,6,9524.6
34,sp2,7,15268.9
34,sp2,8,10340.4
34,sp2,9,18679.0
34,sp2,10,3056.5
34,sp2,11,329.4
34,sp2,12,57.0
35,sp1,1,16846.5
35,sp1,2,1492.5
35,sp1,3,6.1
35,sp1,4,10.4
35,sp1,5,35.1
35,sp1,6,67.8
35,sp1,7,292.0
35,sp1,8,3458.9
35,sp1,9,23555.9
35,sp1,10,22657.4
35,sp1,11,4165.5
35,sp1,12,7559.0
35,sp2,1,6521.7
35,sp2,2,467.3
35,sp2,3,65.5
35,sp2,4,122.3
35,sp2,5,52.3
35,sp2,6,156.6
35,sp2,7,468.3
35,sp2,8,2249.0
35,sp2,9,23010.6
35,sp2,10,41377.3
35,sp2,11,5953.1
35,sp2,12,957.8
36,sp1,1,645.6
36,sp1,2,709.5
36,sp1,3,151.8
36,sp1,4,1576.4
36,sp1,5,16354.5
36,sp1,6,57893.0
36,sp1,7,87591.2
36,sp1,8,113156.5
36,sp1,9,138620.8
36,sp1,10,121819.0
36,sp1,11,5325.9
36,sp1,12,1176.0
36,sp2,1,1232.6
36,sp2,2,334.2
36,sp2,3,280.7
36,sp2,4,1123.7
36,sp2,5,14027.1
36,sp2,6,63143.1
36,sp2,7,55808.7
36,sp2,8,63356.6
36,sp2,9,208967.3
36,sp2,10,146352.8
36,sp2,11,7025.9
36,sp2,12,1398.5
37,sp1,1,20.3
37,sp1,2,16.1
37,sp1,3,13.9
37,sp1,4,106.9
37,sp1,5,1634.7
37,sp1,6,6029.3
37,sp1,7,17479.8
37,sp1,8,22588.4
37,sp1,9,50459.1
37,sp1,10,39376.9
37,sp1,11,3540.9
37,sp1,12,401.6
37,sp2,1,36.6
37,sp2,2,37.4
37,sp2,3,76.6
37,sp2,4,68.1
37,sp2,5,1830.6
37,sp2,6,7619.5
37,sp2,7,8942.6
37,sp2,8,9748.7
37,sp2,9,25089.3
37,sp2,10,29945.3
37,sp2,11,2264.9
37,sp2,12,178.0
38,sp1,1,0.8
38,sp1,2,0.3
38,sp1,3,3.0
38,sp1,4,1.7
38,sp1,5,41.6
38,sp1,6,410.3
38,sp1,7,2195.8
38,sp1,8,3378.8
38,sp1,9,13549.2
38,sp1,10,15675.9
38,sp1,11,1176.4
38,sp1,12,85.2
38,sp2,1,5.9
38,sp2,2,1.0
38,sp2,3,0.3
38,sp2,4,0.8
38,sp2,5,6.6
38,sp2,6,353.2
38,sp2,7,824.0
38,sp2,8,927.6
38,sp2,9,2664.0
38,sp2,10,2090.9
38,sp2,11,219.3
38,sp2,12,38.6
39,sp1,1,2025.9
39,sp1,2,582.0
39,sp1,3,39.1
39,sp1,4,36.2
39,sp1,5,33.9
39,sp1,6,260.1
39,sp1,7,3888.7
39,sp1,8,23627.9
39,sp1,9,59908.4
39,sp1,10,63384.8
39,sp1,11,4621.5
39,sp1,12,3602.6
39,sp2,1,1707.4
39,sp2,2,83.9
39,sp2,3,7.9
39,sp2,4,14.5
39,sp2,5,153.0
39,sp2,6,385.3
39,sp2,7,1233.7
39,sp2,8,6856.8
39,sp2,9,55459.2
39,sp2,10,68651.5
39,sp2,11,7935.2
39,sp2,12,1808.4
4,sp1,1,17.3
4,sp1,2,0.4
4,sp1,3,0.0
4,sp1,4,0.0
4,sp1,5,0.0
4,sp1,6,0.0
4,sp1,7,0.0
4,sp1,8,1.3
4,sp1,9,13.2
4,sp1,10,167.4
4,sp1,11,93.7
4,sp1,12,105.6
4,sp2,1,6.2
4,sp2,2,3.6
4,sp2,3,0.0
4,sp2,4,0.0
4,sp2,5,0.0
4,sp2,6,0.0
4,sp2,7,0.0
4,sp2,8,0.0
4,sp2,9,4.2
4,sp2,10,19.9
4,sp2,11,18.1
4,sp2,12,10.5
40,sp1,1,4843.7
40,sp1,2,40.7
40,sp1,3,29.5
40,sp1,4,48.2
40,sp1,5,36.2
40,sp1,6,365.4
40,sp1,7,3416.8
40,sp1,8,14829.2
40,sp1,9,21324.4
40,sp1,10,59077.3
40,sp1,11,8536.8
40,sp1,12,648.1
40,sp2,1,6420.8
40,sp2,2,78.7
40,sp2,3,13.4
40,sp2,4,92.0
40,sp2,5,36.2
40,sp2,6,331.3
40,sp2,7,1131.1
40,sp2,8,6504.7
40,sp2,9,30874.7
40,sp2,10,60574.6
40,sp2,11,3080.7
40,sp2,12,811.3
41,sp1,1,5.6
41,sp1,2,1.5
41,sp1,3,4.9
41,sp1,4,45.6
41,sp1,5,214.7
41,sp1,6,706.6
41,sp1,7,1077.4
41,sp1,8,1742.6
41,sp1,9,12319.5
41,sp1,10,3608.2
41,sp1,11,46.7
41,sp1,12,32.9
41,sp2,1,2.6
41,sp2,2,5.2
41,sp2,3,14.9
41,sp2,4,8.5
41,sp2,5,92.4
41,sp2,6,879.0
41,sp2,7,1154.0
41,sp2,8,2925.5
41,sp2,9,7547.9
41,sp2,10,1709.9
41,sp2,11,53.9
41,sp2,12,75.8
42,sp1,1,1000.5
42,sp1,2,74.1
42,sp1,3,30.3
42,sp1,4,0.0
42,sp1,5,0.5
42,sp1,6,0.4
42,sp1,7,0.6
42,sp1,8,6.5
42,sp1,9,88.3
42,sp1,10,1726.0
42,sp1,11,1839.4
42,sp1,12,510.3
42,sp2,1,66.4
42,sp2,2,21.1
42,sp2,3,0.0
42,sp2,4,0.0
42,sp2,5,0.0
42,sp2,6,0.0
42,sp2,7,0.3
42,sp2,8,143.5
42,sp2,9,420.4
42,sp2,10,1260.7
42,sp2,11,262.3
42,sp2,12,37.7
43,sp1,1,0.8
43,sp1,2,0.4
43,sp1,3,5.6
43,sp1,4,5.3
43,sp1,5,116.8
43,sp1,6,846.2
43,sp1,7,1882.6
43,sp1,8,5268.3
43,sp1,9,10340.7
43,sp1,10,1270.3
43,sp1,11,42.6
43,sp1,12,97.3
43,sp2,1,0.2
43,sp2,2,0.4
43,sp2,3,0.1
43,sp2,4,6.4
43,sp2,5,173.7
43,sp2,6,1528.0
43,sp2,7,1177.3
43,sp2,8,3438.2
43,sp2,9,13580.4
43,sp2,10,2389.5
43,sp2,11,3.4
43,sp2,12,0.1
44,sp1,1,29.2
44,sp1,2,18.6
44,sp1,3,7.6
44,sp1,4,17.7
44,sp1,5,97.8
44,sp1,6,107.9
44,sp1,7,635.2
44,sp1,8,4012.5
44,sp1,9,31779.8
44,sp1,10,10625.5
44,sp1,11,1359.5
44,sp1,12,115.3
44,sp2,1,35.0
44,sp2,2,13.0
44,sp2,3,19.9
44,sp2,4,38.1
44,sp2,5,38.9
44,sp2,6,122.6
44,sp2,7,442.2
44,sp2,8,9054.2
44,sp2,9,26872.2
44,sp2,10,16431.9
44,sp2,11,779.1
44,sp2,12,77.9
45,sp1,1,143.1
45,sp1,2,261.0
45,sp1,3,120.2
45,sp1,4,1682.1
45,sp1,5,7806.1
45,sp1,6,32255.4
45,sp1,7,54195.3
45,sp1,8,73755.4
45,sp1,9,128806.5
45,sp1,10,78082.6
45,sp1,11,3692.7
45,sp1,12,1193.2
45,sp2,1,171.6
45,sp2,2,105.1
45,sp2,3,93.2
45,sp2,4,936.2
45,sp2,5,18213.8
45,sp2,6,52125.5
45,sp2,7,40716.0
45,sp2,8,59916.6
45,sp2,9,60575.6
45,sp2,10,77390.2
45,sp2,11,7457.2
45,sp2,12,1082.8
46,sp1,1,0.0
46,sp1,2,0.0
46,sp1,3,2.1
46,sp1,4,0.0
46,sp1,5,0.0
46,sp1,6,0.4
46,sp1,7,1.8
46,sp1,8,29.8
46,sp1,9,757.7
46,sp1,10,727.2
46,sp1,11,7.4
46,sp1,12,0.1
46,sp2,1,0.3
46,sp2,2,0.0
46,sp2,3,0.0
46,sp2,4,0.7
46,sp2,5,0.0
46,sp2,6,0.1
46,sp2,7,2.0
46,sp2,8,31.4
46,sp2,9,1021.3
46,sp2,10,733.9
46,sp2,11,150.5
46,sp2,12,0.1
47,sp1,1,313.5
47,sp1,2,174.9
47,sp1,3,143.1
47,sp1,4,564.1
47,sp1,5,2995.5
47,sp1,6,13741.2
47,sp1,7,37958.9
47,sp1,8,60103.1
47,sp1,9,171751.9
47,sp1,10,180347.1
47,sp1,11,8691.6
47,sp1,12,1685.2
47,sp2,1,294.6
47,sp2,2,89.9
47,sp2,3,52.3
47,sp2,4,152.5
47,sp2,5,2398.4
47,sp2,6,19615.3
47,sp2,7,26388.5
47,sp2,8,45807.1
47,sp2,9,150051.9
47,sp2,10,109329.1
47,sp2,11,7898.2
47,sp2,12,587.8
48,sp1,1,63.4
48,sp1,2,22.8
48,sp1,3,4.9
48,sp1,4,95.9
48,sp1,5,1154.1
48,sp1,6,4452.9
48,sp1,7,10342.7
48,sp1,8,19343.9
48,sp1,9,51728.0
48,sp1,10,44197.4
48,sp1,11,2713.3
48,sp1,12,246.8
48,sp2,1,45.0
48,sp2,2,13.3
48,sp2,3,21.6
48,sp2,4,74.4
48,sp2,5,934.3
48,sp2,6,5130.7
48,sp2,7,6680.8
48,sp2,8,11067.5
48,sp2,9,16241.7
48,sp2,10,24214.9
48,sp2,11,1496.4
48,sp2,12,258.6
49,sp1,1,1.1
49,sp1,2,1.0
49,sp1,3,1.0
49,sp1,4,1.9
49,sp1,5,3.9
49,sp1,6,13.9
49,sp1,7,43.3
49,sp1,8,468.3
49,sp1,9,5800.2
49,sp1,10,6046.9
49,sp1,11,293.0
49,sp1,12,63.1
49,sp2,1,4.4
49,sp2,2,0.5
49,sp2,3,5.5
49,sp2,4,0.9
49,sp2,5,4.8
49,sp2,6,8.3
49,sp2,7,54.4
49,sp2,8,120.2
49,sp2,9,3454.5
49,sp2,10,3002.5
49,sp2,11,463.9
49,sp2,12,11.6
5,sp1,1,0.2
5,sp1,2,0.0
5,sp1,3,0.0
5,sp1,4,0.0
5,sp1,5,0.0
5,sp1,6,0.0
5,sp1,7,0.0
5,sp1,8,0.0
5,sp1,9,12.3
5,sp1,10,40.3
5,sp1,11,28.5
5,sp1,12,32.7
5,sp2,1,0.2
5,sp2,2,0.0
5,sp2,3,0.0
5,sp2,4,0.0
5,sp2,5,0.0
5,sp2,6,0.0
5,sp2,7,0.0
5,sp2,8,0.0
5,sp2,9,0.0
5,sp2,10,4.2
5,sp2,11,4.2
5,sp2,12,4.4
50,sp1,1,9.4
50,sp1,2,4.3
50,sp1,3,9.1
50,sp1,4,4.2
50,sp1,5,67.4
50,sp1,6,151.8
50,sp1,7,378.4
50,sp1,8,714.0
50,sp1,9,9146.6
50,sp1,10,5635.2
50,sp1,11,68.4
50,sp1,12,18.3
50,sp2,1,22.1
50,sp2,2,2.9
50,sp2,3,1.3
50,sp2,4,1.8
50,sp2,5,9.7
50,sp2,6,34.9
50,sp2,7,183.1
50,sp2,8,385.2
50,sp2,9,5715.6
50,sp2,10,1699.5
50,sp2,11,70.2
50,sp2,12,25.8
51,sp1,1,96.9
51,sp1,2,137.1
51,sp1,3,194.3
51,sp1,4,989.2
51,sp1,5,3342.8
51,sp1,6,13940.8
51,sp1,7,13912.7
51,sp1,8,15054.0
51,sp1,9,18598.5
51,sp1,10,13961.0
51,sp1,11,1249.5
51,sp1,12,56.2
51,sp2,1,140.2
51,sp2,2,12.0
51,sp2,3,4.2
51,sp2,4,785.0
51,sp2,5,6097.4
51,sp2,6,16514.7
51,sp2,7,19368.2
51,sp2,8,14878.0
51,sp2,9,21547.6
51,sp2,10,9348.4
51,sp2,11,1112.4
51,sp2,12,284.8
52,sp1,1,1432.2
52,sp1,2,1073.3
52,sp1,3,422.6
52,sp1,4,932.4
52,sp1,5,2753.5
52,sp1,6,7646.4
52,sp1,7,14733.0
52,sp1,8,10624.2
52,sp1,9,12892.7
52,sp1,10,16310.4
52,sp1,11,1154.8
52,sp1,12,1233.2
52,sp2,1,222.0
52,sp2,2,54.4
52,sp2,3,12.3
52,sp2,4,336.0
52,sp2,5,2382.8
52,sp2,6,6908.0
52,sp2,7,7414.3
52,sp2,8,20409.0
52,sp2,9,27422.5
52,sp2,10,34324.1
52,sp2,11,1802.1
52,sp2,12,356.0
53,sp1,1,10190.1
53,sp1,2,1051.8
53,sp1,3,157.1
53,sp1,4,588.5
53,sp1,5,3792.5
53,sp1,6,9945.1
53,sp1,7,22692.8
53,sp1,8,53483.4
53,sp1,9,165579.5
53,sp1,10,150364.0
53,sp1,11,15402.0
53,sp1,12,14929.6
53,sp2,1,6986.0
53,sp2,2,492.4
53,sp2,3,59.8
53,sp2,4,82.5
53,sp2,5,1974.8
53,sp2,6,7400.9
53,sp2,7,18155.8
53,sp2,8,34731.5
53,sp2,9,193497.7
53,sp2,10,221118.2
53,sp2,11,8953.4
53,sp2,12,1973.1
54,sp1,1,111.7
54,sp1,2,1024.2
54,sp1,3,15.4
54,sp1,4,0.2
54,sp1,5,1.2
54,sp1,6,8.5
54,sp1,7,32.4
54,sp1,8,229.1
54,sp1,9,2355.8
54,sp1,10,8988.5
54,sp1,11,3864.3
54,sp1,12,490.2
54,sp2,1,1478.9
54,sp2,2,61.3
54,sp2,3,1.6
54,sp2,4,0.0
54,sp2,5,1.0
54,sp2,6,18.2
54,sp2,7,44.6
54,sp2,8,105.1
54,sp2,9,2766.1
54,sp2,10,20913.0
54,sp2,11,4885.9
54,sp2,12,178.3
55,sp1,1,5.5
55,sp1,2,33.4
55,sp1,3,1.4
55,sp1,4,18.3
55,sp1,5,794.7
55,sp1,6,3592.3
55,sp1,7,3307.5
55,sp1,8,4096.0
55,sp1,9,22535.1
55,sp1,10,6196.0
55,sp1,11,39.0
55,sp1,12,64.5
55,sp2,1,4.2
55,sp2,2,1.9
55,sp2,3,2.1
55,sp2,4,11.9
55,sp2,5,217.6
55,sp2,6,1483.2
55,sp2,7,1011.7
55,sp2,8,4134.3
55,sp2,9,18697.1
55,sp2,10,7556.8
55,sp2,11,38.6
55,sp2,12,1.0
56,sp1,1,4023.1
56,sp1,2,2099.0
56,sp1,3,125.1
56,sp1,4,87.4
56,sp1,5,116.4
56,sp1,6,1046.0
56,sp1,7,1238.6
56,sp1,8,11101.3
56,sp1,9,73960.2
56,sp1,10,136454.8
56,sp1,11,30334.6
56,sp1,12,10361.2
56,sp2,1,1686.4
56,sp2,2,349.0
56,sp2,3,5.0
56,sp2,4,53.5
56,sp2,5,44.5
56,sp2,6,109.5
56,sp2,7,1183.8
56,sp2,8,9471.8
56,sp2,9,41903.5
56,sp2,10,221690.8
56,sp2,11,22527.4
56,sp2,12,4500.1
58,sp1,1,20.2
58,sp1,2,7.9
58,sp1,3,1.2
58,sp1,4,126.7
58,sp1,5,234.0
58,sp1,6,2307.8
58,sp1,7,5661.9
58,sp1,8,9308.0
58,sp1,9,30283.7
58,sp1,10,8766.5
58,sp1,11,244.1
58,sp1,12,79.3
58,sp2,1,7.5
58,sp2,2,0.4
58,sp2,3,0.4
58,sp2,4,0.4
58,sp2,5,94.2
58,sp2,6,2746.7
58,sp2,7,3238.0
58,sp2,8,12138.6
58,sp2,9,25090.4
58,sp2,10,10050.4
58,sp2,11,274.7
58,sp2,12,24.8
59,sp1,1,6.1
59,sp1,2,0.8
59,sp1,3,6.7
59,sp1,4,53.5
59,sp1,5,622.9
59,sp1,6,3415.5
59,sp1,7,11307.0
59,sp1,8,19057.2
59,sp1,9,42211.7
59,sp1,10,13613.6
59,sp1,11,822.5
59,sp1,12,93.6
59,sp2,1,7.5
59,sp2,2,0.7
59,sp2,3,1.9
59,sp2,4,15.6
59,sp2,5,1234.5
59,sp2,6,3795.3
59,sp2,7,16087.4
59,sp2,8,15990.7
59,sp2,9,31832.1
59,sp2,10,10315.8
59,sp2,11,244.7
59,sp2,12,1.9
6,sp1,1,0.0
6,sp1,2,0.0
6,sp1,3,0.0
6,sp1,4,0.0
6,sp1,5,0.0
6,sp1,6,0.0
6,sp1,7,0.0
6,sp1,8,0.0
6,sp1,9,0.0
6,sp1,10,7.4
6,sp1,11,17.7
6,sp1,12,12.1
6,sp2,1,1.1
6,sp2,2,0.0
6,sp2,3,0.0
6,sp2,4,0.0
6,sp2,5,0.0
6,sp2,6,0.0
6,sp2,7,0.0
6,sp2,8,0.0
6,sp2,9,0.0
6,sp2,10,0.0
6,sp2,11,2.2
6,sp2,12,11.7
60,sp1,1,1419.6
60,sp1,2,171.0
60,sp1,3,48.8
60,sp1,4,992.0
60,sp1,5,3017.4
60,sp1,6,12524.4
60,sp1,7,20423.3
60,sp1,8,42987.7
60,sp1,9,70070.6
60,sp1,10,54532.3
60,sp1,11,2393.0
60,sp1,12,1039.1
60,sp2,1,584.6
60,sp2,2,416.6
60,sp2,3,245.5
60,sp2,4,809.3
60,sp2,5,4776.6
60,sp2,6,16275.7
60,sp2,7,23475.8
60,sp2,8,79614.9
60,sp2,9,148472.7
60,sp2,10,67597.6
60,sp2,11,4554.3
60,sp2,12,1357.3
62,sp1,1,1.1
62,sp1,2,0.2
62,sp1,3,0.0
62,sp1,4,0.0
62,sp1,5,5.2
62,sp1,6,48.4
62,sp1,7,50.4
62,sp1,8,68.4
62,sp1,9,983.4
62,sp1,10,70.1
62,sp1,11,0.1
62,sp1,12,0.1
62,sp2,1,0.0
62,sp2,2,0.0
62,sp2,3,0.0
62,sp2,4,0.0
62,sp2,5,0.2
62,sp2,6,6.7
62,sp2,7,17.4
62,sp2,8,13.2
62,sp2,9,44.8
62,sp2,10,40.2
62,sp2,11,0.3
62,sp2,12,0.0
63,sp1,1,4.6
63,sp1,2,4.3
63,sp1,3,5.1
63,sp1,4,73.5
63,sp1,5,337.4
63,sp1,6,294.6
63,sp1,7,999.7
63,sp1,8,3593.3
63,sp1,9,38723.1
63,sp1,10,27036.3
63,sp1,11,514.2
63,sp1,12,36.8
63,sp2,1,28.9
63,sp2,2,30.3
63,sp2,3,4.6
63,sp2,4,7.5
63,sp2,5,53.2
63,sp2,6,450.0
63,sp2,7,390.2
63,sp2,8,5512.1
63,sp2,9,31372.2
63,sp2,10,27466.0
63,sp2,11,303.2
63,sp2,12,26.3
64,sp1,1,0.0
64,sp1,2,0.0
64,sp1,3,0.0
64,sp1,4,0.0
64,sp1,5,0.2
64,sp1,6,0.0
64,sp1,7,0.2
64,sp1,8,3.9
64,sp1,9,280.8
64,sp1,10,2462.4
64,sp1,11,2007.3
64,sp1,12,158.8
64,sp2,1,46.1
64,sp2,2,1.1
64,sp2,3,3.9
64,sp2,4,0.1
64,sp2,5,0.0
64,sp2,6,2.6
64,sp2,7,7.4
64,sp2,8,630.7
64,sp2,9,1583.5
64,sp2,10,6790.3
64,sp2,11,246.3
64,sp2,12,10.3
65,sp1,1,1228.1
65,sp1,2,94.4
65,sp1,3,22.7
65,sp1,4,133.6
65,sp1,5,75.2
65,sp1,6,125.1
65,sp1,7,964.5
65,sp1,8,7068.7
65,sp1,9,26123.7
65,sp1,10,27307.6
65,sp1,11,2424.7
65,sp1,12,1858.5
65,sp2,1,881.0
65,sp2,2,7.9
65,sp2,3,7.1
65,sp2,4,24.9
65,sp2,5,37.6
65,sp2,6,53.0
65,sp2,7,518.8
65,sp2,8,4030.5
65,sp2,9,20488.3
65,sp2,10,34650.5
65,sp2,11,4166.0
65,sp2,12,630.4
66,sp1,1,8.5
66,sp1,2,0.0
66,sp1,3,14.0
66,sp1,4,0.0
66,sp1,5,3.7
66,sp1,6,7.9
66,sp1,7,91.4
66,sp1,8,151.3
66,sp1,9,35801.4
66,sp1,10,24622.3
66,sp1,11,2726.7
66,sp1,12,753.5
66,sp2,1,34.7
66,sp2,2,0.0
66,sp2,3,0.0
66,sp2,4,0.0
66,sp2,5,0.2
66,sp2,6,0.0
66,sp2,7,37.2
66,sp2,8,841.7
66,sp2,9,3728.3
66,sp2,10,20934.0
66,sp2,11,211.7
66,sp2,12,4.4
67,sp1,1,714.0
67,sp1,2,65.4
67,sp1,3,25.1
67,sp1,4,12.3
67,sp1,5,60.9
67,sp1,6,301.6
67,sp1,7,261.4
67,sp1,8,1408.2
67,sp1,9,18086.0
67,sp1,10,6692.5
67,sp1,11,1947.8
67,sp1,12,391.2
67,sp2,1,63.4
67,sp2,2,38.7
67,sp2,3,9.1
67,sp2,4,24.4
67,sp2,5,26.6
67,sp2,6,94.1
67,sp2,7,473.0
67,sp2,8,1439.0
67,sp2,9,13713.7
67,sp2,10,9064.8
67,sp2,11,555.7
67,sp2,12,234.8
68,sp1,1,292.8
68,sp1,2,31.6
68,sp1,3,49.9
68,sp1,4,59.4
68,sp1,5,64.3
68,sp1,6,166.3
68,sp1,7,711.5
68,sp1,8,3296.4
68,sp1,9,30597.5
68,sp1,10,76501.7
68,sp1,11,17395.1
68,sp1,12,1054.2
68,sp2,1,235.0
68,sp2,2,30.0
68,sp2,3,57.2
68,sp2,4,38.3
68,sp2,5,45.4
68,sp2,6,265.0
68,sp2,7,563.2
68,sp2,8,4841.0
68,sp2,9,52466.7
68,sp2,10,70584.6
68,sp2,11,1989.5
68,sp2,12,120.2
69,sp1,1,17.8
69,sp1,2,0.3
69,sp1,3,5.4
69,sp1,4,0.6
69,sp1,5,53.2
69,sp1,6,98.3
69,sp1,7,507.4
69,sp1,8,13130.0
69,sp1,9,35458.8
69,sp1,10,27685.4
69,sp1,11,295.0
69,sp1,12,8.5
69,sp2,1,13.3
69,sp2,2,5.9
69,sp2,3,10.0
69,sp2,4,4.2
69,sp2,5,61.7
69,sp2,6,366.8
69,sp2,7,394.3
69,sp2,8,12487.3
69,sp2,9,60696.0
69,sp2,10,21095.7
69,sp2,11,269.0
69,sp2,12,0.9
7,sp1,1,0.0
7,sp1,2,0.0
7,sp1,3,0.0
7,sp1,4,0.0
7,sp1,5,0.0
7,sp1,6,0.0
7,sp1,7,0.0
7,sp1,8,0.0
7,sp1,9,0.0
7,sp1,10,0.0
7,sp1,11,0.0
7,sp1,12,0.0
7,sp2,1,0.0
7,sp2,2,0.0
7,sp2,3,0.0
7,sp2,4,0.0
7,sp2,5,0.0
7,sp2,6,0.0
7,sp2,7,0.0
7,sp2,8,0.0
7,sp2,9,0.9
7,sp2,10,1.8
7,sp2,11,0.0
7,sp2,12,0.0
70,sp1,1,19.4
70,sp1,2,12.1
70,sp1,3,2.4
70,sp1,4,13.2
70,sp1,5,74.1
70,sp1,6,598.5
70,sp1,7,1074.8
70,sp1,8,1873.2
70,sp1,9,3936.7
70,sp1,10,14167.5
70,sp1,11,860.5
70,sp1,12,148.5
70,sp2,1,0.0
70,sp2,2,20.2
70,sp2,3,0.1
70,sp2,4,5.0
70,sp2,5,185.4
70,sp2,6,397.7
70,sp2,7,495.3
70,sp2,8,3428.3
70,sp2,9,8575.1
70,sp2,10,6965.3
70,sp2,11,131.5
70,sp2,12,9.9
71,sp1,1,0.2
71,sp1,2,0.2
71,sp1,3,0.0
71,sp1,4,0.0
71,sp1,5,0.3
71,sp1,6,3.0
71,sp1,7,4.9
71,sp1,8,34.4
71,sp1,9,2264.6
71,sp1,10,1668.6
71,sp1,11,180.6
71,sp1,12,7.3
71,sp2,1,0.0
71,sp2,2,0.1
71,sp2,3,0.0
71,sp2,4,0.2
71,sp2,5,0.3
71,sp2,6,1.3
71,sp2,7,3.3
71,sp2,8,101.1
71,sp2,9,295.9
71,sp2,10,259.8
71,sp2,11,2.8
71,sp2,12,0.0
72,sp1,1,308.8
72,sp1,2,84.0
72,sp1,3,36.6
72,sp1,4,32.8
72,sp1,5,18.9
72,sp1,6,37.8
72,sp1,7,193.3
72,sp1,8,959.5
72,sp1,9,14171.4
72,sp1,10,15182.6
72,sp1,11,2862.6
72,sp1,12,487.1
72,sp2,1,148.9
72,sp2,2,32.6
72,sp2,3,4.9
72,sp2,4,86.3
72,sp2,5,82.7
72,sp2,6,153.4
72,sp2,7,86.0
72,sp2,8,420.4
72,sp2,9,8165.7
72,sp2,10,11511.2
72,sp2,11,383.0
72,sp2,12,296.2
73,sp1,1,1656.4
73,sp1,2,460.2
73,sp1,3,25.1
73,sp1,4,14.2
73,sp1,5,76.9
73,sp1,6,500.6
73,sp1,7,493.1
73,sp1,8,1801.6
73,sp1,9,6499.1
73,sp1,10,26115.8
73,sp1,11,6023.7
73,sp1,12,2094.0
73,sp2,1,134.9
73,sp2,2,18.1
73,sp2,3,0.2
73,sp2,4,0.3
73,sp2,5,1.0
73,sp2,6,20.5
73,sp2,7,179.5
73,sp2,8,899.2
73,sp2,9,5475.8
73,sp2,10,14608.2
73,sp2,11,1576.1
73,sp2,12,156.4
74,sp1,1,0.0
74,sp1,2,0.2
74,sp1,3,18.7
74,sp1,4,0.7
74,sp1,5,1.1
74,sp1,6,1.0
74,sp1,7,2.5
74,sp1,8,587.3
74,sp1,9,1334.8
74,sp1,10,564.2
74,sp1,11,17.3
74,sp1,12,0.0
74,sp2,1,0.3
74,sp2,2,0.0
74,sp2,3,20.7
74,sp2,4,0.8
74,sp2,5,0.3
74,sp2,6,0.2
74,sp2,7,0.4
74,sp2,8,230.4
74,sp2,9,2066.5
74,sp2,10,2112.2
74,sp2,11,93.8
74,sp2,12,1.8
75,sp1,1,4181.6
75,sp1,2,199.7
75,sp1,3,326.1
75,sp1,4,33.5
75,sp1,5,249.7
75,sp1,6,176.0
75,sp1,7,2428.9
75,sp1,8,5409.0
75,sp1,9,15213.3
75,sp1,10,25455.3
75,sp1,11,3525.9
75,sp1,12,1510.5
75,sp2,1,653.3
75,sp2,2,0.5
75,sp2,3,4.8
75,sp2,4,65.0
75,sp2,5,48.3
75,sp2,6,167.5
75,sp2,7,317.1
75,sp2,8,986.5
75,sp2,9,7470.0
75,sp2,10,25976.7
75,sp2,11,1764.7
75,sp2,12,160.8
76,sp1,1,35.3
76,sp1,2,275.6
76,sp1,3,15.2
76,sp1,4,0.0
76,sp1,5,0.0
76,sp1,6,0.1
76,sp1,7,1.9
76,sp1,8,5.2
76,sp1,9,894.3
76,sp1,10,5825.2
76,sp1,11,6633.3
76,sp1,12,6.6
76,sp2,1,766.7
76,sp2,2,12.9
76,sp2,3,0.1
76,sp2,4,0.0
76,sp2,5,0.0
76,sp2,6,0.1
76,sp2,7,4.5
76,sp2,8,252.8
76,sp2,9,146.0
76,sp2,10,11010.1
76,sp2,11,1820.7
76,sp2,12,1364.9
77,sp1,1,0.1
77,sp1,2,14.4
77,sp1,3,0.0
77,sp1,4,0.0
77,sp1,5,1.7
77,sp1,6,1.0
77,sp1,7,36.0
77,sp1,8,352.6
77,sp1,9,440.5
77,sp1,10,546.3
77,sp1,11,1.1
77,sp1,12,1.0
77,sp2,1,0.2
77,sp2,2,0.0
77,sp2,3,0.0
77,sp2,4,0.0
77,sp2,5,1.0
77,sp2,6,0.7
77,sp2,7,176.3
77,sp2,8,45.6
77,sp2,9,331.6
77,sp2,10,70.6
77,sp2,11,3.1
77,sp2,12,0.0
78,sp1,1,12.3
78,sp1,2,1.2
78,sp1,3,0.7
78,sp1,4,8.5
78,sp1,5,87.5
78,sp1,6,296.1
78,sp1,7,1443.5
78,sp1,8,5892.1
78,sp1,9,23300.5
78,sp1,10,37175.2
78,sp1,11,412.7
78,sp1,12,42.0
78,sp2,1,2.3
78,sp2,2,0.8
78,sp2,3,1.0
78,sp2,4,5.8
78,sp2,5,88.0
78,sp2,6,484.3
78,sp2,7,2000.1
78,sp2,8,9266.2
78,sp2,9,24471.5
78,sp2,10,38499.4
78,sp2,11,439.7
78,sp2,12,7.1
79,sp1,1,3251.2
79,sp1,2,56.2
79,sp1,3,56.4
79,sp1,4,19.0
79,sp1,5,32.5
79,sp1,6,498.2
79,sp1,7,844.1
79,sp1,8,12975.8
79,sp1,9,26839.8
79,sp1,10,30600.9
79,sp1,11,4359.2
79,sp1,12,2423.3
79,sp2,1,483.7
79,sp2,2,5.8
79,sp2,3,16.4
79,sp2,4,4.9
79,sp2,5,9.6
79,sp2,6,109.8
79,sp2,7,246.2
79,sp2,8,3873.3
79,sp2,9,16344.4
79,sp2,10,45856.9
79,sp2,11,3700.2
79,sp2,12,669.4
8,sp1,1,3.3
8,sp1,2,0.0
8,sp1,3,0.1
8,sp1,4,0.2
8,sp1,5,0.0
8,sp1,6,1.3
8,sp1,7,15.8
8,sp1,8,94.2
8,sp1,9,877.3
8,sp1,10,856.3
8,sp1,11,186.0
8,sp1,12,216.5
8,sp2,1,11.3
8,sp2,2,2.7
8,sp2,3,3.6
8,sp2,4,0.2
8,sp2,5,0.5
8,sp2,6,0.7
8,sp2,7,2.1
8,sp2,8,81.8
8,sp2,9,455.1
8,sp2,10,408.2
8,sp2,11,538.7
8,sp2,12,38.1
80,sp1,1,1.9
80,sp1,2,8.8
80,sp1,3,4.1
80,sp1,4,0.0
80,sp1,5,0.0
80,sp1,6,1.1
80,sp1,7,7.1
80,sp1,8,159.0
80,sp1,9,245.3
80,sp1,10,2496.8
80,sp1,11,1286.6
80,sp1,12,68.1
80,sp2,1,8.6
80,sp2,2,2.8
80,sp2,3,0.1
80,sp2,4,2.1
80,sp2,5,0.1
80,sp2,6,1.5
80,sp2,7,5.6
80,sp2,8,153.0
80,sp2,9,1723.4
80,sp2,10,4904.7
80,sp2,11,941.9
80,sp2,12,10.0
82,sp1,1,620.2
82,sp1,2,36.7
82,sp1,3,24.7
82,sp1,4,5.4
82,sp1,5,2.4
82,sp1,6,69.8
82,sp1,7,274.9
82,sp1,8,1528.7
82,sp1,9,3629.2
82,sp1,10,9733.1
82,sp1,11,1267.5
82,sp1,12,340.6
82,sp2,1,90.2
82,sp2,2,1.8
82,sp2,3,0.0
82,sp2,4,0.1
82,sp2,5,0.4
82,sp2,6,11.6
82,sp2,7,43.8
82,sp2,8,1277.7
82,sp2,9,2361.3
82,sp2,10,8548.9
82,sp2,11,480.2
82,sp2,12,324.0
83,sp1,1,44.3
83,sp1,2,5.1
83,sp1,3,57.7
83,sp1,4,409.8
83,sp1,5,1214.7
83,sp1,6,3892.5
83,sp1,7,8122.4
83,sp1,8,41442.7
83,sp1,9,105393.8
83,sp1,10,127911.8
83,sp1,11,1365.7
83,sp1,12,126.1
83,sp2,1,47.0
83,sp2,2,36.4
83,sp2,3,52.2
83,sp2,4,157.4
83,sp2,5,2132.3
83,sp2,6,5410.5
83,sp2,7,6606.8
83,sp2,8,51696.4
83,sp2,9,179398.8
83,sp2,10,132624.1
83,sp2,11,2859.5
83,sp2,12,200.5
84,sp1,1,0.0
84,sp1,2,0.0
84,sp1,3,0.0
84,sp1,4,0.0
84,sp1,5,2.2
84,sp1,6,4.5
84,sp1,7,107.5
84,sp1,8,165.5
84,sp1,9,579.9
84,sp1,10,1210.6
84,sp1,11,3.7
84,sp1,12,1.4
84,sp2,1,0.5
84,sp2,2,0.0
84,sp2,3,0.0
84,sp2,4,0.1
84,sp2,5,4.1
84,sp2,6,2.2
84,sp2,7,2.5
84,sp2,8,46.4
84,sp2,9,3086.7
84,sp2,10,301.7
84,sp2,11,14.9
84,sp2,12,0.0
85,sp1,1,3.2
85,sp1,2,0.4
85,sp1,3,0.4
85,sp1,4,6.5
85,sp1,5,7.3
85,sp1,6,22.4
85,sp1,7,544.8
85,sp1,8,3746.1
85,sp1,9,13585.0
85,sp1,10,4675.6
85,sp1,11,164.6
85,sp1,12,18.2
85,sp2,1,1.5
85,sp2,2,7.6
85,sp2,3,3.8
85,sp2,4,2.6
85,sp2,5,0.5
85,sp2,6,79.1
85,sp2,7,68.6
85,sp2,8,1326.8
85,sp2,9,8451.9
85,sp2,10,8661.0
85,sp2,11,121.2
85,sp2,12,18.8
86,sp1,1,0.0
86,sp1,2,0.0
86,sp1,3,0.0
86,sp1,4,0.0
86,sp1,5,0.0
86,sp1,6,0.0
86,sp1,7,0.0
86,sp1,8,0.0
86,sp1,9,0.0
86,sp1,10,0.0
86,sp1,11,0.0
86,sp1,12,0.0
86,sp2,1,0.0
86,sp2,2,0.0
86,sp2,3,0.0
86,sp2,4,0.0
86,sp2,5,0.0
86,sp2,6,0.0
86,sp2,7,0.0
86,sp2,8,1.9
86,sp2,9,0.0
86,sp2,10,0.0
86,sp2,11,0.0
86,sp2,12,0.0
87,sp1,1,88.1
87,sp1,2,17.9
87,sp1,3,35.2
87,sp1,4,360.8
87,sp1,5,1007.4
87,sp1,6,2764.5
87,sp1,7,1161.2
87,sp1,8,7161.1
87,sp1,9,18346.8
87,sp1,10,13219.6
87,sp1,11,492.7
87,sp1,12,7.8
87,sp2,1,5.2
87,sp2,2,3.9
87,sp2,3,31.2
87,sp2,4,19.2
87,sp2,5,131.6
87,sp2,6,292.7
87,sp2,7,526.0
87,sp2,8,2686.9
87,sp2,9,14022.3
87,sp2,10,3510.8
87,sp2,11,24.2
87,sp2,12,21.4
88,sp1,1,0.0
88,sp1,2,0.0
88,sp1,3,0.0
88,sp1,4,0.0
88,sp1,5,0.0
88,sp1,6,0.0
88,sp1,7,0.0
88,sp1,8,0.0
88,sp1,9,0.0
88,sp1,10,0.0
88,sp1,11,0.0
88,sp1,12,0.0
88,sp2,1,0.0
88,sp2,2,0.0
88,sp2,3,0.0
88,sp2,4,0.0
88,sp2,5,0.0
88,sp2,6,0.0
88,sp2,7,0.0
88,sp2,8,54.6
88,sp2,9,36.0
88,sp2,10,23.8
88,sp2,11,0.0
88,sp2,12,0.0
89,sp1,1,22367.1
89,sp1,2,4633.3
89,sp1,3,256.0
89,sp1,4,65.1
89,sp1,5,29.1
89,sp1,6,901.8
89,sp1,7,1124.8
89,sp1,8,7451.5
89,sp1,9,28498.0
89,sp1,10,84316.6
89,sp1,11,29601.8
89,sp1,12,10360.7
89,sp2,1,2365.0
89,sp2,2,19.2
89,sp2,3,103.4
89,sp2,4,52.1
89,sp2,5,114.8
89,sp2,6,82.8
89,sp2,7,1531.4
89,sp2,8,10124.7
89,sp2,9,25403.1
89,sp2,10,53396.4
89,sp2,11,3786.4
89,sp2,12,2051.2
9,sp1,1,727.6
9,sp1,2,45.9
9,sp1,3,0.7
9,sp1,4,1.6
9,sp1,5,0.8
9,sp1,6,5.6
9,sp1,7,160.6
9,sp1,8,416.6
9,sp1,9,939.3
9,sp1,10,2093.8
9,sp1,11,1452.0
9,sp1,12,562.0
9,sp2,1,49.8
9,sp2,2,1.3
9,sp2,3,0.0
9,sp2,4,1.5
9,sp2,5,133.6
9,sp2,6,17.9
9,sp2,7,108.1
9,sp2,8,198.0
9,sp2,9,636.2
9,sp2,10,503.2
9,sp2,11,86.3
9,sp2,12,79.3
90,sp1,1,3.5
90,sp1,2,0.2
90,sp1,3,10.4
90,sp1,4,89.5
90,sp1,5,112.3
90,sp1,6,371.3
90,sp1,7,1366.8
90,sp1,8,5856.8
90,sp1,9,25432.9
90,sp1,10,58334.0
90,sp1,11,2075.6
90,sp1,12,65.6
90,sp2,1,19.3
90,sp2,2,2.7
90,sp2,3,28.3
90,sp2,4,243.1
90,sp2,5,358.6
90,sp2,6,766.7
90,sp2,7,4474.5
90,sp2,8,16549.6
90,sp2,9,40082.1
90,sp2,10,43753.4
90,sp2,11,1156.7
90,sp2,12,41.3
91,sp1,1,77.9
91,sp1,2,18.4
91,sp1,3,0.3
91,sp1,4,0.0
91,sp1,5,59.8
91,sp1,6,28.2
91,sp1,7,1558.6
91,sp1,8,2516.5
91,sp1,9,5586.6
91,sp1,10,3348.2
91,sp1,11,111.4
91,sp1,12,17.9
91,sp2,1,9.4
91,sp2,2,0.3
91,sp2,3,1.0
91,sp2,4,4.3
91,sp2,5,118.5
91,sp2,6,799.1
91,sp2,7,423.5
91,sp2,8,5048.4
91,sp2,9,5784.5
91,sp2,10,14844.0
91,sp2,11,584.1
91,sp2,12,107.9
92,sp1,1,423.5
92,sp1,2,132.1
92,sp1,3,1.1
92,sp1,4,0.0
92,sp1,5,0.1
92,sp1,6,0.1
92,sp1,7,0.1
92,sp1,8,5.3
92,sp1,9,229.6
92,sp1,10,5877.8
92,sp1,11,1358.4
92,sp1,12,1711.6
92,sp2,1,43.6
92,sp2,2,0.0
92,sp2,3,0.0
92,sp2,4,0.0
92,sp2,5,0.0
92,sp2,6,0.0
92,sp2,7,0.0
92,sp2,8,2.2
92,sp2,9,0.8
92,sp2,10,1443.6
92,sp2,11,129.8
92,sp2,12,80.7
94,sp1,1,0.0
94,sp1,2,0.0
94,sp1,3,0.0
94,sp1,4,0.0
94,sp1,5,0.0
94,sp1,6,0.0
94,sp1,7,0.0
94,sp1,8,0.4
94,sp1,9,1.5
94,sp1,10,24.1
94,sp1,11,0.0
94,sp1,12,0.0
94,sp2,1,0.0
94,sp2,2,0.0
94,sp2,3,0.0
94,sp2,4,0.0
94,sp2,5,0.0
94,sp2,6,0.0
94,sp2,7,0.0
94,sp2,8,0.0
94,sp2,9,0.2
94,sp2,10,0.1
94,sp2,11,0.0
94,sp2,12,0.0
95,sp1,1,120.2
95,sp1,2,17.2
95,sp1,3,108.4
95,sp1,4,21.0
95,sp1,5,272.7
95,sp1,6,652.5
95,sp1,7,1962.6
95,sp1,8,9584.3
95,sp1,9,28271.2
95,sp1,10,13818.7
95,sp1,11,487.7
95,sp1,12,65.4
95,sp2,1,35.9
95,sp2,2,42.3
95,sp2,3,19.9
95,sp2,4,33.7
95,sp2,5,31.1
95,sp2,6,150.6
95,sp2,7,471.6
95,sp2,8,5234.9
95,sp2,9,38970.1
95,sp2,10,19741.3
95,sp2,11,2570.8
95,sp2,12,291.3
96,sp1,1,0.0
96,sp1,2,0.0
96,sp1,3,0.5
96,sp1,4,0.0
96,sp1,5,0.0
96,sp1,6,0.2
96,sp1,7,17.0
96,sp1,8,33.6
96,sp1,9,98.0
96,sp1,10,1.4
96,sp1,11,0.3
96,sp1,12,0.0
96,sp2,1,0.0
96,sp2,2,0.0
96,sp2,3,0.3
96,sp2,4,0.5
96,sp2,5,0.0
96,sp2,6,0.0
96,sp2,7,0.0
96,sp2,8,7.8
96,sp2,9,185.9
96,sp2,10,219.7
96,sp2,11,0.0
96,sp2,12,0.1
97,sp1,1,0.9
97,sp1,2,3.3
97,sp1,3,0.3
97,sp1,4,1.3
97,sp1,5,66.1
97,sp1,6,33.9
97,sp1,7,112.0
97,sp1,8,339.7
97,sp1,9,1893.2
97,sp1,10,1241.4
97,sp1,11,19.5
97,sp1,12,0.6
97,sp2,1,0.9
97,sp2,2,20.1
97,sp2,3,6.6
97,sp2,4,0.3
97,sp2,5,5.5
97,sp2,6,11.0
97,sp2,7,53.0
97,sp2,8,334.8
97,sp2,9,3356.0
97,sp2,10,1205.8
97,sp2,11,62.4
97,sp2,12,8.7
98,sp1,1,21.7
98,sp1,2,0.0
98,sp1,3,0.0
98,sp1,4,11.6
98,sp1,5,2.3
98,sp1,6,0.7
98,sp1,7,4.8
98,sp1,8,6.2
98,sp1,9,9.1
98,sp1,10,52.7
98,sp1,11,69.1
98,sp1,12,12.0
98,sp2,1,29.9
98,sp2,2,2.2
98,sp2,3,1.0
98,sp2,4,6.6
98,sp2,5,1.4
98,sp2,6,10.0
98,sp2,7,49.4
98,sp2,8,18.1
98,sp2,9,108.5
98,sp2,10,335.6
98,sp2,11,165.3
98,sp2,12,58.4
99,sp1,1,0.3
99,sp1,2,0.1
99,sp1,3,0.5
99,sp1,4,7.4
99,sp1,5,1.5
99,sp1,6,4.8
99,sp1,7,179.3
99,sp1,8,1704.4
99,sp1,9,4738.1
99,sp1,10,2085.4
99,sp1,11,184.0
99,sp1,12,18.4
99,sp2,1,6.5
99,sp2,2,0.6
99,sp2,3,3.0
99,sp2,4,2.0
99,sp2,5,1.0
99,sp2,6,36.0
99,sp2,7,825.2
99,sp2,8,1040.7
99,sp2,9,4355.5
99,sp2,10,2337.9
99,sp2,11,359.0
99,sp2,12,2.8
AMZ_CerraPant001,sp1,1,0.0
AMZ_CerraPant001,sp1,2,0.0
AMZ_CerraPant001,sp1,3,0.4
AMZ_CerraPant001,sp1,4,0.0
AMZ_CerraPant001,sp1,5,7.0
AMZ_CerraPant001,sp1,6,0.0
AMZ_CerraPant001,sp1,7,2.8
AMZ_CerraPant001,sp1,8,111.4
AMZ_CerraPant001,sp1,9,539.6
AMZ_CerraPant001,sp1,10,670.6
AMZ_CerraPant001,sp1,11,321.8
AMZ_CerraPant001,sp1,12,0.0
AMZ_CerraPant001,sp2,1,7.3
AMZ_CerraPant001,sp2,2,2.6
AMZ_CerraPant001,sp2,3,1.8
AMZ_CerraPant001,sp2,4,0.8
AMZ_CerraPant001,sp2,5,1.0
AMZ_CerraPant001,sp2,6,0.3
AMZ_CerraPant001,sp2,7,0.9
AMZ_CerraPant001,sp2,8,48.9
AMZ_CerraPant001,sp2,9,1312.5
AMZ_CerraPant001,sp2,10,197.4
AMZ_CerraPant001,sp2,11,188.2
AMZ_CerraPant001,sp2,12,0.9
AMZ_CerraPant002,sp1,1,0.0
AMZ_CerraPant002,sp1,2,0.0
AMZ_CerraPant002,sp1,3,0.0
AMZ_CerraPant002,sp1,4,0.0
AMZ_CerraPant002,sp1,5,0.0
AMZ_CerraPant002,sp1,6,0.0
AMZ_CerraPant002,sp1,7,0.0
AMZ_CerraPant002,sp1,8,0.0
AMZ_CerraPant002,sp1,9,0.0
AMZ_CerraPant002,sp1,10,0.0
AMZ_CerraPant002,sp1,11,0.0
AMZ_CerraPant002,sp1,12,0.0
AMZ_CerraPant002,sp2,1,0.0
AMZ_CerraPant002,sp2,2,0.0
AMZ_CerraPant002,sp2,3,0.0
AMZ_CerraPant002,sp2,4,0.0
AMZ_CerraPant002,sp2,5,0.0
AMZ_CerraPant002,sp2,6,0.0
AMZ_CerraPant002,sp2,7,5.8
AMZ_CerraPant002,sp2,8,0.1
AMZ_CerraPant002,sp2,9,0.0
AMZ_CerraPant002,sp2,10,0.0
AMZ_CerraPant002,sp2,11,0.0
AMZ_CerraPant002,sp2,12,0.0
AMZ_CerraPant004,sp1,1,0.5
AMZ_CerraPant004,sp1,2,0.0
AMZ_CerraPant004,sp1,3,0.0
AMZ_CerraPant004,sp1,4,0.2
AMZ_CerraPant004,sp1,5,0.0
AMZ_CerraPant004,sp1,6,0.7
AMZ_CerraPant004,sp1,7,863.6
AMZ_CerraPant004,sp1,8,2143.7
AMZ_CerraPant004,sp1,9,6488.4
AMZ_CerraPant004,sp1,10,370.6
AMZ_CerraPant004,sp1,11,69.8
AMZ_CerraPant004,sp1,12,26.1
AMZ_CerraPant004,sp2,1,69.0
AMZ_CerraPant004,sp2,2,37.1
AMZ_CerraPant004,sp2,3,15.4
AMZ_CerraPant004,sp2,4,10.2
AMZ_CerraPant004,sp2,5,24.4
AMZ_CerraPant004,sp2,6,197.7
AMZ_CerraPant004,sp2,7,195.1
AMZ_CerraPant004,sp2,8,929.6
AMZ_CerraPant004,sp2,9,1944.8
AMZ_CerraPant004,sp2,10,1746.6
AMZ_CerraPant004,sp2,11,330.1
AMZ_CerraPant004,sp2,12,473.2
AMZ_CerraPant005,sp1,1,0.0
AMZ_CerraPant005,sp1,2,0.0
AMZ_CerraPant005,sp1,3,0.0
AMZ_CerraPant005,sp1,4,0.0
AMZ_CerraPant005,sp1,5,0.0
AMZ_CerraPant005,sp1,6,0.0
AMZ_CerraPant005,sp1,7,0.3
AMZ_CerraPant005,sp1,8,0.7
AMZ_CerraPant005,sp1,9,6.5
AMZ_CerraPant005,sp1,10,28.5
AMZ_CerraPant005,sp1,11,0.0
AMZ_CerraPant005,sp1,12,14.9
AMZ_CerraPant005,sp2,1,0.0
AMZ_CerraPant005,sp2,2,0.3
AMZ_CerraPant005,sp2,3,0.0
AMZ_CerraPant005,sp2,4,0.0
AMZ_CerraPant005,sp2,5,0.0
AMZ_CerraPant005,sp2,6,0.0
AMZ_CerraPant005,sp2,7,0.0
AMZ_CerraPant005,sp2,8,14.7
AMZ_CerraPant005,sp2,9,1366.3
AMZ_CerraPant005,sp2,10,3.9
AMZ_CerraPant005,sp2,11,0.0
AMZ_CerraPant005,sp2,12,0.0
AMZ_CerraPant008,sp1,1,0.0
AMZ_CerraPant008,sp1,2,0.4
AMZ_CerraPant008,sp1,3,0.4
AMZ_CerraPant008,sp1,4,0.1
AMZ_CerraPant008,sp1,5,0.6
AMZ_CerraPant008,sp1,6,28.3
AMZ_CerraPant008,sp1,7,49.1
AMZ_CerraPant008,sp1,8,195.3
AMZ_CerraPant008,sp1,9,167.1
AMZ_CerraPant008,sp1,10,104.0
AMZ_CerraPant008,sp1,11,5.0
AMZ_CerraPant008,sp1,12,0.5
AMZ_CerraPant008,sp2,1,0.0
AMZ_CerraPant008,sp2,2,0.0
AMZ_CerraPant008,sp2,3,0.0
AMZ_CerraPant008,sp2,4,0.0
AMZ_CerraPant008,sp2,5,0.7
AMZ_CerraPant008,sp2,6,4.9
AMZ_CerraPant008,sp2,7,21.2
AMZ_CerraPant008,sp2,8,93.9
AMZ_CerraPant008,sp2,9,127.0
AMZ_CerraPant008,sp2,10,52.2
AMZ_CerraPant008,sp2,11,0.0
AMZ_CerraPant008,sp2,12,0.2
AMZ_CerraPant009,sp1,1,0.0
AMZ_CerraPant009,sp1,2,0.0
AMZ_CerraPant009,sp1,3,0.0
AMZ_CerraPant009,sp1,4,0.0
AMZ_CerraPant009,sp1,5,0.0
AMZ_CerraPant009,sp1,6,0.0
AMZ_CerraPant009,sp1,7,0.2
AMZ_CerraPant009,sp1,8,11.3
AMZ_CerraPant009,sp1,9,3.6
AMZ_CerraPant009,sp1,10,1.9
AMZ_CerraPant009,sp1,11,0.1
AMZ_CerraPant009,sp1,12,0.0
AMZ_CerraPant009,sp2,1,0.0
AMZ_CerraPant009,sp2,2,0.0
AMZ_CerraPant009,sp2,3,0.0
AMZ_CerraPant009,sp2,4,0.0
AMZ_CerraPant009,sp2,5,0.0
AMZ_CerraPant009,sp2,6,0.1
AMZ_CerraPant009,sp2,7,0.0
AMZ_CerraPant009,sp2,8,1.2
AMZ_CerraPant009,sp2,9,0.9
AMZ_CerraPant009,sp2,10,0.1
AMZ_CerraPant009,sp2,11,0.2
AMZ_CerraPant009,sp2,12,0.0
AMZ_CerraPant010,sp1,1,0.0
AMZ_CerraPant010,sp1,2,0.0
AMZ_CerraPant010,sp1,3,0.0
AMZ_CerraPant010,sp1,4,0.1
AMZ_CerraPant010,sp1,5,0.0
AMZ_CerraPant010,sp1,6,3.8
AMZ_CerraPant010,sp1,7,0.0
AMZ_CerraPant010,sp1,8,3.4
AMZ_CerraPant010,sp1,9,1.8
AMZ_CerraPant010,sp1,10,1289.3
AMZ_CerraPant010,sp1,11,0.0
AMZ_CerraPant010,sp1,12,0.0
AMZ_CerraPant010,sp2,1,0.0
AMZ_CerraPant010,sp2,2,0.0
AMZ_CerraPant010,sp2,3,0.0
AMZ_CerraPant010,sp2,4,0.0
AMZ_CerraPant010,sp2,5,0.0
AMZ_CerraPant010,sp2,6,0.0
AMZ_CerraPant010,sp2,7,0.0
AMZ_CerraPant010,sp2,8,0.0
AMZ_CerraPant010,sp2,9,0.0
AMZ_CerraPant010,sp2,10,0.0
AMZ_CerraPant010,sp2,11,0.0
AMZ_CerraPant010,sp2,12,0.0
AMZ_CerraPant011,sp1,1,0.0
AMZ_CerraPant011,sp1,2,0.0
AMZ_CerraPant011,sp1,3,0.0
AMZ_CerraPant011,sp1,4,0.0
AMZ_CerraPant011,sp1,5,0.0
AMZ_CerraPant011,sp1,6,0.4
AMZ_CerraPant011,sp1,7,0.5
AMZ_CerraPant011,sp1,8,1.5
AMZ_CerraPant011,sp1,9,0.1
AMZ_CerraPant011,sp1,10,0.0
AMZ_CerraPant011,sp1,11,0.0
AMZ_CerraPant011,sp1,12,0.0
AMZ_CerraPant011,sp2,1,0.0
AMZ_CerraPant011,sp2,2,0.0
AMZ_CerraPant011,sp2,3,1.4
AMZ_CerraPant011,sp2,4,0.1
AMZ_CerraPant011,sp2,5,0.2
AMZ_CerraPant011,sp2,6,0.4
AMZ_CerraPant011,sp2,7,0.1
AMZ_CerraPant011,sp2,8,4.2
AMZ_CerraPant011,sp2,9,11.6
AMZ_CerraPant011,sp2,10,0.3
AMZ_CerraPant011,sp2,11,0.0
AMZ_CerraPant011,sp2,12,0.0
AMZ_CerraPant012,sp1,1,0.0
AMZ_CerraPant012,sp1,2,0.0
AMZ_CerraPant012,sp1,3,0.0
AMZ_CerraPant012,sp1,4,0.0
AMZ_CerraPant012,sp1,5,0.0
AMZ_CerraPant012,sp1,6,0.0
AMZ_CerraPant012,sp1,7,0.0
AMZ_CerraPant012,sp1,8,0.0
AMZ_CerraPant012,sp1,9,0.0
AMZ_CerraPant012,sp1,10,0.3
AMZ_CerraPant012,sp1,11,0.0
AMZ_CerraPant012,sp1,12,0.0
AMZ_CerraPant012,sp2,1,0.0
AMZ_CerraPant012,sp2,2,0.0
AMZ_CerraPant012,sp2,3,0.0
AMZ_CerraPant012,sp2,4,0.0
AMZ_CerraPant012,sp2,5,0.0
AMZ_CerraPant012,sp2,6,0.0
AMZ_CerraPant012,sp2,7,0.0
AMZ_CerraPant012,sp2,8,0.0
AMZ_CerraPant012,sp2,9,0.0
AMZ_CerraPant012,sp2,10,0.0
AMZ_CerraPant012,sp2,11,0.0
AMZ_CerraPant012,sp2,12,0.0
AMZ_CerraPant013,sp1,1,0.0
AMZ_CerraPant013,sp1,2,0.0
AMZ_CerraPant013,sp1,3,0.0
AMZ_CerraPant013,sp1,4,0.0
AMZ_CerraPant013,sp1,5,0.0
AMZ_CerraPant013,sp1,6,0.0
AMZ_CerraPant013,sp1,7,0.0
AMZ_CerraPant013,sp1,8,0.0
AMZ_CerraPant013,sp1,9,0.0
AMZ_CerraPant013,sp1,10,0.0
AMZ_CerraPant013,sp1,11,0.0
AMZ_CerraPant013,sp1,12,0.0
AMZ_CerraPant013,sp2,1,0.0
AMZ_CerraPant013,sp2,2,0.0
AMZ_CerraPant013,sp2,3,0.0
AMZ_CerraPant013,sp2,4,0.0
AMZ_CerraPant013,sp2,5,0.0
AMZ_CerraPant013,sp2,6,0.0
AMZ_CerraPant013,sp2,7,0.0
AMZ_CerraPant013,sp2,8,0.0
AMZ_CerraPant013,sp2,9,0.0
AMZ_CerraPant013,sp2,10,0.0
AMZ_CerraPant013,sp2,11,0.0
AMZ_CerraPant013,sp2,12,0.0
AMZ_CerraPant014,sp1,1,6.8
AMZ_CerraPant014,sp1,2,7.1
AMZ_CerraPant014,sp1,3,0.0
AMZ_CerraPant014,sp1,4,1.1
AMZ_CerraPant014,sp1,5,0.2
AMZ_CerraPant014,sp1,6,5.3
AMZ_CerraPant014,sp1,7,7.3
AMZ_CerraPant014,sp1,8,398.7
AMZ_CerraPant014,sp1,9,10396.6
AMZ_CerraPant014,sp1,10,1786.6
AMZ_CerraPant014,sp1,11,35.4
AMZ_CerraPant014,sp1,12,3.3
AMZ_CerraPant014,sp2,1,14.4
AMZ_CerraPant014,sp2,2,0.1
AMZ_CerraPant014,sp2,3,7.5
AMZ_CerraPant014,sp2,4,1.8
AMZ_CerraPant014,sp2,5,0.7
AMZ_CerraPant014,sp2,6,16.1
AMZ_CerraPant014,sp2,7,72.1
AMZ_CerraPant014,sp2,8,2683.0
AMZ_CerraPant014,sp2,9,5357.2
AMZ_CerraPant014,sp2,10,1477.3
AMZ_CerraPant014,sp2,11,12.5
AMZ_CerraPant014,sp2,12,26.3
AMZ_CerraPant015,sp1,1,0.4
AMZ_CerraPant015,sp1,2,0.5
AMZ_CerraPant015,sp1,3,3.7
AMZ_CerraPant015,sp1,4,0.2
AMZ_CerraPant015,sp1,5,1.6
AMZ_CerraPant015,sp1,6,4.9
AMZ_CerraPant015,sp1,7,95.1
AMZ_CerraPant015,sp1,8,353.1
AMZ_CerraPant015,sp1,9,1046.8
AMZ_CerraPant015,sp1,10,906.1
AMZ_CerraPant015,sp1,11,205.4
AMZ_CerraPant015,sp1,12,13.6
AMZ_CerraPant015,sp2,1,2.4
AMZ_CerraPant015,sp2,2,0.0
AMZ_CerraPant015,sp2,3,1.4
AMZ_CerraPant015,sp2,4,1.7
AMZ_CerraPant015,sp2,5,0.1
AMZ_CerraPant015,sp2,6,1.8
AMZ_CerraPant015,sp2,7,179.8
AMZ_CerraPant015,sp2,8,257.4
AMZ_CerraPant015,sp2,9,2513.2
AMZ_CerraPant015,sp2,10,1223.3
AMZ_CerraPant015,sp2,11,11.5
AMZ_CerraPant015,sp2,12,2.0
AMZ_CerraPant016,sp1,1,0.1
AMZ_CerraPant016,sp1,2,0.0
AMZ_CerraPant016,sp1,3,0.0
AMZ_CerraPant016,sp1,4,0.0
AMZ_CerraPant016,sp1,5,0.0
AMZ_CerraPant016,sp1,6,0.0
AMZ_CerraPant016,sp1,7,0.0
AMZ_CerraPant016,sp1,8,0.2
AMZ_CerraPant016,sp1,9,1.5
AMZ_CerraPant016,sp1,10,0.0
AMZ_CerraPant016,sp1,11,0.0
AMZ_CerraPant016,sp1,12,0.0
AMZ_CerraPant016,sp2,1,0.0
AMZ_CerraPant016,sp2,2,0.0
AMZ_CerraPant016,sp2,3,0.0
AMZ_CerraPant016,sp2,4,0.0
AMZ_CerraPant016,sp2,5,0.0
AMZ_CerraPant016,sp2,6,0.0
AMZ_CerraPant016,sp2,7,0.0
AMZ_CerraPant016,sp2,8,0.0
AMZ_CerraPant016,sp2,9,0.0
AMZ_CerraPant016,sp2,10,0.0
AMZ_CerraPant016,sp2,11,0.0
AMZ_CerraPant016,sp2,12,0.0
AMZ_CerraPant017,sp1,1,1.1
AMZ_CerraPant017,sp1,2,2.4
AMZ_CerraPant017,sp1,3,0.1
AMZ_CerraPant017,sp1,4,1.5
AMZ_CerraPant017,sp1,5,16.1
AMZ_CerraPant017,sp1,6,9.7
AMZ_CerraPant017,sp1,7,97.2
AMZ_CerraPant017,sp1,8,798.4
AMZ_CerraPant017,sp1,9,7009.7
AMZ_CerraPant017,sp1,10,1386.6
AMZ_CerraPant017,sp1,11,179.4
AMZ_CerraPant017,sp1,12,28.1
AMZ_CerraPant017,sp2,1,3.0
AMZ_CerraPant017,sp2,2,0.0
AMZ_CerraPant017,sp2,3,0.4
AMZ_CerraPant017,sp2,4,9.1
AMZ_CerraPant017,sp2,5,4.3
AMZ_CerraPant017,sp2,6,34.7
AMZ_CerraPant017,sp2,7,136.8
AMZ_CerraPant017,sp2,8,1593.3
AMZ_CerraPant017,sp2,9,3918.5
AMZ_CerraPant017,sp2,10,1397.0
AMZ_CerraPant017,sp2,11,24.7
AMZ_CerraPant017,sp2,12,10.2
AMZ_CerraPant018,sp1,1,0.4
AMZ_CerraPant018,sp1,2,0.0
AMZ_CerraPant018,sp1,3,0.0
AMZ_CerraPant018,sp1,4,0.2
AMZ_CerraPant018,sp1,5,0.0
AMZ_CerraPant018,sp1,6,1.8
AMZ_CerraPant018,sp1,7,13.3
AMZ_CerraPant018,sp1,8,57.5
AMZ_CerraPant018,sp1,9,247.3
AMZ_CerraPant018,sp1,10,63.0
AMZ_CerraPant018,sp1,11,3.2
AMZ_CerraPant018,sp1,12,0.2
AMZ_CerraPant018,sp2,1,0.0
AMZ_CerraPant018,sp2,2,0.0
AMZ_CerraPant018,sp2,3,0.0
AMZ_CerraPant018,sp2,4,0.0
AMZ_CerraPant018,sp2,5,0.2
AMZ_CerraPant018,sp2,6,0.0
AMZ_CerraPant018,sp2,7,5.9
AMZ_CerraPant018,sp2,8,0.8
AMZ_CerraPant018,sp2,9,115.6
AMZ_CerraPant018,sp2,10,9.9
AMZ_CerraPant018,sp2,11,9.3
AMZ_CerraPant018,sp2,12,14.6
AMZ_CerraPant019,sp1,1,5.5
AMZ_CerraPant019,sp1,2,6.3
AMZ_CerraPant019,sp1,3,1.0
AMZ_CerraPant019,sp1,4,1.4
AMZ_CerraPant019,sp1,5,0.6
AMZ_CerraPant019,sp1,6,0.9
AMZ_CerraPant019,sp1,7,2.7
AMZ_CerraPant019,sp1,8,43.4
AMZ_CerraPant019,sp1,9,25.4
AMZ_CerraPant019,sp1,10,179.4
AMZ_CerraPant019,sp1,11,15.7
AMZ_CerraPant019,sp1,12,44.4
AMZ_CerraPant019,sp2,1,40.2
AMZ_CerraPant019,sp2,2,20.4
AMZ_CerraPant019,sp2,3,5.1
AMZ_CerraPant019,sp2,4,3.7
AMZ_CerraPant019,sp2,5,6.9
AMZ_CerraPant019,sp2,6,8.0
AMZ_CerraPant019,sp2,7,20.4
AMZ_CerraPant019,sp2,8,4155.4
AMZ_CerraPant019,sp2,9,3608.1
AMZ_CerraPant019,sp2,10,446.9
AMZ_CerraPant019,sp2,11,485.4
AMZ_CerraPant019,sp2,12,187.2
AMZ_CerraPant020,sp1,1,1.2
AMZ_CerraPant020,sp1,2,0.7
AMZ_CerraPant020,sp1,3,0.3
AMZ_CerraPant020,sp1,4,0.5
AMZ_CerraPant020,sp1,5,0.0
AMZ_CerraPant020,sp1,6,0.1
AMZ_CerraPant020,sp1,7,0.2
AMZ_CerraPant020,sp1,8,16.1
AMZ_CerraPant020,sp1,9,1352.1
AMZ_CerraPant020,sp1,10,563.6
AMZ_CerraPant020,sp1,11,1.3
AMZ_CerraPant020,sp1,12,0.7
AMZ_CerraPant020,sp2,1,0.0
AMZ_CerraPant020,sp2,2,0.0
AMZ_CerraPant020,sp2,3,0.3
AMZ_CerraPant020,sp2,4,0.0
AMZ_CerraPant020,sp2,5,0.0
AMZ_CerraPant020,sp2,6,0.0
AMZ_CerraPant020,sp2,7,0.0
AMZ_CerraPant020,sp2,8,23.2
AMZ_CerraPant020,sp2,9,132.4
AMZ_CerraPant020,sp2,10,12.4
AMZ_CerraPant020,sp2,11,0.0
AMZ_CerraPant020,sp2,12,0.0
AMZ_CerraPant022,sp1,1,0.0
AMZ_CerraPant022,sp1,2,0.0
AMZ_CerraPant022,sp1,3,0.0
AMZ_CerraPant022,sp1,4,0.0
AMZ_CerraPant022,sp1,5,0.0
AMZ_CerraPant022,sp1,6,0.0
AMZ_CerraPant022,sp1,7,0.0
AMZ_CerraPant022,sp1,8,0.0
AMZ_CerraPant022,sp1,9,0.0
AMZ_CerraPant022,sp1,10,0.0
AMZ_CerraPant022,sp1,11,0.0
AMZ_CerraPant022,sp1,12,0.0
AMZ_CerraPant022,sp2,1,0.0
AMZ_CerraPant022,sp2,2,0.0
AMZ_CerraPant022,sp2,3,0.0
AMZ_CerraPant022,sp2,4,0.0
AMZ_CerraPant022,sp2,5,0.0
AMZ_CerraPant022,sp2,6,0.0
AMZ_CerraPant022,sp2,7,0.0
AMZ_CerraPant022,sp2,8,0.0
AMZ_CerraPant022,sp2,9,0.0
AMZ_CerraPant022,sp2,10,0.0
AMZ_CerraPant022,sp2,11,0.0
AMZ_CerraPant022,sp2,12,0.0
AMZ_CerraPant023,sp1,1,77.5
AMZ_CerraPant023,sp1,2,58.8
AMZ_CerraPant023,sp1,3,76.6
AMZ_CerraPant023,sp1,4,39.4
AMZ_CerraPant023,sp1,5,156.6
AMZ_CerraPant023,sp1,6,831.0
AMZ_CerraPant023,sp1,7,14534.0
AMZ_CerraPant023,sp1,8,46892.0
AMZ_CerraPant023,sp1,9,68816.0
AMZ_CerraPant023,sp1,10,6082.6
AMZ_CerraPant023,sp1,11,79.7
AMZ_CerraPant023,sp1,12,15.5
AMZ_CerraPant023,sp2,1,13.4
AMZ_CerraPant023,sp2,2,44.1
AMZ_CerraPant023,sp2,3,12.3
AMZ_CerraPant023,sp2,4,32.2
AMZ_CerraPant023,sp2,5,230.3
AMZ_CerraPant023,sp2,6,3828.1
AMZ_CerraPant023,sp2,7,16338.3
AMZ_CerraPant023,sp2,8,55987.5
AMZ_CerraPant023,sp2,9,76356.8
AMZ_CerraPant023,sp2,10,4340.3
AMZ_CerraPant023,sp2,11,97.3
AMZ_CerraPant023,sp2,12,26.1
AMZ_CerraPant024,sp1,1,0.0
AMZ_CerraPant024,sp1,2,0.0
AMZ_CerraPant024,sp1,3,0.2
AMZ_CerraPant024,sp1,4,0.0
AMZ_CerraPant024,sp1,5,0.0
AMZ_CerraPant024,sp1,6,0.0
AMZ_CerraPant024,sp1,7,0.1
AMZ_CerraPant024,sp1,8,0.0
AMZ_CerraPant024,sp1,9,0.2
AMZ_CerraPant024,sp1,10,0.0
AMZ_CerraPant024,sp1,11,0.0
AMZ_CerraPant024,sp1,12,0.0
AMZ_CerraPant024,sp2,1,0.0
AMZ_CerraPant024,sp2,2,0.0
AMZ_CerraPant024,sp2,3,0.0
AMZ_CerraPant024,sp2,4,0.0
AMZ_CerraPant024,sp2,5,0.0
AMZ_CerraPant024,sp2,6,0.0
AMZ_CerraPant024,sp2,7,0.0
AMZ_CerraPant024,sp2,8,0.1
AMZ_CerraPant024,sp2,9,0.1
AMZ_CerraPant024,sp2,10,1.1
AMZ_CerraPant024,sp2,11,0.0
AMZ_CerraPant024,sp2,12,0.0
AMZ_CerraPant025,sp1,1,1.7
AMZ_CerraPant025,sp1,2,10.0
AMZ_CerraPant025,sp1,3,1.0
AMZ_CerraPant025,sp1,4,1.1
AMZ_CerraPant025,sp1,5,0.5
AMZ_CerraPant025,sp1,6,0.6
AMZ_CerraPant025,sp1,7,4.6
AMZ_CerraPant025,sp1,8,267.9
AMZ_CerraPant025,sp1,9,4520.5
AMZ_CerraPant025,sp1,10,1579.8
AMZ_CerraPant025,sp1,11,84.1
AMZ_CerraPant025,sp1,12,12.0
AMZ_CerraPant025,sp2,1,3.5
AMZ_CerraPant025,sp2,2,3.1
AMZ_CerraPant025,sp2,3,12.0
AMZ_CerraPant025,sp2,4,2.1
AMZ_CerraPant025,sp2,5,0.2
AMZ_CerraPant025,sp2,6,1.0
AMZ_CerraPant025,sp2,7,0.7
AMZ_CerraPant025,sp2,8,51.5
AMZ_CerraPant025,sp2,9,2633.8
AMZ_CerraPant025,sp2,10,585.0
AMZ_CerraPant025,sp2,11,24.7
AMZ_CerraPant025,sp2,12,48.0
AMZ_CerraPant026,sp1,1,0.0
AMZ_CerraPant026,sp1,2,0.1
AMZ_CerraPant026,sp1,3,0.0
AMZ_CerraPant026,sp1,4,0.2
AMZ_CerraPant026,sp1,5,0.0
AMZ_CerraPant026,sp1,6,0.0
AMZ_CerraPant026,sp1,7,0.3
AMZ_CerraPant026,sp1,8,10.1
AMZ_CerraPant026,sp1,9,384.6
AMZ_CerraPant026,sp1,10,682.3
AMZ_CerraPant026,sp1,11,97.0
AMZ_CerraPant026,sp1,12,6.6
AMZ_CerraPant026,sp2,1,33.6
AMZ_CerraPant026,sp2,2,0.6
AMZ_CerraPant026,sp2,3,0.0
AMZ_CerraPant026,sp2,4,0.1
AMZ_CerraPant026,sp2,5,0.0
AMZ_CerraPant026,sp2,6,0.4
AMZ_CerraPant026,sp2,7,0.3
AMZ_CerraPant026,sp2,8,54.2
AMZ_CerraPant026,sp2,9,311.3
AMZ_CerraPant026,sp2,10,318.7
AMZ_CerraPant026,sp2,11,18.4
AMZ_CerraPant026,sp2,12,0.0
AMZ_CerraPant027,sp1,1,1.5
AMZ_CerraPant027,sp1,2,4.4
AMZ_CerraPant027,sp1,3,0.0
AMZ_CerraPant027,sp1,4,0.7
AMZ_CerraPant027,sp1,5,0.0
AMZ_CerraPant027,sp1,6,0.0
AMZ_CerraPant027,sp1,7,0.0
AMZ_CerraPant027,sp1,8,1.7
AMZ_CerraPant027,sp1,9,1234.2
AMZ_CerraPant027,sp1,10,1539.2
AMZ_CerraPant027,sp1,11,23.6
AMZ_CerraPant027,sp1,12,26.7
AMZ_CerraPant027,sp2,1,0.2
AMZ_CerraPant027,sp2,2,0.0
AMZ_CerraPant027,sp2,3,0.0
AMZ_CerraPant027,sp2,4,0.0
AMZ_CerraPant027,sp2,5,0.2
AMZ_CerraPant027,sp2,6,40.0
AMZ_CerraPant027,sp2,7,0.0
AMZ_CerraPant027,sp2,8,57.6
AMZ_CerraPant027,sp2,9,109.1
AMZ_CerraPant027,sp2,10,1309.0
AMZ_CerraPant027,sp2,11,1.7
AMZ_CerraPant027,sp2,12,0.0
AMZ_CerraPant028,sp1,1,14.6
AMZ_CerraPant028,sp1,2,0.4
AMZ_CerraPant028,sp1,3,0.4
AMZ_CerraPant028,sp1,4,0.5
AMZ_CerraPant028,sp1,5,0.1
AMZ_CerraPant028,sp1,6,0.9
AMZ_CerraPant028,sp1,7,50.0
AMZ_CerraPant028,sp1,8,368.9
AMZ_CerraPant028,sp1,9,1888.8
AMZ_CerraPant028,sp1,10,775.0
AMZ_CerraPant028,sp1,11,126.8
AMZ_CerraPant028,sp1,12,0.3
AMZ_CerraPant028,sp2,1,0.1
AMZ_CerraPant028,sp2,2,0.1
AMZ_CerraPant028,sp2,3,0.0
AMZ_CerraPant028,sp2,4,0.0
AMZ_CerraPant028,sp2,5,1.1
AMZ_CerraPant028,sp2,6,11.3
AMZ_CerraPant028,sp2,7,48.9
AMZ_CerraPant028,sp2,8,391.1
AMZ_CerraPant028,sp2,9,1397.6
AMZ_CerraPant028,sp2,10,1291.2
AMZ_CerraPant028,sp2,11,16.5
AMZ_CerraPant028,sp2,12,1.6
AMZ_CerraPant029,sp1,1,98.4
AMZ_CerraPant029,sp1,2,0.2
AMZ_CerraPant029,sp1,3,11.6
AMZ_CerraPant029,sp1,4,0.3
AMZ_CerraPant029,sp1,5,0.0
AMZ_CerraPant029,sp1,6,0.1
AMZ_CerraPant029,sp1,7,0.0
AMZ_CerraPant029,sp1,8,0.5
AMZ_CerraPant029,sp1,9,393.8
AMZ_CerraPant029,sp1,10,619.9
AMZ_CerraPant029,sp1,11,19.0
AMZ_CerraPant029,sp1,12,1.8
AMZ_CerraPant029,sp2,1,0.0
AMZ_CerraPant029,sp2,2,0.3
AMZ_CerraPant029,sp2,3,0.0
AMZ_CerraPant029,sp2,4,0.0
AMZ_CerraPant029,sp2,5,0.3
AMZ_CerraPant029,sp2,6,0.0
AMZ_CerraPant029,sp2,7,1.6
AMZ_CerraPant029,sp2,8,2.1
AMZ_CerraPant029,sp2,9,53.3
AMZ_CerraPant029,sp2,10,16.2
AMZ_CerraPant029,sp2,11,31.2
AMZ_CerraPant029,sp2,12,0.0
AMZ_CerraPant030,sp1,1,4.4
AMZ_CerraPant030,sp1,2,0.1
AMZ_CerraPant030,sp1,3,2.6
AMZ_CerraPant030,sp1,4,2.2
AMZ_CerraPant030,sp1,5,0.7
AMZ_CerraPant030,sp1,6,3.7
AMZ_CerraPant030,sp1,7,6.5
AMZ_CerraPant030,sp1,8,165.9
AMZ_CerraPant030,sp1,9,3019.3
AMZ_CerraPant030,sp1,10,1979.6
AMZ_CerraPant030,sp1,11,21.3
AMZ_CerraPant030,sp1,12,1.4
AMZ_CerraPant030,sp2,1,1.9
AMZ_CerraPant030,sp2,2,1.0
AMZ_CerraPant030,sp2,3,3.0
AMZ_CerraPant030,sp2,4,3.7
AMZ_CerraPant030,sp2,5,2.8
AMZ_CerraPant030,sp2,6,6.7
AMZ_CerraPant030,sp2,7,24.1
AMZ_CerraPant030,sp2,8,24.2
AMZ_CerraPant030,sp2,9,437.7
AMZ_CerraPant030,sp2,10,2268.5
AMZ_CerraPant030,sp2,11,35.1
AMZ_CerraPant030,sp2,12,1.8
AMZ_CerraPant031,sp1,1,1.8
AMZ_CerraPant031,sp1,2,0.0
AMZ_CerraPant031,sp1,3,0.0
AMZ_CerraPant031,sp1,4,0.0
AMZ_CerraPant031,sp1,5,0.0
AMZ_CerraPant031,sp1,6,0.1
AMZ_CerraPant031,sp1,7,0.1
AMZ_CerraPant031,sp1,8,0.0
AMZ_CerraPant031,sp1,9,7.2
AMZ_CerraPant031,sp1,10,1.5
AMZ_CerraPant031,sp1,11,12.0
AMZ_CerraPant031,sp1,12,1.3
AMZ_CerraPant031,sp2,1,81.7
AMZ_CerraPant031,sp2,2,1.9
AMZ_CerraPant031,sp2,3,0.0
AMZ_CerraPant031,sp2,4,0.0
AMZ_CerraPant031,sp2,5,0.0
AMZ_CerraPant031,sp2,6,0.0
AMZ_CerraPant031,sp2,7,0.1
AMZ_CerraPant031,sp2,8,4586.2
AMZ_CerraPant031,sp2,9,4108.7
AMZ_CerraPant031,sp2,10,1302.8
AMZ_CerraPant031,sp2,11,17.4
AMZ_CerraPant031,sp2,12,1.0
AMZ_CerraPant032,sp1,1,0.0
AMZ_CerraPant032,sp1,2,0.0
AMZ_CerraPant032,sp1,3,0.0
AMZ_CerraPant032,sp1,4,0.1
AMZ_CerraPant032,sp1,5,0.1
AMZ_CerraPant032,sp1,6,0.0
AMZ_CerraPant032,sp1,7,0.0
AMZ_CerraPant032,sp1,8,3.0
AMZ_CerraPant032,sp1,9,0.2
AMZ_CerraPant032,sp1,10,3.4
AMZ_CerraPant032,sp1,11,0.0
AMZ_CerraPant032,sp1,12,0.0
AMZ_CerraPant032,sp2,1,0.0
AMZ_CerraPant032,sp2,2,0.0
AMZ_CerraPant032,sp2,3,0.0
AMZ_CerraPant032,sp2,4,0.0
AMZ_CerraPant032,sp2,5,0.5
AMZ_CerraPant032,sp2,6,0.4
AMZ_CerraPant032,sp2,7,0.0
AMZ_CerraPant032,sp2,8,0.8
AMZ_CerraPant032,sp2,9,4.3
AMZ_CerraPant032,sp2,10,6.8
AMZ_CerraPant032,sp2,11,0.0
AMZ_CerraPant032,sp2,12,0.0
AMZ_CerraPant033,sp1,1,3.8
AMZ_CerraPant033,sp1,2,44.9
AMZ_CerraPant033,sp1,3,1.1
AMZ_CerraPant033,sp1,4,18.4
AMZ_CerraPant033,sp1,5,184.1
AMZ_CerraPant033,sp1,6,374.3
AMZ_CerraPant033,sp1,7,627.4
AMZ_CerraPant033,sp1,8,545.5
AMZ_CerraPant033,sp1,9,1026.7
AMZ_CerraPant033,sp1,10,187.9
AMZ_CerraPant033,sp1,11,8.2
AMZ_CerraPant033,sp1,12,0.5
AMZ_CerraPant033,sp2,1,0.3
AMZ_CerraPant033,sp2,2,2.3
AMZ_CerraPant033,sp2,3,0.2
AMZ_CerraPant033,sp2,4,1.8
AMZ_CerraPant033,sp2,5,225.6
AMZ_CerraPant033,sp2,6,461.3
AMZ_CerraPant033,sp2,7,410.3
AMZ_CerraPant033,sp2,8,532.3
AMZ_CerraPant033,sp2,9,150.1
AMZ_CerraPant033,sp2,10,111.6
AMZ_CerraPant033,sp2,11,3.4
AMZ_CerraPant033,sp2,12,3.6
AMZ_CerraPant034,sp1,1,0.1
AMZ_CerraPant034,sp1,2,7.9
AMZ_CerraPant034,sp1,3,0.9
AMZ_CerraPant034,sp1,4,3.5
AMZ_CerraPant034,sp1,5,49.6
AMZ_CerraPant034,sp1,6,299.1
AMZ_CerraPant034,sp1,7,580.5
AMZ_CerraPant034,sp1,8,1158.5
AMZ_CerraPant034,sp1,9,2530.8
AMZ_CerraPant034,sp1,10,595.3
AMZ_CerraPant034,sp1,11,13.7
AMZ_CerraPant034,sp1,12,4.0
AMZ_CerraPant034,sp2,1,2.2
AMZ_CerraPant034,sp2,2,0.1
AMZ_CerraPant034,sp2,3,0.8
AMZ_CerraPant034,sp2,4,0.1
AMZ_CerraPant034,sp2,5,62.7
AMZ_CerraPant034,sp2,6,192.7
AMZ_CerraPant034,sp2,7,505.6
AMZ_CerraPant034,sp2,8,1133.7
AMZ_CerraPant034,sp2,9,1272.7
AMZ_CerraPant034,sp2,10,340.6
AMZ_CerraPant034,sp2,11,14.2
AMZ_CerraPant034,sp2,12,2.5
AMZ_CerraPant035,sp1,1,0.0
AMZ_CerraPant035,sp1,2,0.0
AMZ_CerraPant035,sp1,3,0.3
AMZ_CerraPant035,sp1,4,0.6
AMZ_CerraPant035,sp1,5,49.6
AMZ_CerraPant035,sp1,6,131.1
AMZ_CerraPant035,sp1,7,405.3
AMZ_CerraPant035,sp1,8,790.5
AMZ_CerraPant035,sp1,9,776.8
AMZ_CerraPant035,sp1,10,150.7
AMZ_CerraPant035,sp1,11,9.7
AMZ_CerraPant035,sp1,12,0.1
AMZ_CerraPant035,sp2,1,0.2
AMZ_CerraPant035,sp2,2,0.6
AMZ_CerraPant035,sp2,3,0.9
AMZ_CerraPant035,sp2,4,0.2
AMZ_CerraPant035,sp2,5,47.7
AMZ_CerraPant035,sp2,6,222.9
AMZ_CerraPant035,sp2,7,164.7
AMZ_CerraPant035,sp2,8,190.7
AMZ_CerraPant035,sp2,9,125.5
AMZ_CerraPant035,sp2,10,423.5
AMZ_CerraPant035,sp2,11,0.4
AMZ_CerraPant035,sp2,12,2.1
AMZ_CerraPant036,sp1,1,2.2
AMZ_CerraPant036,sp1,2,1.7
AMZ_CerraPant036,sp1,3,0.0
AMZ_CerraPant036,sp1,4,0.0
AMZ_CerraPant036,sp1,5,0.5
AMZ_CerraPant036,sp1,6,18.8
AMZ_CerraPant036,sp1,7,409.1
AMZ_CerraPant036,sp1,8,796.8
AMZ_CerraPant036,sp1,9,1112.4
AMZ_CerraPant036,sp1,10,270.9
AMZ_CerraPant036,sp1,11,24.4
AMZ_CerraPant036,sp1,12,87.4
AMZ_CerraPant036,sp2,1,0.0
AMZ_CerraPant036,sp2,2,0.0
AMZ_CerraPant036,sp2,3,0.0
AMZ_CerraPant036,sp2,4,0.0
AMZ_CerraPant036,sp2,5,14.7
AMZ_CerraPant036,sp2,6,51.3
AMZ_CerraPant036,sp2,7,287.1
AMZ_CerraPant036,sp2,8,534.1
AMZ_CerraPant036,sp2,9,350.4
AMZ_CerraPant036,sp2,10,110.0
AMZ_CerraPant036,sp2,11,19.7
AMZ_CerraPant036,sp2,12,0.1
AMZ_CerraPant037,sp1,1,0.0
AMZ_CerraPant037,sp1,2,0.6
AMZ_CerraPant037,sp1,3,0.0
AMZ_CerraPant037,sp1,4,0.0
AMZ_CerraPant037,sp1,5,0.0
AMZ_CerraPant037,sp1,6,0.0
AMZ_CerraPant037,sp1,7,0.0
AMZ_CerraPant037,sp1,8,0.3
AMZ_CerraPant037,sp1,9,15.0
AMZ_CerraPant037,sp1,10,11.6
AMZ_CerraPant037,sp1,11,6.3
AMZ_CerraPant037,sp1,12,0.0
AMZ_CerraPant037,sp2,1,0.6
AMZ_CerraPant037,sp2,2,0.1
AMZ_CerraPant037,sp2,3,0.1
AMZ_CerraPant037,sp2,4,0.1
AMZ_CerraPant037,sp2,5,0.0
AMZ_CerraPant037,sp2,6,0.2
AMZ_CerraPant037,sp2,7,0.4
AMZ_CerraPant037,sp2,8,12.7
AMZ_CerraPant037,sp2,9,14.6
AMZ_CerraPant037,sp2,10,410.1
AMZ_CerraPant037,sp2,11,66.7
AMZ_CerraPant037,sp2,12,3.7
AMZ_CerraPant038,sp1,1,0.0
AMZ_CerraPant038,sp1,2,0.1
AMZ_CerraPant038,sp1,3,0.4
AMZ_CerraPant038,sp1,4,0.7
AMZ_CerraPant038,sp1,5,0.1
AMZ_CerraPant038,sp1,6,0.1
AMZ_CerraPant038,sp1,7,11.4
AMZ_CerraPant038,sp1,8,35.4
AMZ_CerraPant038,sp1,9,52.1
AMZ_CerraPant038,sp1,10,22.3
AMZ_CerraPant038,sp1,11,6.7
AMZ_CerraPant038,sp1,12,0.4
AMZ_CerraPant038,sp2,1,10.0
AMZ_CerraPant038,sp2,2,0.4
AMZ_CerraPant038,sp2,3,0.0
AMZ_CerraPant038,sp2,4,0.1
AMZ_CerraPant038,sp2,5,2.6
AMZ_CerraPant038,sp2,6,2.9
AMZ_CerraPant038,sp2,7,9.0
AMZ_CerraPant038,sp2,8,44.7
AMZ_CerraPant038,sp2,9,261.9
AMZ_CerraPant038,sp2,10,16.1
AMZ_CerraPant038,sp2,11,2.6
AMZ_CerraPant038,sp2,12,1.2
AMZ_CerraPant039,sp1,1,8.0
AMZ_CerraPant039,sp1,2,17.1
AMZ_CerraPant039,sp1,3,3.6
AMZ_CerraPant039,sp1,4,1.0
AMZ_CerraPant039,sp1,5,2.7
AMZ_CerraPant039,sp1,6,11.6
AMZ_CerraPant039,sp1,7,29.0
AMZ_CerraPant039,sp1,8,75.0
AMZ_CerraPant039,sp1,9,129.9
AMZ_CerraPant039,sp1,10,69.4
AMZ_CerraPant039,sp1,11,6.0
AMZ_CerraPant039,sp1,12,22.7
AMZ_CerraPant039,sp2,1,1.8
AMZ_CerraPant039,sp2,2,0.1
AMZ_CerraPant039,sp2,3,0.3
AMZ_CerraPant039,sp2,4,0.9
AMZ_CerraPant039,sp2,5,2.4
AMZ_CerraPant039,sp2,6,105.8
AMZ_CerraPant039,sp2,7,37.6
AMZ_CerraPant039,sp2,8,17.2
AMZ_CerraPant039,sp2,9,269.9
AMZ_CerraPant039,sp2,10,20.2
AMZ_CerraPant039,sp2,11,4.3
AMZ_CerraPant039,sp2,12,0.4
AMZ_CerraPant041,sp1,1,106.6
AMZ_CerraPant041,sp1,2,0.5
AMZ_CerraPant041,sp1,3,2.7
AMZ_CerraPant041,sp1,4,113.6
AMZ_CerraPant041,sp1,5,188.6
AMZ_CerraPant041,sp1,6,149.3
AMZ_CerraPant041,sp1,7,1097.3
AMZ_CerraPant041,sp1,8,2652.2
AMZ_CerraPant041,sp1,9,13287.6
AMZ_CerraPant041,sp1,10,2612.9
AMZ_CerraPant041,sp1,11,204.4
AMZ_CerraPant041,sp1,12,138.6
AMZ_CerraPant041,sp2,1,350.7
AMZ_CerraPant041,sp2,2,0.0
AMZ_CerraPant041,sp2,3,1.1
AMZ_CerraPant041,sp2,4,6.5
AMZ_CerraPant041,sp2,5,38.6
AMZ_CerraPant041,sp2,6,134.8
AMZ_CerraPant041,sp2,7,513.3
AMZ_CerraPant041,sp2,8,1283.8
AMZ_CerraPant041,sp2,9,5473.0
AMZ_CerraPant041,sp2,10,2153.3
AMZ_CerraPant041,sp2,11,119.1
AMZ_CerraPant041,sp2,12,8.7
AMZ_CerraPant042,sp1,1,55.0
AMZ_CerraPant042,sp1,2,128.3
AMZ_CerraPant042,sp1,3,78.6
AMZ_CerraPant042,sp1,4,144.0
AMZ_CerraPant042,sp1,5,732.6
AMZ_CerraPant042,sp1,6,1660.3
AMZ_CerraPant042,sp1,7,6821.0
AMZ_CerraPant042,sp1,8,17958.2
AMZ_CerraPant042,sp1,9,33680.4
AMZ_CerraPant042,sp1,10,7486.0
AMZ_CerraPant042,sp1,11,362.5
AMZ_CerraPant042,sp1,12,47.5
AMZ_CerraPant042,sp2,1,22.4
AMZ_CerraPant042,sp2,2,5.0
AMZ_CerraPant042,sp2,3,16.3
AMZ_CerraPant042,sp2,4,20.8
AMZ_CerraPant042,sp2,5,295.4
AMZ_CerraPant042,sp2,6,2493.8
AMZ_CerraPant042,sp2,7,2825.7
AMZ_CerraPant042,sp2,8,10218.1
AMZ_CerraPant042,sp2,9,37447.6
AMZ_CerraPant042,sp2,10,10108.2
AMZ_CerraPant042,sp2,11,185.4
AMZ_CerraPant042,sp2,12,82.8
AMZ_CerraPant043,sp1,1,0.5
AMZ_CerraPant043,sp1,2,0.0
AMZ_CerraPant043,sp1,3,0.0
AMZ_CerraPant043,sp1,4,0.0
AMZ_CerraPant043,sp1,5,0.0
AMZ_CerraPant043,sp1,6,0.0
AMZ_CerraPant043,sp1,7,0.0
AMZ_CerraPant043,sp1,8,0.0
AMZ_CerraPant043,sp1,9,212.8
AMZ_CerraPant043,sp1,10,29.1
AMZ_CerraPant043,sp1,11,1.9
AMZ_CerraPant043,sp1,12,0.0
AMZ_CerraPant043,sp2,1,0.0
AMZ_CerraPant043,sp2,2,0.0
AMZ_CerraPant043,sp2,3,0.0
AMZ_CerraPant043,sp2,4,0.0
AMZ_CerraPant043,sp2,5,0.0
AMZ_CerraPant043,sp2,6,0.0
AMZ_CerraPant043,sp2,7,0.0
AMZ_CerraPant043,sp2,8,0.0
AMZ_CerraPant043,sp2,9,289.9
AMZ_CerraPant043,sp2,10,14.9
AMZ_CerraPant043,sp2,11,0.0
AMZ_CerraPant043,sp2,12,0.0
AMZ_CerraPant044,sp1,1,3.8
AMZ_CerraPant044,sp1,2,0.4
AMZ_CerraPant044,sp1,3,0.0
AMZ_CerraPant044,sp1,4,0.2
AMZ_CerraPant044,sp1,5,1.3
AMZ_CerraPant044,sp1,6,3.5
AMZ_CerraPant044,sp1,7,1.3
AMZ_CerraPant044,sp1,8,14.2
AMZ_CerraPant044,sp1,9,39.3
AMZ_CerraPant044,sp1,10,34.8
AMZ_CerraPant044,sp1,11,0.8
AMZ_CerraPant044,sp1,12,0.0
AMZ_CerraPant044,sp2,1,0.0
AMZ_CerraPant044,sp2,2,0.0
AMZ_CerraPant044,sp2,3,0.0
AMZ_CerraPant044,sp2,4,0.9
AMZ_CerraPant044,sp2,5,0.2
AMZ_CerraPant044,sp2,6,3.3
AMZ_CerraPant044,sp2,7,2.4
AMZ_CerraPant044,sp2,8,4.8
AMZ_CerraPant044,sp2,9,25.3
AMZ_CerraPant044,sp2,10,5.2
AMZ_CerraPant044,sp2,11,0.0
AMZ_CerraPant044,sp2,12,0.0
AMZ_CerraPant045,sp1,1,1.8
AMZ_CerraPant045,sp1,2,0.4
AMZ_CerraPant045,sp1,3,0.3
AMZ_CerraPant045,sp1,4,0.4
AMZ_CerraPant045,sp1,5,0.1
AMZ_CerraPant045,sp1,6,0.4
AMZ_CerraPant045,sp1,7,470.5
AMZ_CerraPant045,sp1,8,934.7
AMZ_CerraPant045,sp1,9,314.9
AMZ_CerraPant045,sp1,10,81.5
AMZ_CerraPant045,sp1,11,2.2
AMZ_CerraPant045,sp1,12,5.7
AMZ_CerraPant045,sp2,1,0.0
AMZ_CerraPant045,sp2,2,0.0
AMZ_CerraPant045,sp2,3,0.0
AMZ_CerraPant045,sp2,4,0.0
AMZ_CerraPant045,sp2,5,1.9
AMZ_CerraPant045,sp2,6,3.2
AMZ_CerraPant045,sp2,7,20.1
AMZ_CerraPant045,sp2,8,206.3
AMZ_CerraPant045,sp2,9,1.4
AMZ_CerraPant045,sp2,10,2.7
AMZ_CerraPant045,sp2,11,1.5
AMZ_CerraPant045,sp2,12,0.0
AMZ_CerraPant046,sp1,1,0.0
AMZ_CerraPant046,sp1,2,0.0
AMZ_CerraPant046,sp1,3,0.0
AMZ_CerraPant046,sp1,4,0.0
AMZ_CerraPant046,sp1,5,0.0
AMZ_CerraPant046,sp1,6,0.0
AMZ_CerraPant046,sp1,7,0.0
AMZ_CerraPant046,sp1,8,0.3
AMZ_CerraPant046,sp1,9,0.0
AMZ_CerraPant046,sp1,10,4.7
AMZ_CerraPant046,sp1,11,0.0
AMZ_CerraPant046,sp1,12,0.0
AMZ_CerraPant046,sp2,1,0.0
AMZ_CerraPant046,sp2,2,0.0
AMZ_CerraPant046,sp2,3,0.0
AMZ_CerraPant046,sp2,4,0.0
AMZ_CerraPant046,sp2,5,0.0
AMZ_CerraPant046,sp2,6,0.0
AMZ_CerraPant046,sp2,7,0.0
AMZ_CerraPant046,sp2,8,29.8
AMZ_CerraPant046,sp2,9,0.3
AMZ_CerraPant046,sp2,10,0.0
AMZ_CerraPant046,sp2,11,0.0
AMZ_CerraPant046,sp2,12,0.0
CAA_CerraPa001,sp1,1,0.0
CAA_CerraPa001,sp1,2,0.0
CAA_CerraPa001,sp1,3,0.0
CAA_CerraPa001,sp1,4,0.0
CAA_CerraPa001,sp1,5,0.0
CAA_CerraPa001,sp1,6,0.0
CAA_CerraPa001,sp1,7,0.0
CAA_CerraPa001,sp1,8,0.0
CAA_CerraPa001,sp1,9,41.6
CAA_CerraPa001,sp1,10,1.1
CAA_CerraPa001,sp1,11,20.6
CAA_CerraPa001,sp1,12,34.8
CAA_CerraPa001,sp2,1,1.3
CAA_CerraPa001,sp2,2,0.0
CAA_CerraPa001,sp2,3,0.0
CAA_CerraPa001,sp2,4,0.0
CAA_CerraPa001,sp2,5,0.0
CAA_CerraPa001,sp2,6,0.0
CAA_CerraPa001,sp2,7,0.0
CAA_CerraPa001,sp2,8,0.0
CAA_CerraPa001,sp2,9,0.2
CAA_CerraPa001,sp2,10,0.4
CAA_CerraPa001,sp2,11,4.4
CAA_CerraPa001,sp2,12,1.0
CAA_CerraPa002,sp1,1,0.0
CAA_CerraPa002,sp1,2,0.0
CAA_CerraPa002,sp1,3,0.0
CAA_CerraPa002,sp1,4,0.0
CAA_CerraPa002,sp1,5,0.0
CAA_CerraPa002,sp1,6,0.0
CAA_CerraPa002,sp1,7,0.0
CAA_CerraPa002,sp1,8,0.3
CAA_CerraPa002,sp1,9,96.7
CAA_CerraPa002,sp1,10,37.1
CAA_CerraPa002,sp1,11,5.1
CAA_CerraPa002,sp1,12,2.0
CAA_CerraPa002,sp2,1,0.0
CAA_CerraPa002,sp2,2,0.0
CAA_CerraPa002,sp2,3,0.0
CAA_CerraPa002,sp2,4,0.0
CAA_CerraPa002,sp2,5,0.0
CAA_CerraPa002,sp2,6,0.0
CAA_CerraPa002,sp2,7,0.0
CAA_CerraPa002,sp2,8,0.1
CAA_CerraPa002,sp2,9,2.3
CAA_CerraPa002,sp2,10,191.6
CAA_CerraPa002,sp2,11,0.1
CAA_CerraPa002,sp2,12,0.0
CAA_CerraPa003,sp1,1,605.5
CAA_CerraPa003,sp1,2,956.2
CAA_CerraPa003,sp1,3,33.4
CAA_CerraPa003,sp1,4,6.2
CAA_CerraPa003,sp1,5,10.3
CAA_CerraPa003,sp1,6,1.9
CAA_CerraPa003,sp1,7,3.1
CAA_CerraPa003,sp1,8,5.4
CAA_CerraPa003,sp1,9,567.7
CAA_CerraPa003,sp1,10,3954.7
CAA_CerraPa003,sp1,11,2673.8
CAA_CerraPa003,sp1,12,328.8
CAA_CerraPa003,sp2,1,331.0
CAA_CerraPa003,sp2,2,6.2
CAA_CerraPa003,sp2,3,0.0
CAA_CerraPa003,sp2,4,0.1
CAA_CerraPa003,sp2,5,0.2
CAA_CerraPa003,sp2,6,0.1
CAA_CerraPa003,sp2,7,16.5
CAA_CerraPa003,sp2,8,100.6
CAA_CerraPa003,sp2,9,331.0
CAA_CerraPa003,sp2,10,3431.8
CAA_CerraPa003,sp2,11,525.7
CAA_CerraPa003,sp2,12,37.0
CAA_CerraPa004,sp1,1,2.8
CAA_CerraPa004,sp1,2,0.0
CAA_CerraPa004,sp1,3,0.0
CAA_CerraPa004,sp1,4,0.0
CAA_CerraPa004,sp1,5,0.0
CAA_CerraPa004,sp1,6,0.0
CAA_CerraPa004,sp1,7,0.0
CAA_CerraPa004,sp1,8,0.0
CAA_CerraPa004,sp1,9,0.0
CAA_CerraPa004,sp1,10,0.0
CAA_CerraPa004,sp1,11,0.0
CAA_CerraPa004,sp1,12,0.0
CAA_CerraPa004,sp2,1,0.0
CAA_CerraPa004,sp2,2,0.0
CAA_CerraPa004,sp2,3,0.0
CAA_CerraPa004,sp2,4,0.0
CAA_CerraPa004,sp2,5,0.0
CAA_CerraPa004,sp2,6,0.0
CAA_CerraPa004,sp2,7,0.0
CAA_CerraPa004,sp2,8,0.0
CAA_CerraPa004,sp2,9,43.7
CAA_CerraPa004,sp2,10,5.0
CAA_CerraPa004,sp2,11,0.0
CAA_CerraPa004,sp2,12,0.0
CAA_CerraPa005,sp1,1,0.0
CAA_CerraPa005,sp1,2,0.0
CAA_CerraPa005,sp1,3,0.0
CAA_CerraPa005,sp1,4,0.0
CAA_CerraPa005,sp1,5,0.2
CAA_CerraPa005,sp1,6,1.2
CAA_CerraPa005,sp1,7,0.1
CAA_CerraPa005,sp1,8,0.0
CAA_CerraPa005,sp1,9,0.0
CAA_CerraPa005,sp1,10,3.1
CAA_CerraPa005,sp1,11,2.3
CAA_CerraPa005,sp1,12,2.0
CAA_CerraPa005,sp2,1,0.0
CAA_CerraPa005,sp2,2,0.0
CAA_CerraPa005,sp2,3,0.0
CAA_CerraPa005,sp2,4,0.0
CAA_CerraPa005,sp2,5,1.4
CAA_CerraPa005,sp2,6,0.0
CAA_CerraPa005,sp2,7,0.0
CAA_CerraPa005,sp2,8,0.0
CAA_CerraPa005,sp2,9,0.0
CAA_CerraPa005,sp2,10,0.5
CAA_CerraPa005,sp2,11,0.0
CAA_CerraPa005,sp2,12,0.0
CAA_CerraPa006,sp1,1,25.2
CAA_CerraPa006,sp1,2,0.0
CAA_CerraPa006,sp1,3,0.0
CAA_CerraPa006,sp1,4,0.0
CAA_CerraPa006,sp1,5,0.0
CAA_CerraPa006,sp1,6,0.0
CAA_CerraPa006,sp1,7,0.0
CAA_CerraPa006,sp1,8,0.0
CAA_CerraPa006,sp1,9,7.0
CAA_CerraPa006,sp1,10,290.1
CAA_CerraPa006,sp1,11,85.0
CAA_CerraPa006,sp1,12,122.0
CAA_CerraPa006,sp2,1,0.4
CAA_CerraPa006,sp2,2,0.0
CAA_CerraPa006,sp2,3,0.0
CAA_CerraPa006,sp2,4,0.0
CAA_CerraPa006,sp2,5,0.0
CAA_CerraPa006,sp2,6,0.0
CAA_CerraPa006,sp2,7,0.0
CAA_CerraPa006,sp2,8,0.0
CAA_CerraPa006,sp2,9,0.3
CAA_CerraPa006,sp2,10,22.0
CAA_CerraPa006,sp2,11,136.0
CAA_CerraPa006,sp2,12,11.5
CAA_CerraPa007,sp1,1,1.2
CAA_CerraPa007,sp1,2,0.7
CAA_CerraPa007,sp1,3,0.0
CAA_CerraPa007,sp1,4,0.0
CAA_CerraPa007,sp1,5,0.0
CAA_CerraPa007,sp1,6,0.0
CAA_CerraPa007,sp1,7,0.0
CAA_CerraPa007,sp1,8,0.4
CAA_CerraPa007,sp1,9,50.8
CAA_CerraPa007,sp1,10,197.9
CAA_CerraPa007,sp1,11,66.1
CAA_CerraPa007,sp1,12,24.8
CAA_CerraPa007,sp2,1,0.2
CAA_CerraPa007,sp2,2,0.0
CAA_CerraPa007,sp2,3,0.0
CAA_CerraPa007,sp2,4,0.0
CAA_CerraPa007,sp2,5,0.0
CAA_CerraPa007,sp2,6,0.0
CAA_CerraPa007,sp2,7,0.0
CAA_CerraPa007,sp2,8,2.7
CAA_CerraPa007,sp2,9,11.0
CAA_CerraPa007,sp2,10,221.3
CAA_CerraPa007,sp2,11,30.7
CAA_CerraPa007,sp2,12,0.3
CAA_CerraPa008,sp1,1,0.0
CAA_CerraPa008,sp1,2,0.0
CAA_CerraPa008,sp1,3,0.0
CAA_CerraPa008,sp1,4,0.0
CAA_CerraPa008,sp1,5,0.0
CAA_CerraPa008,sp1,6,0.0
CAA_CerraPa008,sp1,7,0.0
CAA_CerraPa008,sp1,8,0.0
CAA_CerraPa008,sp1,9,0.4
CAA_CerraPa008,sp1,10,5.4
CAA_CerraPa008,sp1,11,34.3
CAA_CerraPa008,sp1,12,14.3
CAA_CerraPa008,sp2,1,0.0
CAA_CerraPa008,sp2,2,0.0
CAA_CerraPa008,sp2,3,0.0
CAA_CerraPa008,sp2,4,0.0
CAA_CerraPa008,sp2,5,0.0
CAA_CerraPa008,sp2,6,0.0
CAA_CerraPa008,sp2,7,0.0
CAA_CerraPa008,sp2,8,0.0
CAA_CerraPa008,sp2,9,0.0
CAA_CerraPa008,sp2,10,7.6
CAA_CerraPa008,sp2,11,2.0
CAA_CerraPa008,sp2,12,0.0
CerraPa_MA001,sp1,1,0.0
CerraPa_MA001,sp1,2,0.0
CerraPa_MA001,sp1,3,0.0
CerraPa_MA001,sp1,4,0.0
CerraPa_MA001,sp1,5,0.0
CerraPa_MA001,sp1,6,0.0
CerraPa_MA001,sp1,7,0.0
CerraPa_MA001,sp1,8,0.0
CerraPa_MA001,sp1,9,0.0
CerraPa_MA001,sp1,10,0.0
CerraPa_MA001,sp1,11,0.0
CerraPa_MA001,sp1,12,0.0
CerraPa_MA001,sp2,1,0.0
CerraPa_MA001,sp2,2,0.0
CerraPa_MA001,sp2,3,0.0
CerraPa_MA001,sp2,4,0.0
CerraPa_MA001,sp2,5,0.0
CerraPa_MA001,sp2,6,0.0
CerraPa_MA001,sp2,7,0.0
CerraPa_MA001,sp2,8,0.1
CerraPa_MA001,sp2,9,0.0
CerraPa_MA001,sp2,10,0.0
CerraPa_MA001,sp2,11,0.0
CerraPa_MA001,sp2,12,0.0
CerraPa_MA004,sp1,1,0.8
CerraPa_MA004,sp1,2,9.0
CerraPa_MA004,sp1,3,74.8
CerraPa_MA004,sp1,4,0.0
CerraPa_MA004,sp1,5,13.2
CerraPa_MA004,sp1,6,0.8
CerraPa_MA004,sp1,7,92.1
CerraPa_MA004,sp1,8,57.1
CerraPa_MA004,sp1,9,2.0
CerraPa_MA004,sp1,10,293.7
CerraPa_MA004,sp1,11,39.7
CerraPa_MA004,sp1,12,63.7
CerraPa_MA004,sp2,1,64.0
CerraPa_MA004,sp2,2,0.9
CerraPa_MA004,sp2,3,5.0
CerraPa_MA004,sp2,4,1.4
CerraPa_MA004,sp2,5,0.4
CerraPa_MA004,sp2,6,0.7
CerraPa_MA004,sp2,7,3.9
CerraPa_MA004,sp2,8,8.7
CerraPa_MA004,sp2,9,40.2
CerraPa_MA004,sp2,10,103.4
CerraPa_MA004,sp2,11,61.7
CerraPa_MA004,sp2,12,12.3
