ap2006_code,area_ha,kept_ha,kept_share_2012,native_share_1985,native_share_2002,native_share_2009,native_share_2016,native_share_2025,net_pct_yr_1985-2002,net_pct_yr_2002-2009,net_pct_yr_2009-2016,net_pct_yr_2016-2025,type,share_in_cp_2004,share_in_cp_2019,main_uf
Ce001,13357.363455280036,11757.654201175017,0.8802376487350376,0.9384643497734154,0.8901140406274202,0.844636200844495,0.8375004503787361,0.7866316628020669,-0.29305687106417444,-0.726313894901157,-0.11495933431839539,-0.674620149774172,Nova,1.0,0.8020407643493603,PR
Ce002,86016.21551435495,56067.84655221491,0.651828800150571,0.8595570104786127,0.6955236612944217,0.6255941018198206,0.5803510134180397,0.5410144693351988,-1.1197546412550525,-1.4350372918044942,-1.031183759840212,-0.7529107308733796,Nova,0.968481221892894,0.8268390114230931,PR
Ce003,2952.4375195150014,2683.5737561600095,0.908934986234981,0.9900057886709502,0.6938797459646374,0.555142679477765,0.4966148748471265,0.422764854144135,-1.759616879786463,-2.8553930539856998,-1.5057662258595284,-1.6522980422506501,Nova,0.9933250025530644,1.0,PR
Ce004,40568.136551849995,13108.441223689997,0.3231216007897268,0.5128823133326776,0.4062288466531508,0.3640724891748385,0.3433694892175688,0.31855273202074974,-1.222722689957609,-1.4840985918062535,-0.8093421058595975,-0.8014050202572164,Nova,0.9049091295814251,0.5348085003321561,PR
Ce005,16926.77254560002,3819.192194804979,0.22563026616658519,0.746321048465002,0.47118330782794554,0.39315515963491343,0.35208201725839045,0.3009679932686856,-2.1652556674602486,-2.3628387770421293,-1.4864995467250064,-1.6123835163631695,Nova,0.9984513588332105,0.9964601045250308,PR
Ce006,4393.258916405022,3014.2604596299952,0.6861103606651408,0.4462125083913707,0.3532260547080866,0.30430083008468706,0.3014362171209892,0.269500265346077,-1.220065949670997,-1.9881549788390167,-0.1090306340025842,-1.1677026703308884,Nova,0.43745509065230354,0.8223393202047604,PR
Ce007,53309.909412625,6946.611722064981,0.130306200078064,0.6013784009021393,0.5206208823961662,0.5164235568073667,0.5102919892917008,0.49379094275679714,-0.7906918423790165,-0.11378132890072898,-0.16786168908729446,-0.3594583386970545,Nova,0.6055586344287588,0.2381113738447634,SP
Ce008,1321.9126051350047,0.0,0.0,0.853860322943931,0.852814886288872,0.8524525615353804,0.8471245150652096,0.8238909615964459,-0.011922036118699693,-0.0051862373617364965,-0.07875394862386642,-0.3047374848755292,Nova,0.8352266975828224,0.09511458509176925,SP
Ce009,8587.712429374946,0.0,0.0,0.6849753259318362,0.6396283279599244,0.6311658164554649,0.6301605902477676,0.6348659820683662,-0.3927800734385152,-0.18806254776081127,-0.015536040105852095,0.08296633534868993,Nova,0.7548446759746499,0.06356235104739247,SP
Ce011,835.251836505003,0.0,0.0,0.9512198696670426,0.9257006668797991,0.9316879043030052,0.9274676956742782,0.9137265664465886,-0.1578109986543194,0.09239699856424492,-0.06470910958233299,-0.1646194410361031,Nova,0.0,0.032905238718177035,SP
Ce012,7527.877996225075,0.0,0.0,0.4998344726192628,0.4898520998816141,0.4812183525920205,0.47614306075936935,0.4702378601238419,-0.015972698750269455,-0.24750129657694947,-0.15868853450330084,-0.15385099041004516,Nova,1.0,0.8893367263878672,SP
Ce013,3939.0788524249715,0.0,0.0,0.9588503634141297,0.8956661160642665,0.8747378594338325,0.8581050917996587,0.7449360920013197,-0.2040875201676696,-0.35627706230650763,-0.2801487465880159,-1.4762794292611947,Nova,0.9704925085623896,0.9807925398501678,SP
Ce014,59250.11440882,0.0,0.0,0.3565056953111232,0.24120888255904488,0.23616490619622385,0.23413235817836456,0.22999446866214382,-1.8987155154372497,-0.30179702211098336,-0.11662168451657923,-0.19749696232514496,Nova,1.0,1.0,SP
Ce015,85113.45166137,31582.558990225036,0.37106424864401605,0.3117249037541097,0.25283315219156477,0.24446752106268,0.2481400377578829,0.24296449510378937,-1.0994202463690879,-0.47238321823598806,0.21386894154961567,-0.22507742126210736,Nova,0.9831650502301821,0.7088008078112747,SP
Ce016,5327.39132831502,0.0,0.0,0.4604544819751135,0.448938479665912,0.45075656862157804,0.44454772338381154,0.4322241696804892,-0.14898626539174648,0.0611913903964391,-0.20638944596231995,-0.3095255515940118,Nova,1.0,0.4344280645565075,SP
Ce017,4633.080105285051,4354.227992145052,0.939812801245999,0.5043899275195891,0.5100526438452442,0.5080317978876692,0.5031870840199212,0.5142620238463884,0.04604481930657029,-0.055484502728445476,-0.1367870119367295,0.24855953074132378,Nova,0.9078634856943043,0.17432998618859794,SP
Ce018,15258.208490414994,0.0,0.0,0.33002899380191847,0.36223301462854335,0.35664207073132587,0.3567557102113141,0.35371931472024376,0.5719314460007684,-0.2169869625995572,0.005636374316656375,-0.09486649301267969,Nova,1.0,0.9588020200218867,SP
Ce019,1743.3592475650032,0.0,0.0,0.9649898312421418,0.9246036750435234,0.9365496137714518,0.9442787045858038,0.9452227213852612,-0.24725404207228685,0.18182618136550754,0.1158455590154325,0.01005219476613522,Nova,1.0,1.0,SP
Ce020,44540.81926528506,29416.01048407505,0.6604281414060511,0.351441968892212,0.2635411410696711,0.2677608000559574,0.26186102680839657,0.2649089486397301,-1.4711558024659406,0.22986777451886758,-0.3056211627678345,0.1296825191841587,Nova,0.9999704238340971,0.50827335967863,SP
Ce021,29944.097874399893,25623.11639747487,0.8556983918817885,0.43339961614886524,0.3756642639452575,0.37353805228721376,0.3682908308266299,0.3608338500065048,-0.7842793424438244,-0.08003030511994279,-0.197832431298417,-0.22753227273666232,Nova,1.0,0.129993586291434,SP
Ce022,5508.648793425023,2262.2968182400245,0.41068089527512486,0.5568698902365286,0.5032445727947419,0.4956219986710376,0.4858119300340892,0.47409397551723037,-0.5647783471029266,-0.2163836736183652,-0.2825529679990851,-0.27028629394552084,Nova,1.0,0.0,SP
Ce023,10779.95242102995,0.0,0.0,0.23874420343135166,0.2432227657459496,0.260703024257413,0.276811955812646,0.27240350230352917,0.18237368111936653,1.0200751014658862,0.8630101271871566,-0.18850506075418866,Nova,0.9921351504293656,0.16726345101277265,SP
Ce024,19817.196996929957,0.0,0.0,0.26976639187845597,0.2109000755619459,0.21014661711889532,0.2116483110721281,0.2096795672414868,-1.2807712784824217,-0.048773061949885274,0.10876820171001572,-0.10694729016161493,Nova,0.47140454772802615,0.7912218454980833,SP
Ce025,3264.42315059502,0.0,0.0,0.9732315410860095,0.9650528253174532,0.9532269757235431,0.9486283406813646,0.9360221784222821,-0.04809872308709511,-0.16931869155922025,-0.06855716972408166,-0.14848940703271968,Nova,1.0,1.0,SP
Ce026,27076.664312050012,0.0,0.0,0.3161734454209576,0.2027664048223553,0.20032536615615631,0.19721895402376724,0.19542426105900929,-2.1067296115598886,-0.17011697456787353,-0.21832902482038347,-0.09756038781270689,Nova,0.9011472945624669,0.9215355427158538,SP
Ce027,6802.009783629979,0.0,0.0,0.4631127575617971,0.4543288694498848,0.4519932248287675,0.44498809159611763,0.43747255627750453,-0.11354314133499822,-0.07066401190137794,-0.21917235063513918,-0.18805894283984406,Nova,1.0,0.22998429065110096,SP
Ce028,24236.952921890093,0.0,0.0,0.3794033617931577,0.29530100726144803,0.28847242012998875,0.2743428004872291,0.25756579229124826,-1.3028236116073477,-0.3292404726611472,-0.6987921977159425,-0.6763617194656988,Nova,1.0,0.7456441447754301,SP
Ce029,60518.82012199999,6625.665935089895,0.10948108244234114,0.2260114036255029,0.2076492414177226,0.19986868964738644,0.19988641353640177,0.1971349745796236,-0.47642250093981825,-0.5299533228398648,0.003522179975793246,-0.15238765678132266,Nova,0.9309988820764039,0.43839442683855784,SP
Ce030,91876.75868117492,69770.9261687599,0.7593969048350376,0.31896582574223886,0.3044367159078085,0.3009724814168127,0.2919043408024115,0.28077821051778495,-0.2559607003259523,-0.1600001692692524,-0.4231385507917922,-0.42337221794081936,Nova,1.0,0.5064283104631171,SP
Ce031,2193.096653675044,0.0,0.0,0.8130904549217317,0.8409982522980516,0.771390370785219,0.7706614552249036,0.7699993501076297,0.21090745690357646,-1.1814091011498693,-0.01404028994906405,-0.004917754929420789,Nova,1.0,0.8417306232749221,SP
Ce032,782.2322348849896,782.2322348849896,1.0,0.8739484744398347,0.8629040691267794,0.8692753505587405,0.8669393607201058,0.8713995414067403,-0.07433743747701814,0.10547905546784023,-0.03838977303057981,0.05716381725206313,Nova,1.0,1.0,SP
Ce033,87600.60707812004,73203.13770813002,0.8356464658155769,0.2922521452181608,0.25522790424687664,0.25761874811652774,0.25104457844195915,0.24030638656241338,-0.69062789131536,0.16700265782829046,-0.35643162281243485,-0.4625437688904419,Nova,0.8844072005443421,0.5694908929255068,SP
Ce034,197167.34630157973,102199.75040755002,0.5183401426483123,0.3010981501753939,0.24191755367368462,0.23347746624175847,0.2231640997982385,0.22058695772397002,-1.1571077042018052,-0.49697853926324864,-0.630358533153235,-0.12957610418754292,Nova,0.9999999994389792,0.6504729120357249,SP
Ce035,484775.7276115351,20322.82926754513,0.041922126274091025,0.24076699077313354,0.18038364064654092,0.18362301670027042,0.18781977698768584,0.18023540841501837,-1.4729956997090525,0.25823160543222584,0.3243315830552516,-0.4458737474111494,Nova,0.8055383475872698,0.7867182592244888,MS
Ce036,70362.02681896003,49875.91184192001,0.7088470030894597,0.8773971510184587,0.624194108236245,0.586579065242807,0.5715260513220046,0.4900502447297407,-1.6979654728720233,-0.8595958788972029,-0.36690197347402403,-1.5848040632044382,Nova,1.0,1.0,MS
Ce037,5029.890182069953,0.0,0.0,0.45077988870325864,0.4628714474220121,0.4704189198381404,0.46570758119296507,0.4691064799593899,0.16049033554165532,0.23318025360116018,-0.1419024805797602,0.0849867360388501,Nova,1.0,0.0,SP
Ce038,79806.99391017508,52254.281534560054,0.6547581731166776,0.45625691955132935,0.3255251548205019,0.31872847209725524,0.30916054566342444,0.28629603693507694,-1.6764345932583253,-0.280657613038953,-0.4193398902811245,-0.8388155772699654,Nova,1.0,0.5557686028729739,SP
Ce039,1597.4469063800009,1564.999348074994,0.9796878643193615,0.7688087253637869,0.7310343218665778,0.6591020083643463,0.6412827599018724,0.613620403928131,-0.286976307940474,-1.4056856492472427,-0.3804168518480374,-0.4803985262018689,Nova,0.9799431879632169,1.0,SP
Ce040,2204.994845720039,2204.5671502000405,0.9998060333243732,0.7386391785689763,0.6432398519060197,0.6747569381363477,0.6866530315889046,0.6818200555442795,-0.7608990997724098,0.7005289911299403,0.25350727553918556,-0.07945516315607125,Nova,1.0,1.0,SP
Ce041,618399.0244402547,331032.36754772987,0.5353054491755782,0.5454867073231753,0.38641478514117034,0.34536833586798865,0.3249246936980374,0.2948597803381956,-1.715102570201658,-1.5184190017889525,-0.8457070325742357,-1.0261217235544136,Nova,0.9999996937909307,0.9994307181907712,MS
Ce042,1097138.8363887565,152460.72016090972,0.1389621031580066,0.6861078485027399,0.32053645036464573,0.2699325263481822,0.2632089321803914,0.2423639150554435,-3.1332733361930285,-2.252348305633069,-0.3568247788149776,-0.8722808773909803,Nova,0.9999998798406858,0.9897815692989673,MS
Ce043,1432561.3277820544,1000002.1120337356,0.6980518688033948,0.7911221383028385,0.5399119943068408,0.4946414003099264,0.47651596778050853,0.43780821102633255,-1.8682496855856545,-1.1952189690025175,-0.5275624312891953,-0.8998025002884035,Nova|Nova|Protegida,0.9999793791820517,1.0,MS
Ce044,1784.1230649250026,1784.1230649250026,1.0,0.7249377316548423,0.862248032269348,0.8829923251187605,0.8000178729377454,0.9085986680301027,1.1148306626798266,0.34300598981197783,-1.3406043853031362,1.5038960426997938,Nova,1.0,0.9728837626052272,SP
Ce045,10771.309395465076,9479.945563275049,0.8801107846058422,0.470520816196927,0.42151858994191643,0.4054267622416723,0.37354234106006023,0.36953435056767103,-0.6108963568401071,-0.5467557516171085,-1.1219538880437172,-0.12084013140402947,Nova,1.0,0.41434999536584566,SP
Ce046,5484.463296645018,0.0,0.0,0.45601764148136104,0.38578501009575217,0.3737219031085559,0.35432737703187345,0.3250245007702263,-0.905731136996785,-0.44648887226422007,-0.7411593887041316,-0.9196658211903531,Nova,1.0,0.14484852513572594,SP
Ce047,25946.766281445045,4517.212277425038,0.17409538546833755,0.25700721716696695,0.1920912874144622,0.18970120037357446,0.1805747422686481,0.16736539935744896,-1.4847675268996037,-0.1784771651826286,-0.6846493139628167,-0.8137925308802911,Nova,1.0,0.3766591986556644,SP
Ce048,77927.96907035001,54315.248001395,0.6969929878752715,0.4678897894631743,0.3653406226914907,0.3570808849945762,0.35296669243588524,0.3336474977591477,-1.2815212056911947,-0.3196684084952233,-0.1560271914400684,-0.6159687963051835,Nova,0.9909412036571524,0.711929125508336,SP
Ce049,65926.29079024987,65600.42576237986,0.9950571308659427,0.8203662579870022,0.6837177234116844,0.6576946679956722,0.6374030904027483,0.6126703494940247,-0.9804690374847143,-0.5420449777498607,-0.44117205687503724,-0.4299626370423939,Nova,1.0,1.0,MS
Ce050,6437.039504615012,3705.0309979100407,0.5755799689055399,0.4276144510058899,0.32920278580601287,0.30519096343165714,0.2895962570177102,0.24197614179685484,-1.3425951186528051,-1.0418172333936906,-0.7280325151171639,-1.824772244359121,Nova,1.0,1.0,MS
Ce051,124652.24452393997,34909.65498870996,0.2800563689970735,0.6675801177491161,0.3827290493726903,0.33153971063658944,0.31396072910335626,0.27555234204279855,-2.509877995533113,-1.9050299676697597,-0.7572137496390534,-1.3551872638003084,Nova,1.0,1.0,MS
Ce052,20922.60785902996,13643.127600804968,0.6520758641909331,0.7697576157749026,0.6522625808486577,0.6271558701591587,0.5997834685346604,0.5420772254690509,-0.8988741364574511,-0.5491113078819253,-0.6266749735123993,-1.072155405428802,Nova,1.0,1.0,MS
Ce053,76419.5090455497,35528.32857335483,0.46491176163115944,0.6461047802087474,0.4419234461114049,0.3878948512195641,0.37623605575917995,0.35002968714259397,-1.8581170307608197,-1.7463778026143357,-0.43128195235426614,-0.7721298544765258,Nova,1.0,1.0,MS
Ce054,556316.2307756951,133033.84795760986,0.23913350105229753,0.4963721081546384,0.32107112820322614,0.2904364894974216,0.28749629843152524,0.2635566047711328,-2.0764326613020634,-1.3577684004576738,-0.12741927839834727,-0.9216270259508405,Nova,0.9999987316301935,0.9998961540826259,MS
Ce055,49750.380621189935,34918.377504654985,0.7018715649741657,0.812329384157106,0.5166486420710618,0.4371432239546886,0.42385457405552357,0.37147145869000775,-2.1411051050780197,-2.196361638098441,-0.4366319096437842,-1.374131659954145,Nova,1.0,1.0,MS
Ce056,393548.2531520396,94096.16842242985,0.23909690277821574,0.30476466608716385,0.2151266544742747,0.2055057052559653,0.2075517679937941,0.19073781033924253,-1.7186080798607533,-0.647933593603746,0.17630941860585622,-0.9200546296328419,Nova,0.968803440274802,0.9611690306395257,MG
Ce057,64532.36705891998,46376.04898142492,0.7186478831480364,0.8471098310649989,0.7106492429352563,0.676452478842581,0.6725675675208688,0.6199409988860626,-0.9452840394812559,-0.6866366148065128,-0.07403695973317502,-0.8673192496163237,Nova|Nova|Protegida,1.0,1.0,MS
Ce058,52250.04087674499,15168.687826784924,0.29030958774878346,0.45192023050891594,0.38521068087177435,0.3757224984840699,0.35914181754515256,0.3437522192133649,-0.8593883253640784,-0.3494010438634208,-0.6111263201568485,-0.4764657828696617,Nova,1.0,0.5180948285611456,SP
Ce059,67769.60052554487,45996.966468369836,0.6787256544478505,0.754867230142223,0.6882955977583366,0.6818901299401113,0.6798144851553344,0.6359477356709705,-0.4974282539577918,-0.1342193182541854,-0.02545550797672063,-0.7260491274464671,Nova,0.9701281303439004,0.9922433134975193,MG
Ce060,655142.8954757102,270007.83194530563,0.4121357856582547,0.5101521024641223,0.421238003751655,0.41260195585002923,0.414615223463804,0.37406460707650185,-1.0181988539253854,-0.2933812147237155,0.08678676057763164,-1.0899983104015631,Nova,0.9946056403629261,1.0,MG
Ce061,30413.770424205024,0.0,0.0,0.16353218617201548,0.13605818863457467,0.12521277707911493,0.12626616467860596,0.12404665478934979,-0.9322322024258357,-1.098144842908715,0.17566949477236804,-0.17033115288043313,Nova,0.9178709371449022,0.6832011966774489,MG
Ce062,101854.44169499492,29146.01293940504,0.2861535781294971,0.4611674558020145,0.3436576472856542,0.31712519624043506,0.31109090841237047,0.28550016948959284,-1.4981703831513598,-1.097354741591591,-0.26637932026119765,-0.9139637959091611,Nova,1.0,1.0,MS
Ce063,34849.70760454501,26012.72208906502,0.7464258347370613,0.9901111643204011,0.9058431883638425,0.8786606345711172,0.8716955591844304,0.8547436446613019,-0.5119987890295421,-0.3466787137681813,-0.7121291053164757,0.2563142239680053,Nova,1.0,1.0,MS
Ce064,57430.91495728996,0.0,0.0,0.6894894436692117,0.4976068867334406,0.3738163713883503,0.34361938354344007,0.30177759343750565,-1.6355136174697682,-3.548459807208056,-1.1417850477964493,-1.587992643139053,Nova,1.0,1.0,MS
Ce065,44670.58091640495,37590.21572283493,0.8414982512356403,0.3661349235544502,0.30660758404391014,0.3041968923530109,0.3110823864459764,0.3021274634593447,-0.9572271758441226,-0.11229393989510283,0.3250407604034817,-0.32048036525262524,Nova,1.0,1.0,MG
Ce066,696763.2788821799,310031.23864944,0.4449592107477655,0.6871108524729506,0.4878516496938857,0.46028533082079803,0.45430422710956697,0.4307284605097237,-1.7041554132624617,-0.8053805639451637,-0.18554481106794712,-0.577601115958774,Nova,1.0,1.0,MS
Ce067,326509.55435410957,182615.1292708349,0.5592949022030248,0.5363974488612759,0.4638264199288521,0.4582332446755618,0.4632898411956601,0.4461470943867385,-0.8372071956075654,-0.20754818186798124,0.23760836399620328,-0.45266811289530967,Nova,1.0,1.0,MG
Ce068,1025627.3353220099,758554.0772670504,0.7396000975626219,0.4953438376327473,0.40575155796946705,0.4012648882053224,0.41124913672158525,0.4053273784302353,-1.0541995221579301,-0.15650962605928845,0.3755289476550207,-0.17631930713978408,Nova,0.9999921750947117,0.9298307736487933,MG
Ce069,244485.33052956022,141055.8923098105,0.5769503307387832,0.3636137597453438,0.2730711287605693,0.2773028757699964,0.27991534786584565,0.2703668223583352,-1.4639743778000218,0.2206418339574182,0.12954917700324245,-0.37865469470275015,Nova,1.0,1.0,MG
Ce070,168223.70366914017,17839.0052691,0.10604335108556094,0.4442294082188559,0.3184714636508513,0.3013066672925154,0.2998522246153889,0.28990004866632413,-1.6649540596304493,-0.7704853141641725,-0.06532896111552786,-0.3679552646985126,Nova,1.0,1.0,MS
Ce071,104674.32592517995,33084.19572566003,0.3160679128644043,0.39999154645107843,0.2790607149819615,0.2761527836833467,0.2830535129777687,0.27149022839887005,-1.772042595160548,-0.1445482678909173,0.3709034975437651,-0.4566995279677016,Nova,0.9955327974730477,1.0,MG
Ce072,291150.086260385,184478.13123089,0.6336186727621478,0.6409379166715449,0.4297259984554532,0.3707940425244599,0.3587925851187847,0.33172121114808756,-1.9223367966802325,-2.051539336195753,-0.4462020659440601,-0.8422115179484608,Nova,1.0,1.0,MS
Ce073,32948.20654912509,19863.40402357007,0.6028675337443374,0.3497953807507391,0.2697878834450284,0.2712453600823538,0.27014343910417005,0.2660570005829075,-1.341439539039424,0.08845304448509442,-0.040705103580914885,-0.1688951626106568,Nova,1.0,1.0,GO
Ce074,286870.5377231652,35302.55495318508,0.12306092927274612,0.2860119111388791,0.17402854332487458,0.1746677572204457,0.17071154494689586,0.16423289716992934,-2.29781148148419,0.05501972318712031,-0.4330636751527117,-0.42171166555227246,Nova,0.6397348781683215,0.8677613042638305,GO
Ce075,207649.38085677536,107662.14437504022,0.5184804497408996,0.5120022532499297,0.40563848444081346,0.4112656117593671,0.4026072361852794,0.40020089094517786,-1.1929520139497591,0.16327613267570168,-0.2983852109922564,-0.14338566365381666,Nova,0.9894002534702804,1.0,MG
Ce076,134973.97398057504,85931.43846626018,0.6366519109723117,0.461471749676781,0.3047361628628615,0.2902431951042237,0.28710676203006696,0.2707715398089868,-1.9941666752528997,-0.6821419802557571,-0.13585674636885012,-0.6330092590346682,Nova,1.0,1.0,GO
Ce077,494454.44224913494,432478.0978519599,0.8746571188333104,0.9193566880632524,0.8828723401044319,0.8796729140195009,0.8804428437069087,0.8589208637916194,-0.23195090498481424,-0.04391837108942579,0.021985673251432938,-0.2778459496361488,Nova,0.8963802315775949,0.9329681335705442,MG
Ce078,132150.75325846995,68443.45778679004,0.5179195433939252,0.8241615181246142,0.580963289412585,0.5393933691381045,0.5473875921484846,0.5114982978695429,-1.74171031148604,-0.9856646832377096,0.206196928406304,-0.7020798961277731,Nova,1.0,1.0,MS
Ce079,2453619.3603571695,1019921.3758731539,0.41568035871900094,0.7274027859749215,0.409695078314638,0.37129087094828606,0.3675129776505857,0.33688532972512225,-2.566070200737838,-1.3361515818786893,-0.14331087394331263,-0.9261990747872977,Nova,1.0,1.0,MS
Ce080,439300.3160335955,303579.2782322055,0.6910518093253302,0.6948584123024233,0.6054415850183142,0.6096857043364412,0.5620487774447217,0.5425543702016857,-0.7285903220932484,0.06361986552362467,-1.018794697150614,-0.45517552394839605,Nova,0.9570438477193538,1.0,MG
Ce081,260264.76829976455,156736.07606132457,0.6022177995325169,0.5514121674301773,0.48840136117207783,0.48545968127846195,0.48744641428978847,0.4651237138385819,-0.6698496892620482,-0.09038091132471829,0.062400804267235904,-0.5180269503177983,Nova,1.0,1.0,MG
Ce082,188662.7146006253,0.0,0.0,0.24008745502305362,0.1930504532856105,0.18778756896438106,0.18489157920057045,0.17969946446171073,-1.1516906421584923,-0.3921875919147467,-0.22012577267569444,-0.3154954339990542,Nova,0.8654964694749454,0.8260028722336303,GO
Ce083,105008.78195127995,86264.95205571002,0.8215022634557713,0.6388323823207838,0.5804617945090514,0.5534894818554824,0.5221546713428843,0.5066741347798821,-0.5294701203241198,-0.6640248361487212,-0.8070864547225736,-0.33490028592300103,Nova,1.0,1.0,MG
Ce084,521947.79945084976,228942.99920221991,0.4386319847369694,0.682717498141592,0.5843084372403806,0.5685311619143225,0.5380292601741637,0.49895315091630166,-0.8380436388017887,-0.3879725789353631,-0.7576235506134414,-0.816549801665456,Nova,1.0,1.0,MG
Ce085,175799.69715744973,0.0,0.0,0.2744323758441507,0.21464816842418233,0.21459441220291342,0.2133818662441568,0.20766071420821217,-1.2808411074468937,-0.004096173582390783,-0.08139427755468054,-0.2988250640314568,Nova,0.9999999980320785,0.990764302008434,GO
Ce086,296964.38902050024,97994.87978961496,0.3299886565956234,0.9614637500688425,0.9316696485507309,0.8953456452931456,0.872327655616914,0.8405325176164149,-0.1695356142059832,-0.5460591249728467,-0.3565634998369673,-0.40546057183097095,Nova,0.9969590494863252,0.9978356520517327,MG
Ce087,118664.90462052013,55240.70794100001,0.46551849611858626,0.5326820509677181,0.42085111073233317,0.380234606440087,0.36201727686271007,0.336581428875146,-1.2283839713928486,-1.379301925173296,-0.6805713088128574,-0.7981705656932866,Nova,0.9999983014457338,1.0,GO
Ce088,90524.99181579972,78297.39976745483,0.8649257867570361,0.49533153921700573,0.45199172343388877,0.42414085779345734,0.40016647650518383,0.386921270639237,-0.4997600088840406,-0.8946956367591954,-1.868634442285975,-0.36060143473193057,Nova,1.0,1.0,GO
Ce089,236828.25876079005,212846.1257380398,0.8987361848276156,0.9306069286321871,0.8763383607528257,0.8710786720451976,0.851569179820346,0.8088543464926466,-0.342575016676238,-0.08599191351708534,-0.32016251514435895,-0.5588402711523017,Nova,1.0,1.0,MG
Ce090,407654.13968410966,396974.47313052474,0.9738021388379361,0.7761467691770824,0.6072923572973598,0.5871155425284253,0.5905122065480203,0.55757196309099,-1.2597818134696115,-0.45680751782876594,0.09627310984533034,-0.6153738700274025,Nova,1.0,1.0,GO
Ce091,29815.154382164917,9444.350980824976,0.3167634438436609,0.9705266629055835,0.9702310981971034,0.9737642069012674,0.9662937535982374,0.9565673715239067,-0.0016903694300995267,0.051980559400839024,-0.10959611112615342,-0.11184064019813163,Nova,1.0,1.0,MG
Ce092,299678.6936896153,178563.56412641518,0.5958500483566507,0.3352297671425679,0.24107100472214385,0.23025225343571204,0.22835222310381076,0.21696873698602412,-1.6481634490046086,-0.6391763299296931,-0.11869509573686013,-0.549597749733831,Nova,1.0,1.0,GO
Ce093,193538.9134032001,155216.90856420004,0.8019932830811975,0.7443192811968393,0.6163274221876669,0.5656571198284748,0.5483269607672333,0.5142525558261573,-1.0634107015693706,-1.1732418984289292,-0.4150029654654973,-0.702523492759804,Nova,0.9999998192931623,1.0,GO
Ce094,997556.0079743153,0.0,0.0,0.8456465343778372,0.7527060376673389,0.7105792145636936,0.6761315240735852,0.6102573391894193,-0.6418310882013625,-0.8013736786408996,-0.7023710813399221,-1.0829404372407525,Nova,0.6983111654370903,0.7150093823425852,MG
Ce095,440821.8215044301,371624.014809145,0.8430254508292537,0.7093425208612308,0.5353744936744287,0.488723354829384,0.45418492036671465,0.42738822343491895,-1.441086777461778,-1.2481337609608725,-1.2185146905370838,-0.6545302187288216,Nova,1.0,1.0,GO
Ce096,226174.32669325484,111583.82787811488,0.4933532002040558,0.33985096387844294,0.2284531409531002,0.22050928083718913,0.2158950145825109,0.19928930616657098,-1.914728308252384,-0.49330511982859093,-0.29022275435407635,-0.8646731126790881,Nova,1.0,1.0,GO
Ce097,377089.97230819985,230586.22085985975,0.6114886042936168,0.7660171461864681,0.45252939622310534,0.4180387664519311,0.4032081778068867,0.3709471636280542,-2.4013815872558717,-1.071966841228933,-0.49678112012254694,-0.8877620854793303,Nova,1.0,1.0,GO
Ce098,130550.2397684351,50999.33375401015,0.39064910064103114,0.8229335123232151,0.7436500426089498,0.7113188742858896,0.6620690660129862,0.6136919091246683,-0.5580045095602844,-0.6187077510602735,-0.983503795298051,-0.8221192271516249,Nova,1.0,1.0,MG
Ce099,644351.7314925191,245706.19459529992,0.3813230920108927,0.8539738398788349,0.5653166254814546,0.5157743180783655,0.5135654061623796,0.4768504885062946,-1.985691610938181,-1.2480004888038687,-0.05708662548853859,-0.7925131387740696,Nova,1.0,1.0,MT
Ce100,173999.85979263973,126536.71881080962,0.727223107889896,0.33745183852917854,0.19943434395619444,0.1965738776813137,0.18952141094036645,0.17313382862489382,-2.391324162282582,-0.20381982410137478,-0.5004947052937604,-0.9706295491699534,Nova,1.0,1.0,GO
Ce101,324982.79913383,186762.47401218006,0.5746841817780949,0.846212901806365,0.6250765439506399,0.5744901952819268,0.5323308468668554,0.46708641425269964,-1.5350631071696965,-1.1538444605177531,-1.046531498234493,-1.3592395346213346,Nova,1.0,1.0,GO
Ce102,450859.3433421451,431817.74658455513,0.9577659927895965,0.7303441076893427,0.5625149020987599,0.5188665105096945,0.4886518580238873,0.4426417265581257,-1.3484526244623107,-1.1081886529449207,-0.8276586840259195,-1.0457382848055863,Nova,1.0,1.0,GO
Ce103,140981.35802372507,39239.65433224001,0.27833221982183315,0.8505382054228269,0.5457023328470613,0.5034218405407133,0.48862657716904756,0.490758674764087,-2.1043822226722066,-1.064143012500077,-0.3952643851075648,0.03290003876504293,Nova,1.0,1.0,MT
Ce104,929228.2527324151,129836.30820222033,0.13972488225625293,0.8723823670967421,0.8219511893060536,0.8162419175659991,0.7833071736493264,0.7649679194568684,-0.3351469867363664,-0.2515552703737711,-0.53644037738243,-0.2929217079290515,Nova|Nova|Protegida,1.0,0.9420517378595394,MG
Ce105,122101.59292319985,86589.31490701482,0.7091579465427471,0.8284425914776181,0.6949593932219857,0.6632345681364459,0.6674369715846088,0.6085317441271941,-0.9444005997989805,-0.6530231072414968,0.09347974031919433,-0.9853457855844917,Nova,1.0,1.0,MG
Ce106,649514.401947037,360281.0523760659,0.5546929387494076,0.6841300973907302,0.5638134031942297,0.5423118743995101,0.5078964438131389,0.4733695495425255,-0.9582055303205812,-0.5529063415745074,-0.7874417256375452,-0.7801446272240503,Nova,0.9246987909460194,0.7447093360295635,MG
Ce107,42470.25186299993,9431.876584929987,0.22208195551453827,0.892555993173891,0.6866354913800369,0.6479391413369527,0.6216871933817142,0.5810538236167598,-1.3567510882190659,-0.8002694941888973,-0.5722827830616221,-0.7170027253503303,Nova,1.0,1.0,MT
Ce108,521549.9724793352,289931.118706045,0.5559028549609071,0.8069145311950217,0.5901388782692364,0.5141669741939567,0.47710235079433416,0.4252492022091731,-1.5748456326624947,-1.9686071595084558,-1.032804449117321,-1.2382234459461468,Nova,1.0,1.0,GO
Ce109,152773.03683456994,0.0,0.0,0.8791832674962711,0.8222065736568205,0.847817738632065,0.8283851499579792,0.7905278108721457,-0.3737138010625428,0.4451312944945559,-0.3265530811448742,-0.5098181858848607,Nova,0.9999832406436826,0.9021067438734659,MG
Ce110,5130.424186324981,2.22302326998414,0.00043330204077658013,0.9887181231951092,0.9245671140587922,0.9294249373608491,0.9258676103040675,0.8765013970727691,-0.4676006325639033,0.21219979940439526,0.01588180001788699,-0.6469850562114786,Nova,1.0,1.0,MT
Ce111,456249.17948982544,37897.61291844515,0.08306341057056144,0.8936261609961639,0.7192784314488325,0.6809871641741653,0.6611114050270751,0.6189413096657362,-1.141869767118715,-0.7575150172354788,-0.4144483662059011,-0.7099562850713942,Nova,1.0,1.0,MT
Ce112,53901.0132178051,42285.56493243521,0.7845040827259818,0.904574066490697,0.6133044593888539,0.5899452741815614,0.5740366614433353,0.5621027463541745,-1.9240267509054028,-0.4564991690338559,-0.32807474683799503,-0.21555051681830312,Nova,1.0,1.0,MT
Ce113,402721.32758740534,165270.11316069507,0.4103833143150964,0.6609416476861587,0.47380808084737974,0.45982602266411987,0.44124782541589913,0.4144727893688911,-1.6616827916183279,-0.42127643039707097,-0.6120176068753195,-0.6864461191435283,Nova,1.0,1.0,MG
Ce114,42062.28423495003,18095.060202415043,0.4301968029444215,0.5259334646339836,0.5053566468809523,0.4304401643020213,0.40340382502042105,0.37689266971611823,-0.22657023848380964,-2.11534482221393,-0.8982033753289067,-0.7330727901545073,Nova,1.0,1.0,GO
Ce115,544458.0721739247,251150.99744973506,0.4612862041826905,0.8081484073722178,0.5809441084344906,0.5461280285157726,0.53220520112074,0.49131166908620766,-1.651311266325525,-0.8454685648522728,-0.3570515645456185,-0.8545555682793742,Nova,1.0,1.0,MT
Ce116,347556.09977299476,209832.10716218504,0.6037359358654222,0.8332468897298113,0.5690622322772088,0.5465942106293062,0.5142129324626279,0.4749906633559874,-1.8648643461627696,-0.5618192410292854,-0.8393189413850588,-0.8455894622127135,Nova,1.0,1.0,GO
Ce117,151905.97028024,133690.32378218515,0.8800860396437996,0.7858226304929105,0.6227943920434457,0.5871153684588742,0.5866476631262411,0.5591109058341671,-1.215065644767345,-1.5024393807288736,-0.020168753977852942,-0.5308262901365312,Nova,1.0,1.0,GO
Ce118,126157.77464542519,85310.55671006518,0.6762211599708078,0.9506398747061917,0.8032566408797557,0.7611131103601779,0.7170293098614714,0.6861563610877817,-0.8971255177448019,-0.7563621100738256,-0.8300174925186818,-0.47487746824789423,Nova,1.0,1.0,MG
Ce119,4896.863249699921,0.0,0.0,0.9885189109613968,0.99602626081084,0.9991910895670613,0.9986988112231797,0.9777057633334485,0.044360989475750505,0.04337540005785456,-0.005782218626283951,-0.23241175614390208,Nova,0.9979528025587381,1.0,MG
Ce120,13350.263347300008,12918.65463749501,0.9676703973115042,0.9537456943492533,0.9170057318189383,0.8996947008513899,0.9020288129906942,0.8913904310612835,-0.22546631848641271,-0.266334677813456,0.034936259076781946,-0.13033365360159482,Nova,1.0,1.0,DF
Ce121,415725.5642207103,154531.54499812992,0.37171528118027525,0.7044818565376585,0.38120705174970304,0.3700582375955278,0.36061528043863555,0.3306470152076019,-2.696319905189497,-0.4513279006670502,-0.36214117089530895,-0.9237104633946299,Nova,1.0,1.0,MT
Ce122,2995.5846594800228,2942.985852955046,0.9824412218300962,0.862015500716417,0.4959273976445365,0.4436590683484717,0.4387568271979078,0.39173473050403457,-2.4988483599563858,-1.5049101003410346,-0.1582568596924659,-1.190506141141866,Nova,1.0,1.0,DF
Ce123,143907.14729764534,49155.22265752998,0.3415759646451853,0.9270433705475974,0.9088059956340436,0.908172593658134,0.9027155861691123,0.8980986008399592,-0.11654318999173116,-0.009776039109684767,-0.08700935118810538,-0.058325435494114654,Nova,0.8920154678668302,0.8847912751730546,MG
Ce124,46805.32108393003,0.0,0.0,0.6701573962426222,0.6279682210738301,0.6510638186639595,0.6303961343361971,0.645346393894491,-0.3661665643050717,0.5234145377345837,-0.45084503808997056,0.26283747585990674,Nova,0.9759392816600788,0.0,MG
Ce125,58762.693483190094,57815.728723480046,0.983884932708523,0.8185177311137001,0.6735103991351858,0.6416825778893439,0.6151889523883873,0.574218189700179,-1.037262960968456,-0.6675508087546245,-0.5866542668019892,-0.7392094828419269,Nova,1.0,1.0,DF
Ce126,148088.67047985987,37.476549995,0.00025306831288013235,0.604160830527635,0.5252272999404987,0.5254335577716378,0.4805173863104656,0.4901027849628879,-0.76465940907895,0.0037964157103775875,-1.2192219595931626,0.2200694030090834,Nova,0.007274976536719924,0.0,MG
Ce127,117245.8985377248,112223.50633409483,0.9571636000383077,0.9753527166876639,0.9503510382052602,0.9573189146905859,0.9519053919792969,0.9504638438704507,-0.13605411958527353,0.06273624824159528,-0.06998638550569528,-0.006178653286764085,Nova,1.0,1.0,GO
Ce128,130281.3521489053,127434.14079535028,0.9781456723729671,0.966868740734175,0.8147266456512173,0.7795811042969335,0.7594472602098898,0.730564304134553,-0.9244503614612095,-0.6216251457453811,-0.37348211600100206,-0.424206514798252,Nova,1.0,1.0,MT
Ce129,85640.9609527399,2493.6335285100267,0.029117299721638026,0.7951993557532333,0.6725649674062187,0.6565737738206359,0.6291410260570635,0.5969418582504947,-0.906901208643132,-0.3431317768877697,-0.58801741125092,-0.5726623546402977,Nova,1.0,1.0,GO
Ce130,201546.78288248504,15002.593535680082,0.07443727615551957,0.9053382744364494,0.8713809083272052,0.867222302052255,0.8589091078684421,0.8294018014249965,-0.21877182980531004,-0.06861288614828139,-0.13620060885304794,-0.38487056077192905,Nova,0.23089820874709321,0.9965514269894834,MG
Ce131,157939.5024538701,54388.03136220994,0.3443599005770911,0.5204198308174293,0.41476877162549664,0.39643229157253823,0.3719871824606308,0.3539674344994725,-1.1936930068187719,-0.6329262633668271,-0.881927351035088,-0.5416913667081376,Nova,1.0,1.0,GO
Ce132,577658.5653273001,449752.6451372701,0.7785786832095898,0.9263085400543294,0.6966425589934229,0.6317139919460749,0.5958536668112467,0.524519079805307,-1.464321471050032,-1.3382112388380734,-0.8170140714469087,-1.331308197505564,Nova,1.0,1.0,MT
Ce133,418601.85148890474,103686.09352242485,0.24769621336749656,0.7174486648746057,0.6355187930377078,0.6273229316987037,0.5953835816349942,0.5806434845871359,-0.6700287458314146,-0.18549737419309986,-0.7272533334514798,-0.2784888783733187,Nova,0.9913219307848637,0.09815545935094608,MG
Ce134,18643.423087660056,5528.801663360041,0.2965550713173223,0.6951187378496696,0.6802275156887914,0.6645827213953678,0.5849226374849608,0.5224198081486056,-0.11906198220638098,-0.3268845569569919,-1.7127613928428653,-1.1882131021255904,Nova,1.0,0.0,MG
Ce135,34387.57197863497,30011.186704195046,0.872733519041153,0.7572312256709426,0.5238501067750687,0.48004598324356185,0.4954018365765962,0.398095988986867,-1.8081664094902985,-1.188840460561055,0.4839424114652705,-2.184045787795119,Nova,1.0,1.0,DF
Ce136,359869.5174698798,238959.17381717463,0.6640161564591948,0.8902602276240301,0.7537604522077705,0.70472861696483,0.6700062439977406,0.6319608907297947,-0.8952770163083752,-0.9398705128348284,-0.6859754226332481,-0.6425800008926192,Nova,1.0,1.0,MG
Ce137,3521.4193104599917,3520.7938443549924,0.9998223823833926,0.9290263604950519,0.9079394847152111,0.8709793909594106,0.8727167671980356,0.8571888592478288,-0.1330914633467344,-0.5629655334601628,0.04117745685979938,-0.1950129458791916,Nova,1.0,1.0,DF
Ce138,245867.25182500004,127423.84267832513,0.5182627687603597,0.9436716868522563,0.8998588127390765,0.8810794571554,0.8573700919727095,0.8150527522872963,-0.2644901281864878,-0.2960074697670551,-0.37961667881557365,-0.550765340656038,Nova,0.9995017768264959,0.9404475576340413,MG
Ce139,515784.9079869353,152505.68387016514,0.29567690234555694,0.9202034346963442,0.8544703156785685,0.8305572828162932,0.8132118344000623,0.744549059360894,-0.4151719711404574,-0.3992322005486493,-0.30096684823395065,-0.9432106424126766,Nova,0.47037612181362115,0.9039711688887867,MG
Ce140,195169.38503447006,61376.745141215026,0.31447936944810734,0.9049249542910758,0.6014084373138221,0.5478108170423457,0.52811765152386,0.503663488297152,-1.9731507479023218,-1.2545820632598348,-0.5103334037464579,-0.5293654563749268,Nova,0.9999109060586947,0.8650386861278846,MT
Ce141,631063.7076832096,478212.32886545477,0.7577877210227951,0.7631931979327088,0.4954871785769426,0.4575178376660367,0.4498285085164846,0.4421819740487879,-2.062306630511407,-1.0907185137580775,-0.23569845708575027,-0.19102777520867545,Nova,1.0,1.0,MT
Ce142,338495.5193752402,218452.46659158493,0.6453629489535985,0.7529462510387919,0.6138135483050442,0.5825637656826166,0.5683508393020712,0.5314934287237346,-1.0792380992198833,-0.7267619282419068,-0.344237967216175,-0.7285262504243033,Nova,1.0,1.0,GO
Ce143,259206.19164625005,245289.8281253649,0.9463116084052599,0.965973032080679,0.8499600772457276,0.8242153800793877,0.8175037967175434,0.7651796899245934,-0.7064754408912541,-0.431581773187671,-0.11526293590036843,-0.71365009894542,Nova,0.9999920938365247,1.0,MT
Ce144,138655.47148721508,108407.98538099506,0.7818514784754885,0.7767267027952701,0.38969625168111344,0.36318320988494646,0.36425897947976815,0.35413108255338116,-2.9298957789523383,-0.9720384289724358,0.04251099094441419,-0.3091360678404789,Nova,1.0,1.0,MT
Ce145,272382.83464530506,183953.27459488495,0.6753482642708655,0.9112126431193844,0.6753955734599669,0.6357422960141708,0.6015361798877591,0.560971686424966,-1.5205102400763102,-0.8414054927227037,-0.7670909918097554,-0.7612783626576209,Nova,1.0,1.0,MG
Ce146,486336.9185328448,278019.65226197493,0.571660595088462,0.9466730183940205,0.929295398271078,0.9218830020632794,0.9144840856211068,0.9002286292803564,-0.10266897565118324,-0.11346402846158668,-0.1134901070992202,-0.17336526212563913,Nova,0.9556538488605334,0.8405317970745478,MG
Ce147,467205.2074175243,328336.12310196954,0.702766403047703,0.903176759418011,0.8386496606651375,0.7839635749107947,0.7697435978403144,0.7352566961099283,-0.41457704146930213,-0.9331827195355666,-0.2601129582258047,-0.5018773195440652,Nova,1.0,1.0,GO
Ce148,134539.11493019512,16942.249433595352,0.12592805774280397,0.5584220168339504,0.42201370839053864,0.45344593782669806,0.4427494973870066,0.4419365153978843,-1.4259390823371183,1.0623617300877732,-0.3139026121955744,-0.02625173659525452,Nova,0.37172990799644856,0.0,MG
Ce149,106026.30165706514,45454.466915340134,0.42870935046248726,0.9408183828087986,0.7640189747116423,0.7565398289363721,0.7607255409791487,0.7212534924043403,-1.1032315117587888,-0.1401342639409006,0.07964716894089476,-0.576929870055434,Nova,1.0,1.0,MT
Ce150,206114.114187635,187875.197739575,0.911510589558868,0.9886961168513746,0.9850382991104464,0.9694458722174168,0.9178831582510992,0.8389981839863018,-0.0012293380117701842,-0.22432234216187247,-0.7583239887959075,-0.9552804179076804,Nova,1.0,1.0,MG
Ce151,253347.33782405942,2607.0322995600786,0.010290348112402778,0.48614857184929766,0.3740444042039975,0.36366941690791976,0.35147567224855125,0.32646949186197494,-1.348361309953365,-0.3994847486874509,-0.4690404151566312,-0.7946074690912833,Nova,1.0,1.0,GO
Ce152,1699.5434702299945,0.0,0.0,0.6457323798969627,0.5620501197484808,0.5242686326025897,0.4641032777393533,0.3429904170896717,-0.7636126185937061,-0.9582640511691363,-1.6439393914997824,-2.9008203394985927,Nova,1.0,1.0,GO
Ce153,475990.9982360296,427783.7231582046,0.8987222967315015,0.9659549945880334,0.7507251127827638,0.7274657353244052,0.7291509275544688,0.6847786415952345,-1.6206221600970694,-0.49107605433388,0.029647171035231325,-0.6644410686552378,Nova,1.0,1.0,MT
Ce154,280525.52632624446,197394.5960427247,0.703660014929121,0.7718483758126587,0.6334160647740541,0.6026721231259619,0.5297600736779535,0.4692838414488333,-1.05131612771308,-0.6938465720959559,-1.7286053929051581,-1.2708168951315608,Nova,1.0,1.0,GO
Ce155,13.676599724999592,0.075883389998645,0.005548410535108152,0.0,0.0,0.0,0.0,0.0,,,,,Nova,1.0,1.0,GO
Ce156,890.675633974991,0.287789199998159,0.0003231133636313663,0.9513695287894828,0.9151514669129998,0.992611690120548,0.9964174698063821,0.9882221296813499,0.17044346799752622,1.0923179928863667,0.07900114136929164,-0.1680226819568932,Nova,1.0,1.0,MT
Ce157,705.7040666950136,0.5022733200249804,0.0007117336341524151,0.9267662266461826,0.5821333436505556,0.6380595189533063,0.6367423210045687,0.6428330715896886,-2.0751488356052423,1.7569885118289528,0.08803514263501075,0.1316817994546539,Nova,1.0,1.0,GO
Ce158,138647.65744183504,108807.02473526503,0.7847736250496072,0.9922052236243724,0.9938594803499309,0.9477743962675755,0.9280630085841346,0.8896937996410201,0.015165288700342706,-0.658482633838664,-0.29627044731215085,-0.46002798923504806,Nova,0.9998925202690769,0.9920845390016388,MT
Ce159,328690.16519692953,104333.21210687506,0.3174211557086457,0.9811994446613155,0.9182108926794558,0.890495089135025,0.8806163514570764,0.8464897980273897,-0.3683382875236318,-0.4287696532449362,-0.15514093623797567,-0.4390820638668617,Nova,0.9998268435368886,1.0,GO
Ce160,417689.56175561994,84153.40794737508,0.2014735718883279,0.8367500919523454,0.8405897463015953,0.8559543366028188,0.8318720860067618,0.8141923285727566,0.030892328328883046,0.26000794344789935,-0.40090152014064284,-0.23470862717035715,Nova,0.9793343616321916,0.6109692056077255,MG
Ce161,241652.68391070978,46222.23342245502,0.1912754812999886,0.8440082747480957,0.4979364018497493,0.41877820311881114,0.360283577866962,0.31225093740410664,-2.4093926262987018,-2.269746001282932,-1.9874493775926618,-1.4836037549531234,Nova,1.0,1.0,GO
Ce162,227505.9551262749,30569.314065760016,0.1343670940340565,0.6030612213096684,0.48861798962175335,0.44447358184804114,0.3869956790860337,0.3123877505524407,-1.116663263205359,-1.2913856301290352,-1.8507655982540068,-2.144759515028083,Nova,1.0,1.0,GO
Ce163,450358.85560279,329338.25122209516,0.7312796165211121,0.9140594026463749,0.7229733313190769,0.6780721088334047,0.6454970431348707,0.596056349150486,-1.2286335129400472,-0.8852792485987107,-0.6810429687033001,-0.8531637693018654,Nova,0.994345135111485,0.9463601760780159,MT
Ce164,685092.8236836588,451050.6752363994,0.6583789227438642,0.9928756732149033,0.983920596091271,0.9612565200297934,0.9163246782562768,0.7905450754370833,-0.04994082013952683,-0.3284851174976281,-0.6668582430343691,-1.5255220275200532,Nova|Nova|Protegida,1.0,1.0,BA
Ce165,883449.554323106,456716.6538751655,0.5169697031825424,0.9145653486989885,0.8011875348489051,0.7637918117715913,0.7455915067075184,0.7076507917908258,-0.7306319132591917,-0.6716937621546714,-0.3385270564935792,-0.5694665523859246,Nova|Nova|Protegida,1.0,1.0,GO
Ce166,217341.94478668514,103461.40028681002,0.47603052594543777,0.9354236004720426,0.6696367956369633,0.5908268907228278,0.6003616135444276,0.5805071030995046,-1.6718435989191787,-1.6813886855674438,0.23132857736198253,-0.3701310127220883,Nova,1.0,1.0,MT
Ce167,836720.8483086647,362093.6807833751,0.4327532671324086,0.7170606971265538,0.458197607882142,0.40562688116930684,0.37301906808998236,0.3571672222526614,-2.1100588652644614,-1.6151122274652732,-1.1129744103677317,-0.4768935499911679,Nova,1.0,1.0,GO
Ce168,366590.1922136986,300676.45902856375,0.820197772375996,0.949752425457874,0.8873483644211322,0.8000876738157398,0.7510190776645893,0.6678454721752505,-0.3856815792478717,-1.434754463327045,-0.8752588504071774,-1.2294367313927548,Nova,1.0,1.0,GO
Ce169,186990.54359363986,181429.21610155987,0.970258776806566,0.9604928967372497,0.8122451257536027,0.7589678328650775,0.7326763341876148,0.6602198273707113,-0.9534628198035463,-1.0185338443477512,-0.34379491126814077,-1.2975542989245157,Nova,0.9052248079747397,1.0,GO
Ce170,177278.14115149007,117785.0783387499,0.6644083561215741,0.9876084391666323,0.9612425375908584,0.9387749454022325,0.9241671237120924,0.8770644902197385,-0.20689287121603367,-0.3980881011171492,-0.0733288207683496,-0.7771683442734896,Nova,0.921003726603226,1.0,GO
Ce171,1039267.0507211798,522184.5131530894,0.5024546027806128,0.8019749376713263,0.5071726433847396,0.4225825508756861,0.3887353880813953,0.35956830463529504,-2.1604247193413917,-2.4089308399950684,-1.137994456485644,-0.8334942337988741,Nova,1.0,1.0,GO
Ce172,205925.299596135,153267.86486515036,0.7442886579052816,0.9802043157149851,0.870946949443073,0.7888112446620857,0.736072720850783,0.6852356936972313,-0.6561677558754953,-1.3453827115844816,-0.9476954486808964,-0.7721763320937918,Nova,1.0,1.0,MT
Ce173,593608.0431173148,461041.11596576497,0.7766759923679966,0.929121794089468,0.8020618926289562,0.7114021087599748,0.6858156818036593,0.6473133462052081,-0.8004924282684767,-1.611685009178565,-0.506087925604621,-0.6296980139880868,Nova,0.9999992465662396,0.7402790800771198,MT
Ce174,1816569.8228357905,1286034.6809119654,0.7079467382676086,0.9540444126449743,0.838181940344932,0.8071152571545535,0.7837083648521811,0.7566761550700075,-0.6887017588246183,-0.5131029081299651,-0.3904677883394817,-0.3794390988253774,Nova,1.0,1.0,MT
Ce175,1711715.79197833,491634.13197940285,0.2872171503490031,0.9083279721221275,0.5916112322707089,0.5241109136423109,0.5079329296639837,0.47896905635306014,-2.052626374159663,-1.6352874153139494,-0.43818748284714737,-0.6353320395577283,Nova,0.9999698602298315,0.9199878881244242,MT
Ce176,324382.04972256516,6771.55941019506,0.020875259330738506,0.6422373597983358,0.5096868761310863,0.4661856730946409,0.43174944206960664,0.3840632230819776,-1.216319992133255,-1.2247383169729842,-1.0540364696824385,-1.2332502702517143,Nova,0.9953639621399022,1.0,GO
Ce177,609410.16727824,376492.2811820149,0.6177978337045349,0.9695085001125904,0.7975132048754223,0.7476585622309969,0.7282412269453066,0.688725055240933,-1.0417868304657394,-0.8907512401319579,-0.367869416420901,-0.6045927585722051,Nova,0.9950999787994566,0.8759113396294412,MT
Ce178,447956.36005740485,423580.2122882347,0.9455836551443395,0.9628303819149119,0.9627900653235609,0.9615882547706095,0.9500755621585855,0.9155238741957041,0.0014576487720355737,-0.017920769756732798,-0.17078493016422502,-0.40364078044792623,Nova,1.0,0.8906178141213105,BA
Ce179,710110.4880174006,376229.8050544449,0.5298186851244278,0.9789583561254575,0.9047567063082138,0.8722805732492488,0.8554166604845354,0.8015732800758021,-0.5259190690281429,-0.5407320128893699,-0.2560426357522564,-0.7240857937789464,Nova,0.9830960472647944,1.0,GO
Ce180,88662.49866355509,20792.16846292504,0.2345091642614817,0.6728564943910935,0.4402038841216049,0.38796421598281805,0.37050670573248756,0.3529399142395483,-2.0278265544315377,-1.6949167608433742,-0.6162959151290758,-0.5297797388510451,Nova,1.0,1.0,GO
Ce181,897608.9428680282,621374.8327719637,0.6922556172251972,0.9867427676911645,0.9297684410451693,0.8225857898447022,0.7148643144620097,0.5256299284172051,-0.33947974515641766,-1.64768970427831,-1.8699989251192903,-2.9404198245856037,Nova,1.0,1.0,BA
Ce182,302882.3561387352,209179.71854917993,0.6906302539899855,0.9259004878456406,0.8040089089248063,0.7526615377105216,0.7340213808536045,0.6993833557569772,-0.7669086917735635,-0.9133677935252993,-0.351657008985351,-0.5252201959822012,Nova,1.0,1.0,GO
Ce183,108895.35374605993,23232.107805195083,0.21334342564671332,0.998662351478353,0.9925427921128901,0.9839810269920796,0.9815065985997575,0.972196583916877,-0.03128804050923247,-0.12316200341606948,-0.03582201422292565,-0.10550795921723131,Nova,1.0,1.0,GO
Ce184,247470.7741990943,62664.74243095413,0.2532207798426303,0.9013277701278274,0.478517017244065,0.4156149632860091,0.4147270490343641,0.4024098402524028,-2.754957382201631,-1.8672182507202262,-0.027041901327299174,-0.3305946690835627,Nova,1.0,1.0,MT
Ce185,213785.65583288018,186246.6788845153,0.871184168829865,0.9863977778303653,0.8551443020828723,0.7271358803936822,0.667263187000537,0.6098461009493232,-0.7794898154293939,-2.1369932034430494,-1.168902703924714,-0.9591394669211452,Nova,1.0,1.0,MT
Ce186,672917.2670751316,99281.76648357503,0.14753933557851498,0.994184970641687,0.9035522340925153,0.8401598883489774,0.8066605365081879,0.7492252369122452,-0.5333740030486178,-0.994860172579694,-0.5894468404618681,-0.805707824513101,Nova|Nova|Protegida,0.9999186677263494,1.0,MT
Ce187,758770.9714589957,623303.2450308158,0.8214642737746055,0.9907717145893781,0.9377935080795573,0.9083306606837109,0.8728485497252165,0.8138382858427385,-0.3041145703773517,-0.44552595584809807,-0.5505315209842178,-0.7504006152429608,Nova,1.0,1.0,TO
Ce188,419774.74889171985,407957.2777144599,0.971848065638869,0.996392619417188,0.9753437787057213,0.9603151422186106,0.9360166920977943,0.8740117913862707,-0.11472486323583382,-0.42750299267030334,-0.3596554514762183,-0.7341396289485541,Nova,1.0,1.0,TO
Ce189,363726.08360914525,278375.0696623951,0.7653426086470414,0.8909086970782006,0.7768364810170061,0.7328058780198283,0.7147412484442488,0.671297262284548,-0.753800355884943,-0.8139748522997101,-0.3542658051592865,-0.6745922072163377,Nova,1.0,1.0,GO
Ce190,287737.7038055396,36447.04281158008,0.12666759458194576,0.9579652235262492,0.8065324754817312,0.7692599290900071,0.731348858005237,0.6621037432473036,-0.9253089397170021,-0.9074310287200262,-0.7076673381719182,-1.0496979311614651,Nova,1.0,1.0,TO
Ce191,198919.38711624042,77729.04493790994,0.3907565072703961,0.8698281786452219,0.5656547314105491,0.4482190102871024,0.396466668430366,0.3792718882754246,-2.0420855514176295,-2.9303685710391214,-1.6310093951721196,-0.4805130177079348,Nova,1.0,1.0,GO
Ce192,1208993.378219494,419978.6413172851,0.34737877715740273,0.9502203676122906,0.9019853437673286,0.8866596982570218,0.8335676921387463,0.7139203310668427,-0.29118705672476597,-0.24212847603684345,-0.8513181304541897,-1.5949442255517507,Nova,1.0,0.9248222025092524,BA
Ce193,319277.78278158023,136047.44490657488,0.42610996518866995,0.9866440593733158,0.9471988039528705,0.9350915115028581,0.9061882204540411,0.8215699335047895,-0.22090121026873394,-0.17899565408649534,-0.43329360459423627,-1.0433281845537687,Nova,1.0,0.9917897065417224,MT
Ce194,146247.26235122525,46969.81144294494,0.32116711579969914,0.9205461575862638,0.6474664722693068,0.5769788193272519,0.5353137058186588,0.478996993152033,-1.748162359428909,-1.557751151495885,-1.0288749608075132,-1.172464581960132,Nova,0.9816690157129642,0.590670626038064,MT
Ce195,312552.37804272934,136980.78531225966,0.4382650555086574,0.9923490494152569,0.9408918573394992,0.8436320050980505,0.820602728115117,0.7834104385190674,-0.3027151356790998,-1.4717503183561909,-0.38735380212182274,-0.504303174171345,Nova,1.0,0.9576684427108206,MT
Ce196,1100556.8072631694,446172.50168957026,0.4054061532717227,0.9469494913184255,0.8597488722745102,0.781898975854234,0.69735845947048,0.5427456794896088,-0.5403975086663362,-1.2915101524227701,-1.5448777133225708,-2.4635990501308394,Nova,1.0,0.9887211866328435,BA
Ce197,159484.3305318753,484.1499783550401,0.003035721294627597,0.8995776078202938,0.626539419416253,0.47095201963520084,0.44700538370372384,0.41881641567033767,-1.785820547186643,-3.5476279680278,-0.7265534758153518,-0.7009489870488845,Nova,0.9663295702873027,0.8766629321408879,MT
Ce198,269679.1785515346,122294.42617801494,0.453481157999912,0.9371712717556298,0.7854424006803828,0.7215978956518072,0.6381107912680862,0.5511059137115498,-0.9483871858294801,-1.1608532555711497,-1.6593286496119402,-1.5147540107886115,Nova,1.0,1.0,TO
Ce199,700193.6549348996,438948.1843925452,0.6268954042911976,0.9516701960798536,0.8522792092901929,0.8152407910897675,0.7484576409081443,0.6546954404153859,-0.6121992561888312,-0.6216528480780882,-1.1672475227864283,-1.3909042959846951,Nova,1.0,1.0,TO
Ce200,62.28195165001122,0.0,0.0,0.7357957162208114,0.47826085613173386,0.569424618469827,0.5427764571047542,0.4726502085008725,-2.009995071687873,2.723073496974709,-0.6685485789568275,-1.4355459413243281,Nova,0.8626797143726902,0.0,BA
Ce201,1796.2118972150188,0.0,0.0,0.8833304558673454,0.709602089631679,0.7525638006781289,0.7786007068363072,0.8287745138921245,-1.1321662694830397,0.8418271881983694,0.5175262706981717,0.7165923910358505,Nova,1.0,0.0,BA
Ce202,971344.4883115945,361866.54417495005,0.3725419236217131,0.8067828094153222,0.7525812551298586,0.7705545140524566,0.7538311174299005,0.7357698110681042,-0.3559384116782981,0.3347713191212837,-0.27021030000184487,-0.2651224344967106,Nova,0.8463788791279648,0.0,BA
Ce203,113801.33400863496,103904.91880610008,0.9130377926696011,0.9878503523752955,0.9489567063451282,0.9255405594697486,0.8512514692773879,0.6878577895377949,-0.2212884848149939,-0.5464330641024362,-1.1484623325710763,-2.123119657733648,Nova,1.0,1.0,TO
Ce204,172805.15535755514,105398.22223426517,0.6099252190490687,0.9215639231042341,0.7314924500888005,0.6797452831089864,0.5562810099820862,0.5005558697521748,-1.20287881313215,-1.1349778211562658,-2.5766124445204004,-1.1108621484680912,Nova,1.0,1.0,TO
Ce205,597372.761146347,95853.29025509568,0.1604580866244303,0.973323736759599,0.9134525188310776,0.8705495546527331,0.7941047047429053,0.6825682164632778,-0.3581199456682488,-0.7010396476480147,-1.2500360670417519,-1.5657401034153042,Nova,1.0,1.0,TO
Ce206,542509.7967655694,419351.47729617974,0.7729841558555134,0.9915612741745001,0.9507222897266733,0.9239708223833432,0.8918397981205763,0.8176316928373167,-0.23941379637409943,-0.44964313778641674,-0.5105352050952828,-0.9236340004484959,Nova,1.0,1.0,TO
Ce207,1318001.4990010173,993447.390256798,0.7537528530959822,0.9766922362904099,0.9348447685141623,0.8657353983809267,0.8069353241519921,0.6841552824323396,-0.2494827707289025,-1.055836860248435,-0.969496742354722,-1.6910209083006271,Nova,1.0,0.9062156655683328,BA
Ce208,1371122.7882982022,516920.2512338544,0.3770050761649442,0.9699712972697365,0.8526158723240536,0.7958049501431079,0.7171609149158711,0.5898752016185526,-0.6979201571816209,-0.9491020597580462,-1.40469089794588,-1.9697767901659682,Nova,1.0,1.0,TO
Ce209,113837.83538810007,64597.96890543496,0.5674560543531527,0.9872992488405014,0.9908053796185602,0.9773445048157103,0.9653026611598707,0.9555066204405639,0.04922596688954862,-0.1841870829726422,-0.1692056185991648,-0.12099426778379534,Nova|Nova|Protegida,1.0,0.7716763830323115,MT
Ce210,986610.7531469835,4618.486407239999,0.004681163663084407,0.949039467221965,0.9059938201084592,0.880732352616371,0.8635570862680966,0.7705375076323464,-0.2645883977399967,-0.3956624093501139,-0.27778464508299333,-1.1939666265187117,Nova|Nova|Protegida,1.0,0.6883915073307655,PI
Ce211,392078.1377854448,191792.5882171597,0.48916930002894865,0.9879913802983447,0.9251857143124036,0.8881415730977176,0.8537249932283091,0.7610748810359247,-0.37495491117656543,-0.5740866321698409,-0.5537581222526852,-1.206397546836756,Nova,1.0,1.0,TO
Ce212,742127.1315608154,50637.38611899008,0.06823276493407716,0.9450907738579571,0.9154837613074939,0.9146342583088832,0.9170870361367152,0.8738671911849589,-0.18314954581523296,-0.037381246002139115,0.04709712102862592,-0.5241624796729492,Nova,0.7080632141236358,0.07795364676021735,PI
Ce213,252891.30378816056,14926.001617400154,0.05902141115102644,0.9996736594878995,0.9984367368932661,0.9948011229707568,0.9866825348836414,0.9767787898237393,-0.004460366090381134,-0.0516665632421333,-0.11497673711098333,-0.11118972183334044,Nova,1.0,1.0,TO
Ce214,978080.9893528899,380888.07161493995,0.38942385728909834,0.9563261431255615,0.9308098212435285,0.8868046524337834,0.8128337901207381,0.7220960451542259,-0.1543769805706363,-0.6738449976703745,-1.1877345157481225,-1.2420666660627764,Nova,1.0,1.0,PI
Ce215,270416.1090385348,222854.99480673985,0.8241187834522927,0.999437114777128,0.9964879467190166,0.9868990858498331,0.983337322500137,0.9282052199789901,-0.014474351624664948,-0.13663090171303546,-0.04923560282579707,-0.6229864229767099,Nova,1.0,1.0,TO
Ce216,176011.6044015195,169023.07699889477,0.9602950758480536,0.9052941236618144,0.6985364268523165,0.635407697308139,0.5815424406492544,0.463717221892936,-1.3439120041291088,-1.2914836239484575,-1.2108755341637008,-2.2521428426897265,Nova,0.990995347537573,1.0,TO
Ce217,294171.51292704034,102836.57900618504,0.3495803450951089,0.9952405695836006,0.971201734623391,0.9188855171764825,0.8103292664362102,0.7232718897083154,-0.13961548619517705,-0.7603756940725396,-1.6906376796686224,-1.1936127870794924,Nova,1.0,1.0,PI
Ce218,728366.8058701046,609383.2261797095,0.836643324858472,0.9991911507908332,0.9703669515187834,0.9340992221335312,0.8813894462811783,0.7608068806903154,-0.16695930722569113,-0.5318239318759473,-0.802662003759802,-1.518755572424376,Nova,1.0,1.0,MA
Ce219,678028.5648201809,105610.18733389981,0.15576067560207962,0.9931725386843555,0.9699488107286405,0.963015408108054,0.9604082999881339,0.9255740331088664,-0.13468873932555678,-0.09570782583380653,-0.0420493561330829,-0.40382994436182085,Nova,0.984677653151744,0.6618579160639053,PI
Ce220,991981.3315125282,509160.59557715897,0.5132763887812424,0.9822722939931268,0.9167606549448257,0.8490030710483046,0.7854059853208217,0.6415251393590149,-0.38851603415315694,-1.0560401000059854,-1.065491298772008,-2.036014852526618,Nova,0.9999783005342376,1.0,TO
Ce221,39300.015283895205,6053.639878450114,0.15403657822318562,0.9986761546223348,0.9989412923558916,0.9986963312919531,0.9986378389503704,0.8741852947966222,0.0008741154189440646,-0.002989548414306891,-0.0017677459231979498,-1.384298713646126,Nova,1.0,1.0,PI
Ce222,345638.2320627449,99288.27195688439,0.287260675314588,0.9991491584303948,0.9810474313088249,0.9167683756991432,0.7520228356302203,0.5033115629794759,-0.10538169232366815,-0.9357764197683067,-2.566956263355716,-3.6747555271072514,Nova,1.0,1.0,PI
Ce223,447657.66288670903,447563.43458905903,0.9997895081320793,0.997776784821753,0.984968474436594,0.9529810253774637,0.8963446609385509,0.7812179271912615,-0.0744177820858926,-0.46267008049929126,-0.8474837458318341,-1.4267382382850056,Nova,1.0,1.0,PI
Ce224,402172.3039092913,153932.2591996603,0.38275201375970247,0.9983762632187376,0.9714792298301664,0.9367455056007736,0.8833449741482753,0.7962511236253342,-0.15259216352161367,-0.5099957490626131,-0.8114578559145278,-1.0968134691764755,Nova,1.0,1.0,TO
Ce225,353618.6416349098,267121.10150433995,0.7553931553759166,0.9991443069367008,0.9564744764826136,0.8821120341682587,0.8134278919996614,0.6543933758755853,-0.24847865675453085,-1.109970303467248,-1.111791977655536,-2.172900451383132,Nova,1.0,1.0,MA
Ce226,803595.0102786738,381684.6837414298,0.47497144564034527,0.9970891307786519,0.9892269250063597,0.9613106725389979,0.9063168598133844,0.7422701782639608,-0.04562710178256967,-0.4027915279660129,-0.8159427906435852,-2.0118414441476613,Nova,0.9994531263501779,0.9021452519887406,PI
Ce227,416942.4065496642,0.0,0.0,0.9417289449362519,0.9053530744867515,0.9229577885958846,0.928719260352978,0.9112796852730648,-0.22496568800081368,0.2804957675395268,0.09246325649892981,-0.2092406036061509,Nova,0.9759979195342581,0.27217124025376105,PI
Ce228,210433.69206189067,9655.09283565509,0.045881877284248904,0.9817394673421534,0.9004280176358641,0.8364614148288136,0.7612627464218006,0.6582559735629416,-0.47647806437493784,-1.01317984022558,-1.2825596408905429,-1.5050217384773155,Nova,1.0,1.0,TO
Ce229,861328.1267746956,503570.8875495952,0.5846446573563692,0.9044852474986119,0.8055437053724066,0.7401544157710882,0.6877913077348019,0.6064488503005842,-0.6383425731133635,-1.1612402487963311,-1.4184118533204988,-1.3053308803150254,Nova|Nova|Protegida,0.9545099031729871,1.0,MA
Ce230,811128.400577975,462134.3646111697,0.5697425515884695,0.9917035782877557,0.9530323348724845,0.9229186170359523,0.8857036664908019,0.7651144510711828,-0.22635378185283153,-0.45080988717004344,-0.5743612457333918,-1.5139764197042611,Nova,1.0,1.0,MA
Ce231,20436.861929804887,20436.861929804887,1.0,0.9973693602633532,0.9890253937599343,0.9736900293769382,0.9551106997111358,0.8840017346003914,-0.04619325510723559,-0.22285220837323333,-1.0396109014415107,-0.8244433520395932,Nova,0.9070404686538862,1.0,TO
Ce232,29439.620240340017,0.0,0.0,0.9482663503623541,0.768408595321044,0.6951264706440786,0.7324774960930567,0.636129286342642,-1.115015352859182,-1.3619026048756517,0.7682919967621763,-1.464674155273043,Nova,0.07274396950543852,0.05101933458424488,TO
Ce233,231870.7989923902,0.0,0.0,0.9775947249559006,0.8592873077017391,0.7811472023625945,0.7000815049992304,0.5618786412090747,-0.7111644828756605,-1.2988063462741475,-1.482514724184598,-2.1936014366238155,Nova,1.0,1.0,MA
Ce234,626417.2566978547,0.0,0.0,0.9944150183817385,0.9713461609470277,0.953949830896096,0.9199848780973685,0.8159036513653669,-0.12843291218840966,-0.2557235943264497,-0.503752580382325,-1.2587973976436986,Nova,0.9758879183502436,1.0,MA
Ce235,18585.572982205027,0.0,0.0,0.7720870733995878,0.36484502229246607,0.3304510088295762,0.3040477929275842,0.293704840374445,-3.0071672762665784,-1.3623893628876076,-0.7475990267191511,-0.7453563589466385,Nova,0.0,0.0,TO
Ce236,237723.67994493,7360.946032974861,0.030964294489636307,0.9284202846596471,0.7128290991572077,0.6711294701539579,0.6257879417647243,0.5394803537250749,-1.36652761915302,-0.8363627364592554,-0.9634841624362582,-1.5325688658197452,Nova|Nova|Protegida,0.9939157573262161,0.9944950112132154,TO
Ce237,415161.71397823043,142073.27453354956,0.34221188936752334,0.9958422491829185,0.9857069175216475,0.968464072503062,0.94215684343216,0.8307631639242757,-0.05906284197426996,-0.24968169967233117,-0.3877278864912356,-1.3138722500814615,Nova|Nova|Protegida,1.0,1.0,MA
Ce238,134381.08439596015,30161.14354983989,0.22444485907680778,0.9525710960765661,0.7433622075685409,0.6327595464872687,0.5457772699518639,0.4582024842397775,-1.2915764396273046,-2.124967184311471,-1.9608325223771188,-1.7822821927621708,Nova,0.9654335213670168,1.0,TO
Ce239,124520.4252905898,0.0,0.0,0.9412357346128082,0.6494831162486913,0.530852402413218,0.4360489278052152,0.35203783844427566,-1.8243048777021555,-2.6092683396524357,-2.550323806916166,-2.1418050090144676,Nova|Nova|Protegida,1.0,1.0,MA
Ce240,153282.6039944946,0.0,0.0,0.9254191099209362,0.6643969853507745,0.5250375603207985,0.4276815185431507,0.3322211973050337,-1.7392779464960109,-3.0102439030667734,-2.5345239313441996,-2.563047807210074,Nova,1.0,1.0,MA
Ce241,165772.59345468006,94245.96347563996,0.5685256019198704,0.9893177700949464,0.9410695904600175,0.9182105273747251,0.8570354251174269,0.8099027483038946,-0.2816371656602593,-0.3460122769015512,-0.9443128800790774,-0.6092230677247007,Nova,0.999901051976729,1.0,PI
Ce242,429066.5836771338,113883.6158848898,0.26542177885049545,0.9970669306906982,0.9780523755037829,0.9617411481198793,0.9330823035655162,0.7660294778180445,-0.11006697609492466,-0.23745554868508217,-0.423285620151597,-1.9907354471046375,Nova,1.0,1.0,MA
Ce243,644151.561371379,26252.29567669469,0.04075484288325617,0.9628843396843719,0.9256609578926145,0.9071431476148025,0.8777846620302959,0.7634909398360574,-0.2245205400761687,-0.28529993662170633,-0.4587845987729734,-1.4482270051569681,Nova,1.0,1.0,MA
Ce244,91682.8801032396,27543.315597324643,0.30041939745249563,0.9855782771719973,0.9331202384602046,0.924193732897421,0.890737955623158,0.825340263163947,-0.2606287903101147,-0.1236051144346614,-0.46027368752529696,-0.8426922327443465,Nova,0.5368328422020271,1.0,PI
Ce245,1164155.4387112593,813667.9050058386,0.6989340752525138,0.9935050125216778,0.9845378615268258,0.9459772033715727,0.8977906619764883,0.8220037246907239,-0.047763453294311906,-0.5589997548685451,-0.7222700077499843,-0.9407650971675582,Nova,1.0,0.9977191647554561,MA
Ce252,840.9667189949996,108.25025501999784,0.12872121164243303,0.9318851058894039,0.9796009740930485,0.9968816207750616,0.9991242774453897,0.9959151523544981,0.29999107770589867,0.27471472062460733,0.05446894976491075,-0.03029925686539962,Protegida,1.0,0.7173558688100604,PR
Ce253,388.671209705002,0.0,0.0,0.8791573391473178,1.0,0.997258118220803,0.9972604298385468,0.9970515387398543,0.861215296218369,-0.02713846805062957,0.01208726299584763,0.004697292386726362,Protegida,0.0,1.0,PR
Ce254,4773.83507185497,0.0,0.0,0.18792961416392998,0.17427747227379986,0.19065749449457037,0.23768006452907048,0.2440631386189669,-0.42657363677305654,1.3429566739937115,3.5267028813084114,0.2993761807080034,Protegida,0.8788395331753229,0.74380611753419,SP
Ce255,89.07724945499645,0.0,0.0,0.2157050816651599,0.1455067668150353,0.13853564523268772,0.1448130388920349,0.14132452541254875,-1.8433339884905129,-0.6711355641155025,0.6036144689807494,-0.2252240797752868,Protegida,1.0,1.0,SP
Ce256,304.33120683999687,0.0,0.0,0.7381434895305359,0.7257516153258243,0.7198255778806615,0.7653517481542941,0.763196523350364,-0.09875231402654788,-0.11664828021090543,0.9035159086271203,-0.03128880586428116,Protegida,1.0,0.0,SP
Ce257,193.8371546449979,0.0,0.0,0.2629163135317448,0.21676866908868755,0.20830141392044518,0.19974849753090396,0.19110468944619005,-1.0324834102970444,-0.5580178566684769,-0.6097738082123993,-0.4718004796858466,Protegida,1.0,1.0,SP
Ce258,1341.1893762350048,0.0,0.0,0.416102364887633,0.45396399288691214,0.49677698099935524,0.5528711802411017,0.5458322243541686,0.5336687614786294,1.3290668944626287,1.630652706444399,-0.13675523224480807,Protegida,1.0,1.0,SP
Ce259,636.1650842099939,0.0,0.0,0.8025778982369851,0.7639954594815743,0.8726423411231404,0.8837392149295695,0.8056736393545586,-0.2827831698196585,2.0315543631874964,0.1816629347359663,-0.9815059346844655,Protegida,1.0,1.0,SP
Ce260,1461.5793463449895,0.0,0.0,0.9456646672435676,0.9697010843000703,0.9684056734088229,0.9680731230307174,0.9561209692092011,0.16074447735237812,-0.019084097331223404,-0.002493180206101072,-0.1408886315674966,Protegida,1.0,0.9998727593644066,SP
Ce261,1191.4107625049962,0.0,0.0,0.4326153214033982,0.3744942684858475,0.3801473158913876,0.3924914965707799,0.374287985213333,-0.7895807310984296,0.21564500948347515,0.4638871061433728,-0.5153264187176753,Protegida,1.0,1.0,SP
Ce262,25.082863689991367,0.0,0.0,0.0,0.0,0.0,0.0,0.0,,,,,Protegida,1.0,0.0,SP
Ce263,89.1968420399927,14.679207709994982,0.16457093518415536,0.8840449999906835,0.8942490281940678,0.8914659578551056,0.8951766507807086,0.8979595169638737,0.06789665154449806,-0.044459816500722456,0.059463738878741595,0.034541490041695155,Protegida,1.0,0.0,SP
Ce264,3175.8614177050044,0.0,0.0,0.8408419435532124,0.8547502836297088,0.8662094898282553,0.8574124882378481,0.8323431490644867,0.1041730871314624,0.20020992345913652,-0.14840099650819752,-0.3282468910878183,Protegida,1.0,1.0,SP
Ce265,229.4435162200173,0.0,0.0,0.29164223345143064,0.2932380533822919,0.2999913743379557,0.31249168513449643,0.31283137542964884,0.03646253820381862,0.3342805780491747,0.584525150179273,2.2182601972570778e-05,Protegida,1.0,0.0,SP
Ce266,1287.3060907150095,0.0,0.0,0.9703562925772101,0.9791919936901035,0.9804186636157036,0.9811295630474696,0.9820272760114079,0.05585768265581195,0.019739079914571356,0.01220017048817785,0.008017731953636876,Protegida,1.0,1.0,SP
Ce267,955.9586851500015,0.0,0.0,0.7856604826284418,0.8423969442561999,0.8461726703106338,0.8485794434669125,0.8428941439268808,0.5783829982910376,0.09213861520701741,0.0329946297335055,-0.14901794018798986,Protegida,1.0,0.8370125670958815,SP
Ce268,382.4782802300067,0.0,0.0,0.8125827653673262,0.9240950433107259,0.9613972691163417,0.9813492171722035,0.9210253826641309,0.8086976136239288,0.5766603164226947,0.2964724765979484,-0.6875266337195041,Protegida,1.0,0.9337160091946761,SP
Ce269,1935.802964845002,0.9607834900045196,0.0004963229767970981,0.09600204062418866,0.10176964499725913,0.1287143339278029,0.1409987109886411,0.18555557807500409,0.3517968350847252,3.7830820601916413,1.3647564253018971,3.5112115386606204,Protegida,0.8483862539499102,0.0,SP
Ce270,2713.6256244599804,0.0,0.0,0.9430811290960387,0.916669866619622,0.9156650056053027,0.8941102293711973,0.8125382412530685,-0.09658034435239206,0.04487806199084954,-0.3341779916328732,-1.0041766506719199,Protegida,1.0,1.0,SP
Ce271,283.5183536599798,0.0,0.0,0.914487732154704,0.9326111441359848,0.9501906439369079,0.9443305306310633,0.934954765001964,0.1342051369995519,0.26928234025599246,-0.08810432401475625,-0.11031643082326885,Protegida,1.0,0.0,SP
Ce272,79.3321056599996,0.0,0.0,0.43125418305655233,0.539584035166078,0.527083835528506,0.527083835528506,0.5291672231374224,1.4776307087788132,-0.3309480431195214,0.0,0.04391853752633661,Protegida,1.0,0.4373479001516109,SP
Ce273,2360.011665689968,0.0,0.0,0.7682340032293393,0.6391740759995418,0.6178063225690851,0.611013517877415,0.5836960360639817,-0.9875202085005853,-0.477575095575844,-0.15707198757745225,-0.49676081923559523,Protegida,1.0,1.0,MS
Ce274,4926.766662319994,195.61351299000967,0.03970423736241977,0.9731994542648276,0.9682153047869175,0.9724195595857872,0.9687012193751028,0.9614493239305665,0.012084416306340169,0.09202111043131415,-0.04270355662729296,-0.08562944973755772,Protegida,1.0,0.8243831342648605,SP
Ce275,535.1884953700066,0.0,0.0,0.18347561778159172,0.14159118061633963,0.13939552376938202,0.15243134863132296,0.1509084144042269,-1.3653738503694877,-0.17853247708190997,1.2657890795990414,-0.10569311932635427,Protegida,1.0,1.0,MS
Ce276,103.71779853000331,0.0,0.0,0.9129075007440456,0.9620956705300316,0.9588690268520158,0.9378996067871374,0.895962259042486,0.3169457748740811,-0.047910941809505204,-0.3124129942620505,-0.49682346289955875,Protegida,1.0,0.3685371163556462,SP
Ce277,152.99378301500334,0.0,0.0,0.95692485206398,0.9520177507393344,0.9498366493647332,0.9345694356952577,0.9482008452492243,-0.030164648611044457,-0.03272900220771614,-0.22962164343413188,0.1620640482882068,Protegida,1.0,0.0,SP
Ce278,2079.866612589991,2079.866612589991,1.0,0.6343973802970146,0.4732262513031796,0.5374114766351371,0.5740065178902758,0.5456524672393717,-1.4880764855349145,1.9134920366089294,0.9930542214638991,-0.5526740009553271,Protegida,1.0,0.9947403796432025,SP
Ce279,2248.7871232749985,0.0003978100001187,1.7689980345465222e-07,0.4549706337653384,0.3365982497929815,0.33436026103970623,0.3283048069061347,0.29981050816952953,-1.5247594602814962,-0.080699293205831,-0.24984204198925503,-0.9662464508487055,Protegida,1.0,0.0,SP
Ce280,2998.6931866749937,59.213848604987874,0.01974655122041521,0.846066021507924,0.7586593298666353,0.7201194008709707,0.6959136038577872,0.6193459783684088,-0.607850126917005,-0.7260927638160664,-0.47865543648419884,-1.2227712053397577,Protegida,1.0,1.0,MS
Ce281,77021.54824768998,0.141534004988634,1.8375897162373502e-06,0.9803041173263914,0.9505575461555592,0.9513246539860771,0.9506428947633012,0.9505310443338681,-0.17783362813291018,0.012288964849999879,-0.010207137179106342,-0.0015962557520775454,Protegida,1.0,1.0,MS
Ce282,372.7750251249894,0.0,0.0,0.18621455236970896,0.1311505090348546,0.1553694803230742,0.19308906363726266,0.20835585793419056,-1.7384938479763994,2.6418787031864652,3.4681920096675887,0.8785119392484855,Protegida,1.0,0.0,MG
Ce283,17177.494566710073,0.0,0.0,0.6712830812945435,0.45829660513018156,0.44747197066736566,0.44325499869296986,0.4187037174464252,-1.8626853278123066,-0.33544661134500275,-0.1358001231762916,-0.6124118693525211,Protegida,1.0,1.0,MS
Ce284,533783.1840210201,43.44564690001511,8.139193627782821e-05,0.996730736352624,0.9847906038379968,0.9860068101022496,0.9848414846321303,0.986859191748021,0.024969185177834682,0.09322259715287233,-0.07729019879493736,0.06630610685744011,Nova|Protegida|Protegida,1.0,0.9999792558164186,MS
Ce285,2937.3389674450377,1.9257893149967087,0.0006556237929433806,0.9962247077113239,0.9374340806714394,0.9236280221617927,0.9184711230648567,0.9370539159556767,-0.34038768506551037,-0.17814743172659409,-0.16649345510542726,0.24163323662612277,Protegida,1.0,1.0,MS
Ce286,345.3974956300081,0.0301236300002545,8.721438453196868e-05,0.532919469643304,0.6371310199099637,0.6508307366815804,0.6531570644519286,0.6489110143989764,1.1791133617408787,0.31768772077201174,0.05794370907876077,-0.07752671418194752,Protegida,1.0,1.0,MG
Ce287,197810.36896393658,0.9839280449521919,4.97409741514397e-06,0.7897841584230664,0.7545963588975789,0.7801254562152812,0.7940825755601517,0.7890230477828267,-0.2619991867195036,0.4833064700399887,0.25578726348679365,-0.0709633331542022,Protegida,1.0,1.0,MG
Ce288,129.8746631400056,0.0,0.0,0.8046407929058434,0.6072049906337351,0.49837946804321925,0.48743260525919935,0.44686575310178556,-1.4376368652658214,-2.5603385128621228,-0.313784503746582,-0.9247284586334911,Protegida,1.0,1.0,MS
Ce289,1.7729019850005607,0.0,0.0,0.136364112752103,0.090909408501402,0.090909408501402,0.0,0.0,-1.9607843137254906,0.0,-14.285714285714285,,Protegida,1.0,1.0,MS
Ce290,2148.507451240002,0.0,0.0,0.718188371721884,0.761085818464198,0.7695341889912148,0.7634123309256492,0.762358039876791,0.35184118978670964,0.158577396399722,-0.11253792527099776,-0.01708096095887932,Protegida,1.0,0.13212669156029905,SP
Ce291,5380.36889167996,4.7085587250063945,0.0008751367833323784,0.7762246592933567,0.6189962280564688,0.6143526009554527,0.6150609339893854,0.6131422758845502,-1.1922339382655607,-0.10517774061621829,0.016694308331548818,-0.034660668901178825,Nova|Protegida|Protegida,1.0,1.0,MS
Ce292,11.584869584996412,11.584869584996412,1.0,1.0,1.0,0.6279072618358491,0.4496128502784663,0.4687504874451508,0.0,-5.31561054520215,-4.056431860337668,0.3831429736417603,Protegida,1.0,1.0,MS
Ce293,33912.27966231001,4.509876254996066,0.00013298652582204102,0.9541189620049708,0.6309461498091303,0.5989586073555211,0.6029056935978142,0.5965371863813679,-1.9912136830865659,-0.7344563104827847,-0.0771501481794834,-0.03700245537850977,Protegida,1.0,1.0,MS
Ce294,77.29611926999786,77.29611926999786,1.0,0.17149655794983135,0.19151311258918893,0.26249622589926924,0.2701757444469523,0.15081214762469752,0.7550769622892982,5.474539372308922,0.6184364598847113,-5.117472050480674,Protegida,0.9990971632773039,1.0,MG
Ce295,36302.25899931002,6.708719185061975,0.00018480170022448146,0.8905169101922682,0.712381959642712,0.6207857943277874,0.6006708566742901,0.6029956266393868,-1.1531037157220925,-1.8193565234215527,-1.0147339811295373,0.533958531418947,Protegida,1.0,1.0,MS
Ce296,23976.90968184993,23976.90968184993,1.0,0.38545267107277703,0.325209128189961,0.321926880303479,0.32337353276110076,0.30442003872203294,-0.9146687645810099,-0.1531373121303914,0.05596175297282814,-0.650505431403001,Protegida,1.0,1.0,MG
Ce297,31639.123874645065,0.09616851998228451,3.0395443427354812e-06,0.9862170490526027,0.9822079498939985,0.9858629506219744,0.9868430274855323,0.9837773940443969,-0.023552763922779822,0.05335150954296644,0.014240039805854136,-0.034546294776263385,Protegida,1.0,0.9906227997848333,MG
Ce298,100125.16692135483,99720.18198598482,0.995955213381186,0.8778441270665716,0.847454544271316,0.8449812711735988,0.849286397351559,0.8351272082654639,-0.2008096294996261,-0.041403640755296615,0.07390358997121371,-0.18165128614586992,Protegida,1.0,0.9349110062449237,MG
Ce299,199.56379967501687,62.26890757500676,0.3120250650489199,0.20952663205957558,0.06239531970123437,0.050718948741997866,0.054876013348661344,0.10823425263367219,-4.130636185128362,-2.702736807611859,1.1904960003547365,10.683538204201607,Protegida,1.0,1.0,MG
Ce300,17249.11195369003,17071.039429440018,0.9896764236484697,0.30709663332751785,0.21145630901665835,0.2011568899730774,0.2036267573224167,0.1939007612166463,-1.8345514180671638,-0.702433792173951,0.1766161891681011,-0.5507021198697639,Protegida,1.0,1.0,MG
Ce301,1384.4848764100022,0.37828917999749656,0.00027323460620126683,0.9481952253351099,0.902565081489025,0.9949406625537047,0.8987475252243405,0.9433119713092244,0.4106559925784818,0.0618068031248864,0.4277817891101535,-0.24609990636421664,Protegida,8.22028481045644e-06,1.0,MG
Ce302,10069.687504145033,556.7530349850257,0.05529000127917046,0.9998056153844139,1.0,1.0,1.0,1.0,0.002784649794602559,0.00036209544316267994,0.0012070477839972885,-0.0011264376079813923,Protegida,1.0,1.0,MG
Ce303,17381.137218434982,0.4367518150164264,2.5127919394894003e-05,0.9981399241029408,0.9950280599255524,0.9943061988153286,0.9923723092341665,0.9906485533605099,-0.014770917222525933,0.012540634090158726,0.0012752666763609405,-0.023638609783003004,Protegida,1.0,1.0,MG
Ce304,13977.029126745108,0.0,0.0,0.950363930099007,0.9237228292560532,0.9191051477745623,0.9201985675868555,0.9141973833102807,-0.16493203058434747,-0.07219344919279701,0.0174307555039047,-0.07266416789672499,Protegida,0.13902498673997474,0.6067485636613198,MG
Ce305,132641.8724543098,0.0407949149856267,3.075568388080395e-07,0.9956175637255261,0.9945676546320954,0.9955482626566188,0.9953565029025969,0.9937925881715325,-0.0038883459042074954,0.014140142643667301,-0.0027425397027935894,-0.017436515046400893,Protegida,1.0,1.0,GO
Ce306,30508.14912166999,10134.971908570044,0.3322054008635731,0.8672084506541446,0.6788348218752417,0.66209921834377,0.6599777401267686,0.6642475982848766,-1.2765856885156013,-0.3518420683331699,-0.04581369827888641,0.07166729092273894,Protegida,1.0,1.0,MS
Ce307,890.6046843200016,890.6046843200016,1.0,0.8062026989062041,0.7636984167409036,0.7576813186309962,0.7524281463952859,0.7160393596801605,-0.31012695634344833,-0.1125556142882646,-0.09904601817096262,-0.5373534394311184,Protegida,1.0,1.0,MG
Ce308,124154.53136702017,0.1069718150130197,8.616021810496333e-07,0.9936554672740985,0.9901159811190307,0.9923588580635679,0.9924065583500465,0.9919722068632101,-0.020611281979022275,0.03435753396456219,0.00044130508754593374,-0.004008618829927832,Protegida,1.0,1.0,MG
Ce309,12159.034237560034,0.0,0.0,0.9537154014348327,0.981426873015941,0.9875265152633003,0.9877727962671974,0.9717096563824071,0.17087718512861963,0.08888757334774804,0.0035627398367012375,-0.18068864897661116,Protegida,1.0,1.0,GO
Ce310,5206.929226145001,4321.669715760015,0.8299843397256244,0.51977472811003,0.11552614307000589,0.10757642221900816,0.10025754111694059,0.10436497133658747,-4.575058202714558,-0.9821738010893653,-0.9721359211718381,0.45558767328454963,Protegida,1.0,1.0,MS
Ce311,2701.6687389499957,69.77331302000323,0.02582600598440527,0.4808254299508518,0.019598345003486162,0.020453320029728595,0.018736690581074515,0.02537210387485148,-5.642543967621374,0.5991769751411802,-1.1720551434898077,3.934890015956919,Protegida,1.0,1.0,MS
Ce312,6455.321244425018,0.0,0.0,0.9999867519448832,0.9835769305793132,0.9682535591965855,0.9501497961542196,0.9010617545133296,-0.09576308357251788,-0.22274673170434856,-0.26691910027725513,-0.5745969377575223,Protegida,1.0,1.0,MG
Ce313,59097.954080610005,3198.694281129993,0.05412529639802679,0.7567492733024531,0.6130220757792721,0.5822155308189709,0.5809472967727721,0.5721155867677766,-1.1181427589280333,-0.7208927926555015,-0.034976677663348506,-0.17381034438772466,Protegida,1.0,1.0,MG
Ce314,1471.2681802950158,199.54943964500245,0.13563090829911728,0.7667370090014252,0.6174453728232316,0.6424484033569188,0.6662041642458273,0.6835582924427845,-1.1448033293778492,0.5793557862242052,0.5282416625606119,0.28943626741084255,Protegida,1.0,1.0,GO
Ce316,34860.638064469946,0.0,0.0,0.9980308762726637,0.9952278668368219,0.9973647288844913,0.9958712963871135,0.9933108490415107,-0.01675177248838027,0.029156982833256073,-0.016685594463194953,-0.03314997040031835,Nova|Protegida|Protegida,1.0,1.0,MG
Ce317,463.5299467199781,463.5299467199781,1.0,0.3293637792441949,0.2408444769420949,0.21383178546639445,0.20364337735376417,0.19482612063477628,-1.5777323753421002,-1.6093315891739328,-0.6831988741957007,-0.4870144722750812,Protegida,1.0,1.0,GO
Ce318,6417.774150694985,9.613189329998026,0.001497900846036629,0.9754870187842887,0.9204152323299799,0.9305487597322705,0.9476336473423094,0.9578842913266113,-0.31658728206065606,0.1613444866923259,0.2708572526079208,0.12049056150026506,Protegida,1.0,1.0,MT
Ce319,3557.865122774988,701.9167109400034,0.1972859247661804,0.6643943544747024,0.7089976601338145,0.7129741166155324,0.7064233336556301,0.7076272832313032,0.3918750340359241,-0.054445535549217466,-1.7701269866040419,0.056360589887592835,Protegida,1.0,1.0,GO
Ce320,9542.52313135498,1.4291870649767264,0.00014977035374225922,0.9942780755270259,0.9846944806227858,0.9643610996289399,0.9746948207750982,0.9563447640283923,-0.04806149464904711,-0.27580280560245735,0.1649989008899804,-0.21056549003967262,Protegida,1.0,1.0,MT
Ce321,130.33398908000666,0.0,0.0,1.0,0.03618399064200623,0.0,0.0,0.0,-5.669505937399964,-14.285714285714285,,,Protegida,1.0,1.0,MG
Ce322,9414.925250824988,5467.761826010003,0.580754672006651,0.8492297324202663,0.6638391447267549,0.6476573145358989,0.6426354362877649,0.6360700398048882,-1.284059585605348,-0.3483576082527743,-0.11089960316583397,-0.11371577749499126,Protegida,1.0,1.0,MG
Ce323,6304.110841710027,4880.872051355023,0.7742363949348102,0.8163261567989551,0.5304255182373943,0.45072188104995087,0.35433044593775676,0.30749343210243,-1.9987053572096358,-2.2303372165930653,-2.8305053655421224,-1.5155508919623104,Protegida,1.0,1.0,MG
Ce324,1289.4240925150182,0.0969446550000242,7.51844606927841e-05,0.7498484747013421,0.4976331274927189,0.3777937273800316,0.31646856713461907,0.36315624778574707,-1.9148870770430266,-3.453322612369806,-2.3012945687648094,1.5982753197401969,Protegida,1.0,1.0,MG
Ce325,4769.086211985005,0.9118854699826486,0.0001912075876697353,0.6854913479194921,0.28331639377801293,0.299380535622113,0.33333143763935147,0.3370099473489801,-3.4564549249683196,0.813029474972796,1.6322219366389255,0.1352925161931183,Protegida,1.0,1.0,MT
Ce327,144.6194422750119,140.03773442001724,0.9683188665167027,0.9059516579997567,0.8976790110506611,0.9126030398678087,0.8959562371853865,0.9072520733565396,-0.050244926244925145,0.24614147563644423,-0.26058588072004657,0.1400841755227737,Protegida,1.0,1.0,DF
Ce328,28662.287323565026,2568.292882500073,0.08960530098337692,0.7335220508162201,0.6322433692557995,0.62333058360829,0.6007974223516367,0.5904318172372112,-0.8124151363456638,-0.2042614407000931,-0.5166297044768723,-0.19268428727590284,Protegida,1.0,1.0,GO
Ce329,2432.137879134955,56.499088415008885,0.02323021605794161,0.8425591627421769,0.6294381595734667,0.6259888644629853,0.6321084022112902,0.6100632342363772,-1.4877556266062686,-0.07828512409993207,0.13965419002766996,-0.38826517006219147,Protegida,1.0,1.0,MT
Ce330,2185.7219844349747,209.9135391449637,0.09603853584298731,0.9763179353435929,0.9491394152037199,0.9856631036706038,0.985818805159348,0.9808146179738191,-0.1626250736301646,0.5532334099103396,0.0005682541458527725,-0.057272883346724965,Protegida,1.0,1.0,DF
Ce331,1274.37539044502,1261.5408381950156,0.9899287507070248,0.9810239972083491,0.9970291394511706,1.0,1.0,1.0,0.09677642556075107,0.04256732657447669,3.172065784643304e-15,1.9737298215558338e-14,Protegida,1.0,1.0,DF
Ce332,1154.5004522850102,87.32726771001587,0.07564073928007219,0.8845316542320578,0.7791482784276013,0.7801346316084944,0.7783034255534325,0.7486968964898726,-0.6973446739446155,0.019151823258819638,-0.031406931088270466,-0.4226648781443101,Protegida,1.0,1.0,DF
Ce333,4968.834384059967,577.9422961649462,0.11631345532847433,0.9918194981804611,0.9916682084357338,0.9936428216744421,0.9933135479265718,0.990939682409992,0.0024666999508211477,0.02844576473557403,-0.005228799687338549,-0.027705922950798594,Protegida,1.0,1.0,DF
Ce334,54.0275157599965,0.0,0.0,0.9825398253058848,0.8714286158539694,0.8619047202630195,0.8555554262606574,0.8571427424738491,-0.6652100331034119,-0.15612942795773918,-0.10523692225059872,0.020614499390560048,Protegida,1.0,1.0,DF
Ce335,483.8127541450012,0.0,0.0,0.9144024997260972,0.8470343797865224,0.8379985800817815,0.8432467973110072,0.7699603039799486,-0.33062453621150817,0.00917846640648661,0.11010114213559749,-0.9347659076285899,Protegida,1.0,1.0,DF
Ce336,2621.6081707049884,211.12514067500007,0.08053268334841414,0.6943022438036581,0.49627089540137304,0.49565166163054636,0.4794077414250863,0.4411517250783797,-1.6769551459909646,0.00753554263208984,-0.4754482975657869,-0.8816079272329809,Protegida,1.0,1.0,DF
Ce337,31.254492410007646,0.0,0.0,0.5418311225105105,0.08583624197188207,0.08130017641588375,0.05737662890762923,0.04741341134162481,-5.017305451191126,-3.172065784643304e-15,-4.28570056759117,-2.3809626494156695,Protegida,0.18521725706040718,1.0,DF
Ce338,191.6080312150087,0.0,0.0,0.8803973083497921,0.8057709089816882,0.8018935312142372,0.7729338943259585,0.7473039043355055,-0.5107181431586969,-0.05592917869558274,-0.49731584870142476,-0.36843728635930584,Protegida,1.0,1.0,DF
Ce339,92.73734441999633,87.68074745999269,0.9454739944126185,0.9140371633582218,0.9694992674251021,0.951351788214533,0.8868942084957465,0.8760524256336317,0.35014237862700914,-0.16051205207368976,-0.665567530504723,-0.06621669944424,Protegida,0.8116148295568878,1.0,DF
Ce340,2837.504853290004,96.73442784998495,0.034091370006935566,0.9895282017704126,0.9462162886779609,0.9649136511697156,0.9740494093346282,0.9699209770152382,-0.25764289273391333,0.2827298649300409,0.13525648721948486,-0.04709357633794455,Protegida,1.0,1.0,GO
Ce341,58780.481366004904,0.0015733299990329,2.6766197936290116e-08,0.969795743897288,0.9729681988455057,0.9736034890668928,0.9654014628737957,0.9296679641761846,0.019727316807526065,0.009390625316466459,-0.11972530292329983,-0.41173903531258976,Protegida,1.0,1.0,MG
Ce342,9335.785266505076,0.0118275799773553,1.2669078861304023e-06,0.9701735236257062,0.8044359255946163,0.8130752406854561,0.7954653118336041,0.7757474635496874,-1.0022282918697778,0.16186306882819096,-0.28400410443799434,-0.2774257072713603,Protegida,1.0,1.0,DF
Ce343,31791.35224993,33.2658350649628,0.0010463799967815476,0.9697504099084073,0.9703900224741875,0.9735401154063317,0.9726363230447549,0.9666650411099095,0.0027995906890614505,0.05103614315639263,-0.008105777105882339,-0.06020691557596658,Protegida,1.0,1.0,DF
Ce344,3449.282617640015,82.62151368499298,0.023953245600246663,0.9816892836035551,0.9636048617102924,0.9725283198328992,0.9766547369060733,0.9734274462488396,-0.10431885600103603,0.13229260696989073,0.06168988942539652,-0.037823135995552884,Protegida,1.0,1.0,DF
Ce345,29638.50503423989,1.33100616499948,4.4908006104283424e-05,0.9930675632664205,0.9740789542792783,0.9732539958833344,0.9743344981379188,0.9764713416592479,-0.11244383631832634,-0.01205721831741042,0.015776803824198358,0.02440046848404018,Protegida,1.0,1.0,MT
Ce346,24.51830485000026,0.0,0.0,0.8191484954325479,0.8439719543386529,0.953900773927152,0.9432621167100819,0.9290775659496397,0.17825870073703615,1.8607392109820937,-0.1593256044452215,-0.16708623909351067,Protegida,1.0,1.0,GO
Ce347,9573.32719294997,89.85815749994538,0.00938630380941321,0.9505795879844496,0.9699352335894051,0.9753043798057764,0.9762150865606367,0.9663753800732463,0.11961070129398829,0.08528507700694846,0.01951411780346048,-0.11037765264935778,Protegida,1.0,1.0,DF
Ce348,52.55974256000071,0.0,0.0,0.684298738346479,0.6512409146357121,0.6112032123349334,0.5453060331914602,0.5526328480512589,-0.28417112345939277,-0.8339505677372547,-1.5402213014004842,0.16784155589603483,Protegida,1.0,1.0,MT
Ce349,238.8738585950111,93.77995336500985,0.39259194755172117,0.9358810185186394,0.5325327507543898,0.5267097205064836,0.4088602823612732,0.26871273897881737,-2.5472486237891405,-0.1357744312433454,-3.172357241971191,-3.83755978921958,Protegida,1.0,1.0,MT
Ce350,77.21196578999528,0.0,0.0,0.904813714877631,0.9104132475180002,0.8890121670877005,0.8913761219474682,0.8913761592157471,0.0364035455637777,-0.3514359535148432,0.054045172588138415,4.645536103945839e-07,Protegida,1.0,1.0,MT
Ce351,53.187548635002365,0.0,0.0,0.7255203411555814,0.7158894970150175,0.6918123251193038,0.7046533398262069,0.6918123068208121,-0.07808468094227887,-0.4804646526375229,0.26516305156870806,-0.20247990953903283,Protegida,1.0,1.0,MT
Ce352,3048.6442017299914,1174.037731869992,0.385101590800189,0.9898791769540511,0.761444569047188,0.6553503524328843,0.6717142032592281,0.7076469471467702,-1.3573438494418806,-1.9904688109012882,0.3562947768504759,0.5950409646364235,Protegida,1.0,1.0,MT
Ce353,13553.267787819916,0.2555625499291885,1.885615734375573e-05,0.9927507726140944,0.9948789263786787,0.9942296794439338,0.9940936199989236,0.9885715971167499,0.029862113338172288,-0.006567825490109782,0.011845161479302162,-0.050837900507195846,Protegida,1.0,1.0,MG
Ce354,82803.61928382493,78.53416813498754,0.0009484388341262833,0.9805141358766334,0.9599662906463137,0.9580149264597815,0.9494694244751123,0.8653146826023554,-0.12301961338740952,-0.02862346954250393,-0.12700113710387864,-0.9852693602176246,Protegida,1.0,1.0,MT
Ce355,7407.173508210019,0.0,0.0,0.6137958595916733,0.6664711890122179,0.7094807932504787,0.6884545538242184,0.6918426360658834,0.5066038468460523,0.9217275187598581,-0.42321126611236337,0.053770322482842796,Protegida,1.0,0.0,MG
Ce356,32662.10095111007,67.24892716498876,0.002058928397338849,0.9775630859332655,0.9454818701998581,0.9514227709251241,0.9528895330563502,0.9293924563131689,-0.19320969459227724,0.08676246569032653,0.025994711988516377,-0.27473080333542,Protegida,1.0,1.0,MT
Ce358,230853.3973819201,0.1073042399834256,4.6481551149062454e-07,0.9947845319654268,0.9974543383435567,0.9973603387976212,0.9970583841622593,0.9965398287461267,0.01703009699424228,-0.0003088748121588785,-0.002999296211282841,-0.005890879867424351,Protegida,1.0,1.0,BA
Ce359,173288.38290968508,412.5785186600619,0.002380878116192536,0.9920886916893097,0.9875260998887537,0.9841237119628817,0.9789424026181495,0.970178653807957,-0.025189860172875382,-0.04821166695262288,-0.07453949620603544,-0.09983182284193617,Protegida,1.0,1.0,MT
Ce360,28312.210257499937,447.3412072500075,0.015800292636337226,0.9832229262609339,1.0,1.0,1.0,0.9994686379727716,0.10344454356902076,0.0007855065114295964,0.0015709498974019504,-0.006209283813530931,Protegida,1.0,1.0,MG
Ce361,6280.472681489951,0.0,0.0,0.8590630244796149,0.8129436260814814,0.8466029210015943,0.8370940658773718,0.8538393534679027,-0.31595147092097015,0.5914888251294588,-0.16006508874706973,0.22211143602610672,Protegida,0.9998517796179973,0.019987464057438363,MG
Ce362,46218.54131904495,0.4029306949965427,8.717944865787228e-06,0.8584287824584073,0.852981331025884,0.8282011034965961,0.7856152198162334,0.7795241532058698,-0.024217770875429083,-0.41351407094549764,-0.7339580317865175,-0.08585870903438345,Protegida,1.0,0.5098890854970387,MG
Ce363,25829.132146839926,91.31512727997574,0.00353535406303412,0.9316688337006562,0.9322585922678625,0.9620376361734595,0.963725779293819,0.9551638119588397,0.02798466141722542,0.45196164313569775,0.046168383802488604,-0.09945579946810915,Protegida,0.6903808015096835,0.0,MG
Ce364,9854.41599718503,3.276200124970061,0.00033246009970615476,0.9990590047412099,1.0,1.0,1.0,1.0,0.012010500023238054,0.0008781144389212261,0.0015053085780092346,0.0002926620163644521,Protegida,1.0,1.0,MT
Ce365,12678.088104384997,0.0,0.0,0.9994876637103756,0.8485746479645657,0.8636357842107925,0.8927744736894825,0.888112034244591,-0.8902936928276418,0.25951475640837124,0.4820945612453086,-0.05795133841037803,Protegida,1.0,1.0,MT
Ce366,527.7687410899982,0.0025726349990569,4.874549776751934e-06,0.9440712191286462,0.8379561507617183,0.8343476586842156,0.8607537155600475,0.8796148511997104,-0.6611855884002829,-0.06151859709438831,0.4521249385842133,0.24347054213724986,Protegida,1.0,1.0,MT
Ce367,51912.72384582503,0.1418890499973605,2.733222984383464e-06,0.9954900235458882,0.9249025396601254,0.9800316365402286,0.9810924230982593,0.9866779090965007,-0.41753985497664126,0.8554484549226502,0.01878237215243875,0.06402178103976919,Protegida,1.0,1.0,MT
Ce368,19684.84270484002,0.0,0.0,0.9591803987552636,0.9725022777846231,0.9667971393474522,0.9584778311772237,0.9397916795887267,0.08196134181487805,-0.08380646455602754,-0.12292884901891224,-0.21724139866073294,Protegida,0.9998257487841576,0.8191150652662065,MT
Ce369,70325.42999497007,0.0,0.0,0.9941045447403071,0.9995254702003448,0.9991496475712358,0.9991843149596485,0.9984133085362623,0.037179539406827306,-0.0025368814249621912,0.004598529981958421,-0.006849995262039579,Protegida,1.0,1.0,MT
Ce370,423974.92054880015,271873.3896268999,0.6412487542305155,0.9720341916916336,0.8175561786984543,0.7659482565152482,0.7383528877503058,0.6810332906643864,-0.9359474864096137,-0.8969514703901347,-0.5128837078266469,-0.8637577301543341,Protegida,1.0,1.0,MT
Ce371,180278.2437951313,8.028436579918388,4.453358547824509e-05,0.9987131297840937,0.9963765430417078,0.997343813562529,0.9971384557665897,0.9840697345668786,-0.008747073103577892,0.016422441832578523,0.000977136545143864,-0.1482828523490218,Protegida,1.0,1.0,MT
Ce372,224983.44005882007,0.9933131699853235,4.415050146471357e-06,0.9942353000226133,0.9958823203082194,0.9969913149083077,0.9961150689739318,0.9922997643464924,0.010187542349096416,0.016878816093709607,-0.01206038566983203,-0.04260885020710302,Protegida,1.0,1.0,MT
Ce373,11010.893302030003,170.07880744502535,0.015446413181904968,0.9999053095288994,0.9908375146439247,0.9945782566934683,0.9950138445629121,0.9905924287945148,-0.047871088905898966,0.06297750033182734,0.013012999878065607,-0.05364173183785385,Protegida,1.0,1.0,MT
Ce374,562128.4106158098,19.820635805002297,3.525997873562173e-05,0.9627414576429643,0.9939561824207461,0.9872944917278181,0.9850778300479439,0.9809314189873254,0.20008463026185874,-0.09283327290316525,-0.03115055927682686,-0.04692643630501826,Nova|Protegida|Protegida,1.0,1.0,MT
Ce375,128048.99413134008,0.25091555506019203,1.9595277320400306e-06,0.9990991089489832,0.9936158355054421,0.9903067192904653,0.9889707047245537,0.9840465801077918,-0.02987032338111908,-0.04829036938540167,-0.013735069821244457,-0.0504249174777649,Nova|Protegida|Protegida,1.0,1.0,BA
Ce376,35818.023771604945,1.4107824849680584,3.9387502056617336e-05,0.9977436060263808,0.9957679652316836,0.9968937212347414,0.9961020899502697,0.9921145808131772,-0.011349155953999756,0.01611597701149936,-0.01106779291168187,-0.04461299620062513,Protegida,1.0,1.0,MT
Ce377,64795.230213745046,105.39975246006124,0.0016266591246357318,0.9986377097861435,0.9993906089382039,0.9992593634929259,0.9989406598261734,0.9976040357437268,0.005625339578221703,-0.002163046506774093,-0.004269371757249983,-0.014896824272452806,Nova|Protegida|Protegida,1.0,1.0,GO
Ce378,100104.18300533497,0.12459655499911279,1.2446688166115149e-06,0.9939067735221551,0.985313235076118,0.9808115675268241,0.9668979268532925,0.9548936334957092,-0.04719944892501389,-0.06117763178466065,-0.19730920715422978,-0.1408254221141103,Protegida,1.0,1.0,MT
Ce379,38702.64555107481,6.3102652799702765,0.00016304480456362587,0.9986727081024742,0.9905219689330391,0.9918408550942412,0.9916891691373899,0.9933529911647548,-0.4628543325913801,-0.027401298111210233,0.04621512279978646,-0.06038831686780618,Protegida,0.8856569232130397,1.0,GO
Ce380,3605.260538495014,396.0039873700006,0.10984060184879431,0.9991722697068005,0.9609042542215148,0.9750829308052618,0.9773136337944325,0.9966777453717977,-0.21441127643914998,0.23228257826207582,0.03198660997022643,0.2267504686092492,Protegida,1.0,1.0,MT
Ce381,56982.953678035214,160.73639138501372,0.0028207802686607934,0.9199215032906619,0.8428206483566054,0.8417948058339998,0.8658035709606428,0.8406706798920942,-0.49262770820690327,-0.01719191878025241,0.4074866398925213,-0.3226036253589267,Protegida,1.0,1.0,GO
Ce382,409579.94247663487,74.44205163004868,0.00018175219025598488,0.9641217472101313,0.991254825081029,0.9810017598167494,0.9778490968737946,0.9770660292678821,0.17602438039996654,-0.1365698028979932,-0.04205858039986188,-0.010361932746003364,Protegida,1.0,1.0,MT
Ce383,327650.82681657164,5.367620450005363,1.6382136136071197e-05,0.987450679171754,0.9847692610064749,0.988252443260002,0.986354715112314,0.984466405037115,-0.010216868753045467,0.0520422761810968,-0.024796755729624857,-0.022736429168663315,Protegida,0.9999999836068474,1.0,MT
Ce384,79153.07153662478,24.301973645002082,0.00030702502345417333,0.8854653911366412,0.8438487158732093,0.8434884984218124,0.830955992763383,0.8014557804485163,-0.18516191407766489,0.042712918618957395,-0.16495131390949572,-0.42343431887178856,Protegida,1.0,1.0,MT
Ce385,130504.42221176495,36.78928001994165,0.00028190063904688975,0.9922307767695384,0.9981336369410275,0.9927564224856886,0.9910854701113835,0.9905565524091553,0.038281111990721414,-0.06856104249759465,-0.021957091897519185,-0.00690952008233091,Protegida,1.0,1.0,MT
Ce386,12173.690714575021,767.0512872399797,0.06300893502425055,0.9856382074337922,0.7832763671690463,0.7750929849645762,0.759449021152429,0.7437606613470514,-1.2568281471249985,-0.13204787308387841,-0.22331653782778427,-0.24645432148567353,Protegida,1.0,1.0,GO
Ce387,1010049.8909391479,0.0,0.0,0.9969397036267418,0.9956834008233177,0.9943364374649887,0.9944070873186267,0.9916668630575978,-0.005595165440849977,-0.01578054456127718,0.0021022308600602913,-0.030715542094422114,Nova|Protegida|Protegida,0.8633961427350343,0.9014148165320316,MT
Ce388,33792.75174417,773.4449429300753,0.022887894681838446,0.9983424424764334,0.9726492743917958,0.9546989908667323,0.9529286307929127,0.9258621855765361,-0.031380499546256456,-0.20193821943586465,0.05623614366913213,-0.3095118316720627,Protegida,1.0,1.0,MT
Ce389,25684.13485810983,0.0,0.0,0.9977985401257338,0.9953551524561101,0.9923813851618106,0.9918292873886076,0.9920504974572687,-0.014464408696238598,-0.043406537706458526,-0.011101301508215882,0.003158058109667097,Protegida,1.0,0.93440798211262,MT
Ce390,221291.08328734493,5692.729773699905,0.02572507526798057,0.9892012624828315,0.9763907587507711,0.9726690888740918,0.9671556860052568,0.9556719148967776,-0.049685165012695626,-0.043459952822793343,-0.06515948345476229,-0.14275444481604868,Protegida,0.9983592657483015,1.0,MT
Ce391,745906.4198771717,1.7410277100198106,2.3341101023188743e-06,0.9995020711364387,0.9994960869403441,0.9993539789136903,0.9991398153164828,0.9979316678268045,0.0012984856254031928,-0.00016294320778050979,-0.003318844720899351,-0.013579641435113032,Nova|Protegida|Protegida,1.0,0.8671752330947028,MT
Ce392,44995.35103226029,18768.029606909957,0.41711041643955293,0.9996204879588734,0.998264181185945,0.9925737379272577,0.9971747424719648,0.9970890311622642,-0.007284112730556474,-0.07994124025148304,0.06666711370333367,-0.0013656182054215074,Protegida,1.0,0.4517871204996312,MT
Ce393,56940.50294595504,46975.65967864494,0.8249955172196457,0.9954338603091228,0.9641999554647344,0.9476759522636955,0.681558107684426,0.3948761433696699,-0.16480618043216042,-0.24071642024061646,-4.006496878337677,-4.675131521298326,Protegida,1.0,1.0,BA
Ce394,1359591.8444065163,8.041309364904304,5.914502501605153e-06,0.9904751960228432,0.9842538448353471,0.9834802312431795,0.9784968384409966,0.9655385696504171,-0.01682777682862787,0.002787931465245538,-0.05885823391359139,-0.14236522857021816,Protegida,0.9991204128909976,1.0,TO
Ce395,32095.59642661016,230.0048880400249,0.007166244396359931,0.9431638362006215,0.8314274155735967,0.8348065145091692,0.8507799452578506,0.8984042836609102,-0.6750446264508478,0.0614220999170951,0.26437133583388267,0.6325471966641485,Protegida,0.8494619041404027,1.0,MT
Ce396,5847.739815219954,0.0355329000035046,6.076347636230817e-06,0.7726608150820874,0.7597167045631152,0.7555607391734225,0.7782676149572763,0.8027210174509881,-0.013129794720889055,-0.08008552325384301,0.4781870928939209,0.3491148232599883,Protegida,0.6696625682212768,1.0,MT
Ce397,213827.36391844973,161554.18497493007,0.7555355966346019,0.9586047040171826,0.9543327212389143,0.9370883601985287,0.9164279850077568,0.8011680885914383,-0.022836450232709218,-0.2582282219743897,-0.31537598873674516,-1.398167620785621,Protegida,1.0,0.9971540779041633,BA
Ce398,67245.30106256998,23124.822008655017,0.34388755263565524,0.9922917625374075,0.987758779598754,0.9863302624253723,0.9825597021181696,0.9693540305493275,-0.0007225206263192392,-0.006774930705325375,-0.054424065265805996,-0.155232399049168,Nova|Protegida|Protegida,0.8404152715433614,1.0,MT
Ce399,715629.9286473899,2543.0513900951087,0.0035535844551690607,0.9996103096162288,0.9982983808811021,0.9966058493928542,0.9967028600650437,0.9950500625786395,-0.0004957655704759974,-0.021425566508170846,0.006070817386714745,-0.019073528418739945,Protegida,1.0,1.0,TO
Ce400,377346.6197901502,2.969786510006481,7.870181828203568e-06,0.9992087126064618,0.9976009676751582,0.997299196281884,0.9959249145019151,0.9637991359277253,0.009692866107299965,0.0054360695865967356,-0.006990743237782799,-0.35497252129411805,Protegida,1.0,1.0,TO
Ce401,66074.33073924517,0.2886770250298471,4.368973878359482e-06,0.9954346406557851,0.9934607552032566,0.9928480382666025,0.9868303525974034,0.9733869545608659,0.05154293657870464,0.011167429743681139,-0.08594672831828053,-0.16379290491380277,Protegida,0.8725126521722493,0.5539121130930604,MT
Ce402,158971.0542571101,112.95761467498265,0.0007105546050684918,0.9976655325302877,0.9976502294290137,0.9967875948599692,0.9966980444398353,0.9955823769913075,0.006053698563359427,-0.009173116424844783,0.0021904238417398097,-0.013113440266756784,Protegida,1.0,1.0,TO
Ce403,339874.6243187401,204270.00357144006,0.601015753914809,0.9888616748963821,0.9843603283848802,0.9803692375037172,0.9775421056933271,0.9549820380446139,-0.022139049757535452,-0.0547732004872538,-0.03639694512626975,-0.2560127699960021,Protegida,1.0,1.0,TO
Ce404,349404.51363271,120109.23386608502,0.34375409927400785,0.9004216621081229,0.7125162186301394,0.6508987367816766,0.5819005373624321,0.5178792128303329,-1.3168107191121734,-1.276303585324312,-1.4906303473316038,-1.2161985051139845,Protegida,1.0,1.0,TO
Ce405,183057.05737242958,47.08466964999067,0.00025721308058720136,0.9990195444976565,0.9973363499931568,0.9940402235141123,0.9930139409175441,0.9691890114185322,0.020588508513298607,-0.01635756570002827,0.025537898742352842,-0.26336919838683137,Protegida,0.9759148166067153,1.0,TO
Ce406,10750.250951019963,0.6606705700060137,6.145629278945628e-05,0.9986975030095415,0.9918422281066624,0.9887137825929205,0.9935871565953281,0.9926779410839397,-0.039420751964519225,-0.0450596650443066,0.0710021596601099,-0.010258497432419971,Protegida,1.0,1.0,TO
Ce407,730140.5195550846,1222.6482370999047,0.0016745382626414604,0.9999389164198602,0.994834673857582,0.9876043382557981,0.9839980611874471,0.9605876848406159,-0.026926579703177286,-0.10365552758664989,-0.05127336061743838,-0.2644539511264224,Nova|Protegida|Protegida,1.0,1.0,MA
Ce408,15826.899365940091,0.5996044150083096,3.788514737755105e-05,0.9972181280138438,0.9965561359540483,0.9942040603746877,0.9917580044164269,0.9799607434356764,-0.0014471653728965945,-0.034749643534929105,-0.03419435883904428,-0.1318641158411417,Protegida,1.0,1.0,TO
Ce409,99259.8753905899,127.40655701003335,0.001283565554648196,0.9984632085286271,0.993115824492866,0.990571678151826,0.9882428829771459,0.9525708276953146,0.07666038494317175,0.05517010536042795,0.055958449691319495,-0.38920881340526675,Protegida,0.8749907796768579,1.0,TO
Ce410,1470203.991668128,722800.7024072484,0.49163293427542787,0.9520213046373662,0.7686680716178317,0.6945140900336846,0.6177530545546867,0.5203418179562992,-1.1356119226153831,-1.3763925931964183,-1.5710983236358538,-1.7579880624844835,Protegida,0.9963389500732666,1.0,TO
Ce411,165204.47276048048,18.20540590499922,0.00011019923129680688,0.9996990243155676,0.9986226918311834,0.9970263313575168,0.9969207777540798,0.9944310006405486,-0.0029091963502837033,-0.023104031791533673,0.001950726354328834,-0.028745925572185953,Protegida,1.0,1.0,TO
Ce412,523919.80965161417,13.61326195503862,2.5983483930662783e-05,0.9983527448325126,0.9980625088713397,0.9984830893345843,0.9988874029998149,0.9979583488194317,-0.0017001696835788568,0.006005489450381215,0.00576539620013821,-0.010319337202549208,Protegida,0.597445984763167,0.056425795022692245,PI
Ce413,203442.2526480002,51270.0333361152,0.2520127095958951,0.9958445972609538,0.9888164816009151,0.985172763412656,0.9333692321460935,0.7804761548660235,-0.0413951692255639,-0.052641837938249836,-0.7511884962203642,-1.8200856759254314,Protegida,1.0,1.0,PI
Ce414,305829.3950924405,20.819521509995866,6.807560634811747e-05,0.9999119764850616,0.9991991394680481,0.9992343883603002,0.9982334196831618,0.9948434322664717,-0.0022593976888934616,0.0008473434295933455,-0.013103679490747817,-0.03840330794619613,Protegida,1.0,1.0,TO
Ce415,29245.22786667993,63.79712588501797,0.002181454224800354,0.8187464197268001,0.5165601465806683,0.3413351763220572,0.25864777693944246,0.23837390127376443,-2.170891451098336,-4.846358667564433,-3.473938320406974,-0.872552045596886,Protegida,0.9999171261769253,1.0,TO
Ce416,159951.60842903992,15.375963404946694,9.612884519237582e-05,0.9936085923747278,0.9868430256325851,0.9819563417341697,0.9806041442668576,0.9735118404495955,-0.03893710961979331,-0.07042468235132215,-0.008508745520955216,-0.08281062949434906,Nova|Protegida|Protegida,1.0,1.0,MA
Ce417,578332.9872441596,56094.99989873998,0.0969942941799685,0.9996423906617925,0.9970044079592829,0.9929019389859989,0.9904428787226855,0.9524567709238753,-0.01473609519531519,-0.05864512026794008,-0.03527114158160221,-0.42617010997918603,Protegida,1.0,1.0,MA
Ce418,79410.2616220144,0.0,0.0,0.9999384160557432,0.9998566872773506,0.9997324166214424,0.9997548077444067,0.9982278217598148,-0.0003293305323605252,-0.0012638511314325537,0.00035194364846573886,-0.016970672017241957,Protegida,1.0,1.0,MA
Ce419,143074.81204715528,366.3230906950282,0.0025603604537624254,0.9948989199840917,0.9932175614762904,0.993362584378954,0.9884909623187499,0.9742614219781058,-0.009447986063542265,0.002734486512759712,-0.06736345965258707,-0.1585918565028753,Nova|Protegida|Protegida,0.9939191780445725,1.0,TO
Ce420,125575.19052476005,0.5349685500135504,4.260145238705164e-06,0.9997373155361352,0.9996523819955349,0.999695563763582,0.9995610482101704,0.9985754982430958,-0.00038314767764123595,0.0006272108927721628,-0.0019222359613491058,-0.010955364066363622,Nova|Protegida|Protegida,1.0,1.0,MA
Ce421,145065.802603805,0.0,0.0,0.9443198661901082,0.8532098102703308,0.8526584462940526,0.8320073812913269,0.7934851032715914,-0.5676596278555219,-0.009152987998203457,-0.3455758374071622,-0.5144814251983975,Nova|Protegida|Protegida,1.0,1.0,MA
Ce422,82657.32439534985,5.786250559994189,7.000287757100099e-05,0.9998751856356943,0.9973605885619284,0.9972078635970749,0.9957402544409428,0.9895768835257751,-0.014736786234161598,-0.0020646171765590993,-0.020809658566383376,-0.06883427184609535,Nova|Protegida|Protegida,1.0,1.0,MA
Ce423,2320.208065624952,0.0,0.0,1.0,0.9995398852855591,0.9982745449122988,0.9926381108086759,0.9801380124299415,-0.0027065571437723257,-0.018084612042677608,-0.08065966181848928,-0.1399200579480743,Protegida,1.0,1.0,MA
Ce424,135574.09038154533,22.39815412489201,0.0001652096950225299,0.998916851965616,0.9945360611121857,0.9933748207155261,0.9789777424299501,0.9775096822214789,-0.024678147205869916,-0.01559343363427081,-0.2059535279775807,-0.017711019890736472,Protegida,1.0,1.0,MA
Ce425,12922.215225270022,0.0,0.0,0.876792891445147,0.4791236250759724,0.3588449462776205,0.31220313334951205,0.22661133931107652,-2.6696453042892467,-3.592244176456129,-1.8510802331105087,-3.0438779422227573,Protegida,1.0,1.0,MA
Ce426,12749.965055764966,0.0,0.0,0.9988917474325708,0.9971746702015722,0.9935473226481405,0.9844892467196845,0.9718821555024745,0.007270543411280423,-0.047187916995967374,-0.1156936197942263,-0.1482611754126944,Protegida,0.9162310579198757,0.9999576593521912,MA
Ce427,13469.837389634831,0.0,0.0,0.9999140721649646,0.994183151240884,0.985048020679735,0.9648612689786603,0.9435154610391188,-0.033907497307523606,-0.13135899137863521,-0.29275945998346675,-0.24617233402662494,Protegida,1.0,1.0,MA
Ce428,9124.973284030077,0.0,0.0,0.9113530458726921,0.5331322511186045,0.45030732220739006,0.3204439752480641,0.1613354689503497,-2.4413370817475495,-2.219126209603977,-4.1196340088817545,-5.517274000145843,Protegida,1.0,0.0,TO
CeZc246,36313.45211488002,0.0,0.0,0.76906316332075,0.7568466513468025,0.7297820334752977,0.6996884304593963,0.6080257285345424,0.097208767337324,-0.5215139619901832,-0.34632894584401475,-1.5054190432941352,Nova,0.9996011525193942,0.2875573357842843,PI
CeZc247,4018.282400020051,0.0,0.0,0.9989220963361085,1.0,0.9975573052364797,0.9983192739686266,0.9941074780946857,0.01732329302138409,-0.03202083321819371,0.011232320842990973,-0.04464503877431827,Nova,1.0,1.0,MA
CeZc248,27352.299957174862,0.0,0.0,0.9548698260078093,0.9508042707688946,0.9499999396448723,0.9485606394409867,0.9404878215392808,0.29288017721960624,0.009977728482917543,0.012597098110215095,-0.2927105758146352,Nova,0.8675132556245573,0.9875340034097927,MA
CeZc249,7681.860697025209,0.0,0.0,0.8745443652259139,0.8912935808724484,0.8903762526401086,0.8809710501926693,0.885097079386952,0.2769893205352056,0.09922569619520427,-0.18106450743324526,-0.3701574604881729,Nova,0.9386155952112963,0.9699897849348793,MA
CeZc250,9427.683333219955,744.1120646749721,0.07892841097589413,0.8498548999816011,0.832030841601596,0.8328944557324504,0.8286190900817894,0.8283352548581148,0.028028255018444474,0.04432960969221903,0.0024735190069481916,-0.13378074003190799,Nova|Nova|Protegida,0.1844637474566704,0.5519446779905638,MA
CeZc251,7014.959054890007,4168.049628399995,0.5941659239613836,0.9630151180104102,0.9602332352356905,0.962152788759387,0.9500084937021038,0.9496857160884581,0.08752051773380068,0.0015301662774414027,-0.09572775191059194,-0.02707711608554739,Nova|Nova|Protegida,1.0,1.0,MA
CeZc315,136390.2374831096,2.107119159989819,1.5449193423765114e-05,0.3194514682809446,0.3146663628789164,0.30984582672830485,0.30602675049992856,0.31271575233596216,-0.1626787791576447,-0.13341884932559026,-0.07958633337837862,0.10851309885381916,Nova|Protegida|Protegida,0.999991348439619,0.9999950117976362,MA
CeZc429,15431.149091109824,15431.149091109824,1.0,0.978724893479907,0.9774108652536296,0.9750675808373277,0.9717757910602375,0.9685422653930903,0.17538876082069582,0.005610811875406923,0.476833721123079,-0.12279872726994354,Protegida,1.0,1.0,MA
CeZc430,107732.69002060023,43265.64447932497,0.4016018208684094,0.8842570283964842,0.8658869346409644,0.8590527607953943,0.8312673378990812,0.8340943175130083,0.0013965706574264555,-0.14686759933882274,-0.27249790461855794,-0.060733824628078636,Nova|Protegida|Protegida,0.9114312012738464,0.9987126027521712,MA
CeZc431,26955.009966235022,0.0,0.0,0.9524016835571082,0.9533097271955574,0.9576029679047667,0.9401332662149535,0.9605605347141226,0.48501748062626493,0.09337904564805655,-0.21271559485677954,0.047443798506620186,Protegida,0.7601901983853511,0.9715571742852152,MA
CeZc432,4379.128505704844,4379.128505704844,1.0,0.9945940634819008,0.9921173461883368,0.9911132244680179,0.9915042425707883,0.9847692510588009,0.2282431725143543,-0.04463655794917682,1.2305719997863815,-0.47130103333756657,Protegida,1.0,1.0,MA
Pa001,81822.33254304997,0.0,0.0,0.8534642289528509,0.730078963135474,0.7425648653976565,0.7246213200698035,0.6527804538537995,-0.6553298027696611,0.32423728380741906,-0.4486110002671644,-1.1010730431999405,Nova,0.9173400673852742,0.9966550621383158,MS
Pa002,76029.38992869518,54463.41274466006,0.7163468337144234,0.9827562547157119,0.9046789184083954,0.9021714686585858,0.8869066687308635,0.7571259002058203,-0.3888409816385999,-0.004519370533662137,-0.2939928558224162,-1.5934423485722407,Nova,0.9458253180591114,0.9994280307237323,MS
Pa003,37593.56433993498,30637.94061563006,0.8149783388079517,0.9645540973034926,0.7909247062326512,0.7131664003025467,0.6536115688646947,0.5344273468399969,-1.168821715385096,-1.0418955304997177,-1.7709049983001188,-1.7317299382598554,Nova,1.0,1.0,MS
Pa004,136235.40882397996,64198.41852371489,0.47123151813388753,0.9505273299059245,0.8185046830840345,0.7753664617552151,0.7695696976235195,0.7519117634685616,-0.8054480286138551,-0.7443431066176525,-0.2312796766596697,-0.16323204522110543,Nova,1.0,0.9999999994604559,MS
Pa005,331264.1884500352,128175.4874794851,0.3869282945410138,0.9972254967902722,0.9935815327813221,0.9920989020109059,0.9917456147014427,0.9857050682455729,13.054948343806306,0.677827269576852,0.001409244822747624,0.1346401680478208,Nova,0.9332148183093693,1.0,MS
Pa006,264355.2148968702,229706.35217088013,0.8689306630871374,0.9959640813997072,0.9692235199561997,0.9578722000866746,0.9522713555286496,0.9391407357441831,0.26488817762408445,0.22663688856392789,-1.4002568351895885,1.3906108910023762,Nova,1.0,1.0,MS
Pa007,264252.8988461601,246391.909682125,0.9324094863593787,0.9999153661057832,0.9992242092468256,0.9985695084572044,0.998387428704606,0.9916880694703093,0.5426257245356098,0.15640670742188081,-0.9232693324898669,0.7319277207543168,Nova,1.0,1.0,MS
Pa008,55467.067116280086,28444.59420531,0.5128195104615736,0.9990817448540706,0.9972683341908126,0.9958577870177941,0.9947916851893696,0.9913020486134333,2.444535112369464,3.367870885768008,-4.724516437570652,5.301449772793506,Nova,1.0,1.0,MS
Pa009,69661.18356423004,44202.788234094995,0.634539724599116,0.9999855425547043,0.9982167740943388,0.99733042265017,0.9975340354312938,0.9892432347933202,9.689128500035675,1.3775223911821557,-1.5664825888906768,1.3707756087415899,Nova,0.9938605358677882,1.0,MS
Pa010,518019.7167212503,280999.6901581453,0.5424497969627535,0.9701165020277496,0.8676490085690365,0.8199554274177243,0.7813623680876423,0.7079932569079198,-0.7347368601381639,0.08201820269708408,-1.4231275583424772,-0.39905634298717335,Nova,1.0,1.0,MS
Pa011,202157.58641128486,193807.48177639488,0.9586950715868664,0.9356495617323631,0.7595843064431909,0.7499517402774989,0.7399637230059247,0.7395588039824419,-0.32871129591993414,0.8194140996759827,-0.6790484588907963,0.5826971091187226,Nova,0.9704533949659155,0.9973258904120271,MS
Pa012,710690.1860252847,514626.38040397986,0.7241219739956711,0.993988704717503,0.9678103003586316,0.9566931328646848,0.9495163858176089,0.9282306690503938,1.325857727960142,0.8954083914739412,-1.377636389261164,0.6564516671252857,Nova,1.0,1.0,MS
Pa013,232593.25256012988,118811.21545734,0.5108111011372739,0.9992138036848409,0.9972605820399219,0.9946070657660565,0.9894092189881025,0.9784395350850382,4.98993887883568,4.34969102692267,-0.3502869753633072,0.5718546546385249,Nova,0.9941506482888697,1.0,MS
Pa014,121629.89738668999,62913.497366375006,0.5172535595122492,0.99798527714949,0.9947832493712061,0.9944539509665888,0.9911706288935396,0.9825339413099039,2.34338197721075,5.466345332133488,-3.913316349708957,3.9079613896636896,Nova,1.0,1.0,MS
Pa015,11278.945208834955,0.0,0.0,0.9582175784910107,0.8526498952917555,0.8083855135790371,0.7995479623048656,0.7217428219031576,-0.14360996845613108,-0.14402207086047067,-0.42565723780270603,-1.0987812979087401,Nova,1.0,1.0,MS
Pa016,505621.81000262476,287149.48686942476,0.5679135693690391,0.9937396567756878,0.9745154920631431,0.9753869643847645,0.9765997556815952,0.9805497982723196,2.7079673828382473,1.7812501370946952,-0.5663081148214312,0.8958133655836543,Nova,0.8708283793312108,0.9692573874743735,MS
Pa017,280554.1416911501,11640.356612325038,0.041490589096843215,0.9990816965845327,0.9960875049228897,0.9916598520279732,0.9855998004171183,0.9677691798493996,-0.009896988109229166,1.8017579577920433,-1.9823135717337896,1.20557246784191,Nova,1.0,1.0,MS
Pa018,40363.29613248505,9120.069040424998,0.22594956096970029,0.9993020485098263,0.9892759296070538,0.9677611157859597,0.9671645916496693,0.9673630932491691,0.6607197849641523,0.1932384759778749,-0.2654352570064427,1.2286448955343043,Nova,0.8818976363658153,0.9813531044495918,MS
Pa019,72290.25156447003,0.0,0.0,0.9980888804007575,0.995550868382781,0.9935447349425516,0.9809404800701086,0.9716862167665643,0.5856775490231891,-0.08705358732754417,-1.7885606414727233,4.0721913867479795,Nova,1.0,1.0,MS
Pa020,31056.378137105057,28432.10835469507,0.9154998122825339,0.9989532527945278,0.9985891598133229,0.9985002572938063,0.9985206316128397,0.9989872751556367,0.06354792112107328,0.053273944845314405,0.003995791153900617,0.11130421275273614,Nova,0.8496674405993625,1.0,MS
Pa021,141675.1540815101,9517.969845845008,0.06718164456958364,0.9999810750105738,0.9999861944468851,0.9999865292842351,0.999984827472617,0.9999853545166084,1.413387379553307,0.35510041465563863,-0.2672748398281815,0.3998593315677374,Nova,0.9962098223396243,1.0,MT
Pa022,6401.307326035066,6338.439621630061,0.9901789273342162,0.999093404043101,0.9903036254321718,0.6790136162103436,0.6479642167594892,0.5510545656279972,-0.19295586086130043,-4.107980705275324,-0.4202210449856755,-1.6750282878041787,Nova,1.0,1.0,MS
Pa023,675428.1419347458,29632.293610134984,0.04387186699869223,0.9987828154489027,0.9864592956459359,0.9695182404929287,0.9530339840425763,0.9001608167680873,1.5476131678200271,0.13263106332702826,-0.46771295553584513,-0.49921488183465806,Nova,1.0,1.0,MS
Pa024,216739.52647547028,150919.26934805023,0.6963163194191563,0.9919584115896465,0.8561712393688611,0.7934752831436249,0.7761609742705174,0.7183075376506797,-0.7006807300195212,-0.7401808242411974,-0.340695418851557,-0.7265348209372352,Nova,1.0,1.0,MT
Pa025,424214.3472870747,154869.64170561451,0.3650740308432119,0.9995332013374274,0.9992119983866156,0.9990695960742654,0.9991981637253123,0.9990185912883268,4.51181656830606,1.8173395535411814,0.3871377110210255,0.7826303326918952,Nova,0.9989392512442073,0.9978139788329546,MT
Pa026,277102.0105953955,44409.51597509492,0.16026414200198102,0.9992575851774581,0.9925306091759283,0.9920795606116347,0.9920472365903404,0.9926418442371563,0.5713696883698147,0.06408549979645287,-0.012721816561012123,0.06330535664592012,Nova,1.0,1.0,MT
Pa027,155449.51496992502,148277.53632640006,0.9538629718792463,0.9997574159375957,0.9988317227393249,0.9977358258905055,0.9972775822530074,0.9960029986392112,4.8156507037793315,1.331010718784149,-0.7954443575644914,-0.8497199230723673,Nova,1.0,1.0,MT
Pa028,28152.836454130018,27436.931547140022,0.9745707716465289,1.0,1.0,1.0,1.0,1.0,0.44836660403324696,1.1545412351235582,0.43154323139079154,-0.26953021218618395,Nova,1.0,1.0,MT
Pa029,39779.011199069995,18290.76670141498,0.45980948621072326,1.0,0.9999232366205961,0.9999263599027176,0.9999327535330944,0.9999700126010994,2.096421191591357,0.6059435413920574,-0.260017099553029,0.38870575534329316,Nova,1.0,1.0,MT
Pa030,350685.6672087001,224806.43844806487,0.6410482647820278,0.9885954790154255,0.9801440711147942,0.9776681929139951,0.9769275122001579,0.9692451933144257,0.01703710733466417,0.05701454754366088,-0.109371658706503,-0.08678409863714068,Nova,1.0,1.0,MT
Pa031,28598.592605635,28554.634596984997,0.9984629310520218,0.9933559560112917,0.9762961279163315,0.9752532592228657,0.9750155387957526,0.9717391513832698,-0.0889578104660635,0.0582089916122186,0.02290815112378259,-0.2188818451391023,Nova,1.0,1.0,MT
Pa032,156753.84620479506,113300.27985765005,0.7227910676566495,0.9998932865791573,0.9994191753046812,0.9960400128015148,0.9911293202162239,0.9901784955960823,3.7011809357011893,0.630291086996247,-1.288618571803833,0.9217381605734055,Nova,1.0,1.0,MT
Pa033,84361.53351174002,60498.84844139505,0.7171378461603692,0.9762305914192204,0.8613296059701034,0.8516101893328876,0.8512808959827531,0.8343319868334544,-0.7789806053535977,0.17888178144268416,0.07716581332848994,-0.3132425715219483,Nova,1.0,1.0,MT
Pa034,69148.62354833983,58095.38825325996,0.8401524899862559,0.9960153925851859,0.9109815004822327,0.8943604240545101,0.8929312049759798,0.8491347025634188,-0.3129038520728126,-0.0996964604820619,-0.5283487694888337,-0.12586218682016187,Nova,1.0,0.9832603457650056,MT
Pa035,206209.36843006982,79891.15190791994,0.3874273633450985,0.9728989621962366,0.7606794552350803,0.69850211958437,0.6741642061945923,0.6504363312031239,-1.280553323972213,-1.1685359594426579,-0.4998121028777962,-0.3902383627727632,Nova,1.0,1.0,MT
Pa036,163270.24700108514,138301.35544636007,0.8470701673247354,0.9945054439685383,0.9262955648204794,0.914744881083265,0.8997426236581114,0.8729982437761932,-0.40752749121655796,0.32846509687174397,-0.3113060357957537,0.16860452360803407,Nova,1.0,1.0,MT
Pa037,244438.61389913477,225990.29235142493,0.9245277934879701,0.9751866342414146,0.887867129911825,0.8561779974022626,0.8450308425378276,0.7951332473254248,-0.34017323014242523,-1.511807946419162,0.2258915104078924,0.4048631164897016,Nova,1.0,1.0,MT
Pa038,113516.94734835005,27747.321119235006,0.24443329183339169,0.9684815029603671,0.7712214595458721,0.7272152715101846,0.7061311987725152,0.6743776262019174,-1.169542612657181,-0.7012376243247401,-0.719424803340986,-0.326871490517776,Nova,0.9999926943288703,0.9824493201856356,MT
Pa039,72005.43874746014,43285.71349148505,0.6011450557686084,0.9845782024338409,0.8805141384167469,0.8439030514656898,0.8325207731830723,0.8196166745329411,-0.6732356174051553,-0.34610984329904565,-0.31915045759381816,-0.18907105963072252,Nova,1.0,0.999999998985771,MT
Pa040,63527.12757423984,63391.082907794844,0.997858479178269,0.9926368630961973,0.9004807962383218,0.8783484410096963,0.8569313001611492,0.8590792077219863,-0.4981026591393728,-0.3889930216510248,-0.4470182322870505,0.11515611351846397,Nova,1.0,1.0,MT
Pa041,42887.111131425,8415.85570253498,0.19623274873294894,0.8036603078331174,0.5593794058146729,0.5301754847278326,0.5199771765636733,0.5081329344506373,-1.8171367735448154,-0.6861749135593216,-0.2835823015801843,-0.23777405327978107,Nova,0.48704720448889227,0.9565146532717048,MT
Pa042,80787.30002767521,785.0894620399895,0.009717981189754359,0.9226905899687078,0.43857156757698995,0.3587600265450064,0.3433959795278781,0.3256371839311784,-3.1136196444298476,-2.5536162720053435,-0.6207940712088316,-0.4406670885034202,Nova,0.9998596942898687,0.587979354529087,MT
Pa043,66124.78860305974,10075.486304905047,0.15237079040641094,0.9141286676529087,0.5164252370820327,0.4672066707236817,0.4587855161607546,0.44731232121176734,-2.5619770329036315,-1.2242887846905384,-0.3290688449628955,-0.1582883801393795,Nova,0.7795188766131579,0.33578501397057964,MT
Pa044,57721.48925650002,49038.53919873495,0.8495716210789332,0.9429078796926055,0.7705757785408377,0.7606386225794242,0.7558450960515061,0.6880450611589968,-1.4807004377072601,1.4052895204968678,-0.03885587401320897,-0.9227355673013422,Nova,0.731543052319201,1.0,MT
Pa045,77908.17861983995,32263.338089379977,0.41412004055199225,0.9993325659215659,0.998419043707873,0.9986659370772547,0.9980227641028918,0.9986564968528971,3.6764348362008903,1.3112514360030803,-3.9762743875579036,4.492015495592031,Protegida,1.0,1.0,MS
Pa046,66499.99374264025,59457.64762391025,0.8941000484002392,0.9970913253520673,0.9887869494841593,0.9880769239007767,0.9841863915421681,0.9836359046876321,2.715764114837453,0.6005202221738377,-1.0791643402276467,0.9592473555090124,Nova,1.0,1.0,MS
Pa047,135614.76819773007,0.018931079993181398,1.3959453122081338e-07,1.0,0.9999876037516463,0.9999905296211767,0.9999891177413845,0.999989091928618,4.257322507652659,2.8553456545128864,-0.7232649191383144,-0.02629352422329139,Protegida,1.0,1.0,MT
Pa048,102860.96737434017,305.81130222499314,0.0029730548917750238,1.0,0.9969769793109182,0.9976400839789332,0.997153307554737,0.998569060185404,4.114045820623052,4.620034356832736,-2.507730948869293,4.716883121632241,Protegida,0.8950199765455036,0.9996562931289732,MT
Pa049,110559.28453879473,413.2873513600863,0.0037381514640235005,0.9748900575119305,0.993795396879992,0.9958797815260816,0.9964752930225532,0.9947828643472145,0.3209787352619068,0.1317085304746898,0.018148196507069718,-0.05450353653546501,Protegida,1.0,1.0,MT
Pa050,14253.02487280001,410.3395283350215,0.028789645145298214,0.9999351795129984,0.9999439763663245,0.9999479245016824,1.0,0.9999106249240006,0.9237092825325353,1.083140738456691,0.17302627260534617,0.08219673731749576,Protegida,1.0,1.0,MT
